time,value,Anomaly Score,Anomaly
2004-12-24 06:00:00,31.746255293006293,31.166960893545916,True
2004-12-24 03:00:00,31.77047195913167,29.341517013429854,True
2004-12-24 00:00:00,32.027824447710465,28.02821217801386,True
2004-12-19 00:00:00,31.73037184779452,27.60784240899425,True
2004-12-19 03:00:00,31.75243307064597,27.387340871574263,True
2004-12-23 21:00:00,28.48153716869952,27.265746194949436,True
2004-12-23 18:00:00,24.935249889688567,27.169664029403368,True
2004-12-19 06:00:00,31.74222315148636,26.303664446408458,True
2004-12-19 12:00:00,31.72446084904898,26.250970394276784,True
2004-12-19 09:00:00,32.11619417362639,26.186691476624553,True
2004-12-18 21:00:00,20.0,26.132609212803562,True
2004-12-19 15:00:00,31.73089823120265,25.741954284112666,True
2004-12-23 15:00:00,23.29016659312571,25.145491487955823,True
2004-12-24 09:00:00,31.717037953592,24.822545820296135,True
2004-12-24 12:00:00,32.05797195270554,24.324703569519777,True
2004-12-19 18:00:00,31.71583307146405,23.43587287194958,True
2004-12-23 12:00:00,21.645083296562856,21.013020188357086,True
2004-12-19 21:00:00,31.92260797105684,19.32131683109332,True
2004-12-18 18:00:00,21.521562465990428,17.894873578957014,True
2004-12-24 15:00:00,31.839998500787505,15.696323159384733,True
2004-12-23 09:00:00,20.0,14.136283546444599,True
2004-12-18 15:00:00,23.043124931980856,12.443118292048188,True
2004-12-20 00:00:00,31.90736084496085,11.139273253686742,True
2004-12-24 18:00:00,31.73378307106284,9.166727044929095,True
2004-12-18 12:00:00,24.564687397971284,8.90659800526806,True
2018-01-25 03:00:00,27.300416344703383,7.052388559465034,True
2018-01-25 09:00:00,29.70912405572212,6.686888626590561,True
2018-01-25 06:00:00,28.504770200212757,6.651832682271058,True
2017-12-29 12:00:00,33.23640121929489,6.3744675651656895,True
2017-12-29 21:00:00,31.96909504026072,6.268272725824767,True
2018-01-25 00:00:00,26.09606248919401,6.215512344402186,True
2017-12-29 03:00:00,28.80655448329285,6.18908485179716,True
2017-12-29 15:00:00,31.64677283862259,6.161343655273617,True
2004-12-18 09:00:00,26.08624986396171,6.129105187602621,True
2017-12-29 06:00:00,30.283170061960192,6.074964496265467,True
2017-12-29 00:00:00,27.329938904625497,5.799842916554497,True
2017-12-29 09:00:00,31.75978564062754,5.7377407185172284,True
2018-01-25 15:00:00,32.11783176674086,5.248320470942465,True
2018-01-25 18:00:00,31.605389394794344,5.234979933496332,True
2017-12-29 18:00:00,31.88815231125365,4.908431544104659,True
2018-01-25 21:00:00,31.633947796650343,4.606333250234159,True
2004-12-24 21:00:00,31.759827514925146,4.378196691528658,True
2017-12-19 18:00:00,31.959071882994515,4.2999797011067695,True
2018-01-26 00:00:00,31.662506198506343,4.299918445303595,True
2017-12-19 21:00:00,31.94318783879001,4.26793014788829,True
2018-01-25 12:00:00,30.91347791123149,4.267807641863243,True
2018-01-26 03:00:00,31.691064600362346,4.239595495239229,True
2017-12-19 15:00:00,31.974955927199016,4.1979032751475405,True
2018-01-24 21:00:00,28.1357074109609,4.135128737818766,True
2017-12-30 00:00:00,32.0500377692678,4.1009964009332,True
2017-12-28 21:00:00,25.853323325958147,4.094471979743785,True
2017-12-19 12:00:00,32.07818544431723,4.035677376945593,True
2015-01-10 09:00:00,30.27043884142488,3.877976934881006,True
2017-12-19 09:00:00,32.53643233905862,3.826549784049026,True
2017-12-16 03:00:00,28.77123418967495,3.8033840638794985,True
2017-12-16 06:00:00,28.925162858915392,3.789804131006895,True
2017-12-16 00:00:00,28.617305520434503,3.7727798001248076,True
2015-01-10 06:00:00,29.13229750456176,3.6803214193896094,True
2015-01-10 12:00:00,31.408580178287988,3.60890601230615,True
2004-12-18 06:00:00,27.60781232995214,3.581560976577363,True
2015-01-11 03:00:00,32.16533074873565,3.5757140815545347,True
2015-01-10 18:00:00,33.68486285201421,3.5174082209871953,True
2015-01-10 21:00:00,32.49896083173756,3.508113495118006,True
2018-01-12 00:00:00,32.48175204058489,3.4953927797988045,True
2015-01-11 00:00:00,31.43218982383572,3.443486447210873,True
2017-12-20 00:00:00,31.92730379458551,3.403016405117963,True
2017-12-19 06:00:00,32.994679233800014,3.322817383562252,True
2017-12-16 09:00:00,29.07909152815584,3.2904730865753415,True
2018-01-12 03:00:00,32.38185837892065,3.2547834745011577,True
2018-01-11 21:00:00,32.581645702249126,3.234472869323691,True
2018-01-24 18:00:00,30.175352332727797,3.1654076609349975,True
2017-12-15 21:00:00,28.46337685119406,3.118358739329172,True
2013-12-13 06:00:00,32.56351083029475,3.056654967041198,True
2004-12-23 06:00:00,26.11999986320734,3.0014220028986953,True
2015-01-10 15:00:00,32.5467215151511,2.9970001896499774,True
2013-12-13 09:00:00,32.755130635429346,2.9905444377336567,True
2018-01-24 15:00:00,32.21499725449468,2.983272092279505,True
2017-12-16 12:00:00,29.23302019739628,2.9626653687334232,True
2013-12-12 21:00:00,33.03631081972685,2.957386294743064,True
2017-12-16 15:00:00,29.38694886663673,2.9537289134918643,True
2013-12-12 12:00:00,32.28372761409972,2.9437823541633104,True
2018-01-24 12:00:00,32.68796749971233,2.942128288043242,True
2013-12-13 03:00:00,32.48991343964953,2.9412239880505435,True
2017-12-20 03:00:00,31.911419750381008,2.9246803788490086,True
2013-12-13 00:00:00,32.50416083162133,2.9190173629116263,True
2013-12-12 18:00:00,32.6088560244764,2.9171407993268277,True
2013-12-12 15:00:00,32.506727498230624,2.885928163472545,True
2018-01-11 18:00:00,32.681539363913366,2.858152167922571,True
2013-12-12 09:00:00,27.01823855280756,2.8267263635400384,True
2018-01-24 09:00:00,26.733011897698223,2.8016494348137235,True
2018-01-12 06:00:00,32.28196471725641,2.765445300176085,True
2014-12-06 12:00:00,32.90294415604117,2.652556752593313,True
2014-12-06 15:00:00,32.31881354717865,2.64022239408609,True
2014-12-05 21:00:00,30.049414555891087,2.619511255539132,True
2017-12-19 03:00:00,26.58053994615356,2.602555073788629,True
2015-01-10 03:00:00,27.99415616769865,2.598223340342038,True
2014-12-06 03:00:00,32.35966639040658,2.5141254442326226,True
2014-12-06 00:00:00,32.54492403094522,2.507351211402556,True
2014-12-06 06:00:00,32.38676432794523,2.4956679147769454,True
2014-12-06 09:00:00,32.42672194446334,2.492798446223767,True
2018-01-26 06:00:00,31.71962300221835,2.4750871688036242,True
2017-12-15 18:00:00,28.309448181953613,2.4687985174600806,True
2015-01-15 00:00:00,32.559880415323114,2.457013260698622,True
2015-01-15 03:00:00,32.675768860207015,2.451505237698318,True
2017-12-20 06:00:00,31.895535706176503,2.4473856636567333,True
2014-12-06 18:00:00,32.33527750206284,2.413986508055975,True
2018-01-11 15:00:00,32.781433025577606,2.4086085483389885,True
2015-01-14 21:00:00,32.43874416641685,2.3734698909851866,True
2015-01-14 18:00:00,33.04179607769698,2.354257867268191,True
2015-01-14 15:00:00,33.417583944697945,2.276531437743999,True
2014-12-05 18:00:00,27.553905080836955,2.1924367649401666,True
2001-12-05 09:00:00,29.253949193554263,2.1398623244330666,True
2015-01-14 12:00:00,32.540755275247825,2.1176771149892866,True
2015-01-14 09:00:00,32.905507302298496,2.087359543925029,True
2015-01-14 06:00:00,30.556576140066827,2.0196129647076324,True
2004-12-18 03:00:00,29.129374795942567,2.012082679026404,True
2018-01-12 09:00:00,32.18207105559217,2.010379996650108,True
2018-01-11 12:00:00,28.18204981711693,1.8965447198401553,True
2013-12-10 18:00:00,28.43093713367137,1.8420294961949488,True
2015-01-14 03:00:00,28.20764497783516,1.8290810510489766,True
2013-12-11 18:00:00,32.982449709819626,1.736032244314059,True
2017-12-30 03:00:00,32.130980498274866,1.7333555704976942,True
2013-12-11 15:00:00,32.64779971729963,1.7209785009717387,True
2013-12-11 03:00:00,33.045210819527924,1.6952983252868539,True
2013-12-10 21:00:00,31.740371105103623,1.6935637001925414,True
2013-12-11 12:00:00,32.548414734536074,1.6729436213264166,True
2013-12-11 09:00:00,32.464449721397834,1.6726238726000062,True
2013-12-11 06:00:00,32.50395621295641,1.665398000701026,True
2013-12-11 00:00:00,32.63250760052433,1.6610684687087207,True
2018-01-11 09:00:00,28.693274095813635,1.629078308493956,True
2013-12-13 12:00:00,32.82546637999515,1.5281764984651438,True
2001-12-05 03:00:00,31.649071961845173,1.5218837619187804,True
2001-12-04 09:00:00,31.72431310925845,1.510681572862285,True
2001-12-04 21:00:00,31.73749973764643,1.495922919197508,True
2001-12-04 18:00:00,31.91560784177351,1.4920952077400678,True
2001-12-05 00:00:00,31.670933072467648,1.4916834257464817,True
2001-12-05 06:00:00,31.62841085119587,1.4891848023621903,True
2001-12-04 15:00:00,31.658260850528677,1.4871085448489307,True
2001-12-04 12:00:00,31.681072719567517,1.4799114461952465,True
2018-01-12 12:00:00,32.08217739392793,1.4761932576925436,True
2001-12-04 06:00:00,27.67134115089748,1.4534799416568416,True
2014-12-01 18:00:00,29.40189069894227,1.4504149505101895,True
2014-12-01 21:00:00,32.953788599349146,1.4215626669593244,True
2014-12-02 15:00:00,32.41639887501423,1.4119306916886463,True
2015-01-11 06:00:00,32.898471673635584,1.409528924796638,True
2014-12-02 12:00:00,32.81883860236551,1.4016137209465083,True
2014-12-02 00:00:00,32.462396614099085,1.3900888310665231,True
2017-12-15 15:00:00,28.15551951271317,1.3808497593673126,True
2014-12-02 03:00:00,32.4259719444801,1.3683206240430226,True
2014-12-02 09:00:00,32.582263654734355,1.3612695391251857,True
2014-12-02 06:00:00,32.46171083257016,1.3597455340534803,True
2014-12-06 21:00:00,32.42058079582471,1.23223792116284,True
2018-01-11 06:00:00,29.20449837451034,1.1905434818615503,True
2015-01-18 21:00:00,32.59728027820722,1.135185794312077,True
2018-01-12 15:00:00,31.982283732263685,1.1268850336300162,True
2015-01-18 18:00:00,30.416030977374643,1.0901556532221515,True
2004-12-17 06:00:00,33.60642826730119,1.0524086425365946,True
2004-12-18 00:00:00,30.650937261932995,1.0494987763858545,True
2017-12-28 18:00:00,32.31795111356123,1.0490051039606674,True
2015-01-19 00:00:00,32.620977495676925,1.0448837982424974,True
2015-01-19 06:00:00,32.76208982516604,1.0344601569317933,True
2018-01-06 03:00:00,30.985250406422644,1.0288300897534026,True
2015-01-19 03:00:00,32.67828660412683,1.0183165606758544,True
2017-12-19 00:00:00,28.22374712273223,1.0171504933705624,True
2018-01-26 09:00:00,31.748181404074348,1.0086040997120913,True
2018-01-06 06:00:00,31.094517726564195,1.0011591797220682,True
2004-12-17 09:00:00,33.31964255942564,0.9994974534627549,True
2017-12-28 15:00:00,29.28577092344989,0.9891171328611648,True
2018-01-06 00:00:00,30.87598308628109,0.9885368721600292,True
2004-12-17 03:00:00,33.89321397517675,0.9537651623045393,True
2015-01-12 06:00:00,31.158244907288932,0.9281068941322428,True
2004-12-25 00:00:00,31.76915949669854,0.9065740647177053,True
2016-12-31 21:00:00,32.44832826581947,0.8941422583923948,True
2004-12-17 12:00:00,33.032856851550086,0.8607821602947363,True
2016-12-31 00:00:00,32.31915305797881,0.8565805936805637,True
2016-12-31 18:00:00,31.95590837701493,0.8546923983223602,True
2015-01-11 09:00:00,33.63161259853551,0.8521532445373883,True
2016-12-31 03:00:00,31.92160052718225,0.8499221729735554,True
2015-01-22 18:00:00,33.23400764913949,0.8487731583190795,True
2015-01-22 15:00:00,33.36559246924524,0.8435897821828767,True
2016-12-31 12:00:00,31.8711230792164,0.8414842962107775,True
2016-12-31 15:00:00,31.904685945422244,0.8392308444013732,True
2016-12-31 09:00:00,32.20529417163485,0.8385143286534316,True
2015-01-23 03:00:00,32.597173286717755,0.8368326883087306,True
2015-01-12 09:00:00,32.037893890476255,0.8318833908724947,True
2016-12-31 06:00:00,32.17980520221269,0.8315745879671634,True
2016-12-28 12:00:00,32.876463589406164,0.8260551778221898,True
2015-01-23 06:00:00,32.75906856110275,0.8174349852039692,True
2018-01-19 15:00:00,32.189233176222984,0.814775202997102,True
2016-12-30 21:00:00,29.109846077370804,0.8145752525678311,True
2015-01-22 12:00:00,33.49717728935099,0.8115386414221449,True
2015-01-22 21:00:00,33.10242282903375,0.808961280009691,True
2018-01-11 03:00:00,29.715722653207045,0.8061933388753785,True
2004-12-17 15:00:00,32.746071143674534,0.8037209110883354,True
2015-01-23 00:00:00,32.435278012332766,0.8006363537781167,True
2015-01-15 06:00:00,32.79165730509091,0.7997694899878323,True
2007-11-30 06:00:00,32.87186149680325,0.7985169950186499,True
2017-12-22 12:00:00,32.731422758975505,0.7980050220981235,True
2018-01-05 21:00:00,30.766715766139537,0.7970352204119207,True
2015-01-13 03:00:00,31.168481953754807,0.7935143036937985,True
2018-01-06 09:00:00,31.20378504670575,0.7914327361063581,True
2015-01-18 12:00:00,32.60457194048808,0.7892451361811514,True
2015-01-18 09:00:00,32.98084137652225,0.7836279260995795,True
2015-01-12 03:00:00,30.278595924101616,0.7828861656358777,True
2017-12-22 15:00:00,31.68076547965528,0.7811154738487252,True
2007-11-30 03:00:00,33.00207748715869,0.7746668021553544,True
2015-01-18 15:00:00,32.793962425897064,0.7725841674574052,True
2018-01-19 09:00:00,32.80926665246609,0.7719918825290939,True
2017-12-22 18:00:00,31.522769864721408,0.7695810508127592,True
2010-04-02 15:00:00,34.054627070833426,0.7689682640279425,True
2015-01-22 09:00:00,32.81734516805546,0.7656501058274483,True
2010-04-02 12:00:00,32.98643859861936,0.7649134250914043,True
2017-12-16 18:00:00,29.54087753587717,0.7593950514249693,True
2015-01-22 06:00:00,30.209704689828097,0.7566584430120159,True
2018-01-19 12:00:00,32.18203720488813,0.7460940150685292,True
2010-04-02 18:00:00,34.03754968623631,0.7438108754977153,True
2018-01-23 06:00:00,30.66614865445212,0.7399082584863701,True
2018-01-23 09:00:00,30.650274208377382,0.7376313369071179,True
2015-01-18 06:00:00,30.03739594003027,0.7367358214262831,True
2015-01-19 09:00:00,32.84589304620524,0.7317511829123597,True
2007-11-30 09:00:00,32.996360820619806,0.7240660461161823,True
2018-01-23 03:00:00,30.68202310052686,0.7170666000991966,True
2015-01-12 12:00:00,32.91754287366357,0.7136220136840656,True
2015-01-12 18:00:00,32.835699713099736,0.7117277240654174,True
2015-01-13 00:00:00,32.3709319388304,0.7094821645238292,True
2010-04-02 21:00:00,34.203877310146225,0.7047072057054573,True
2014-12-16 03:00:00,32.539544164163786,0.7016545285906164,True
2014-12-16 18:00:00,32.45936083262269,0.7008907643579947,True
2014-12-16 15:00:00,32.43901783459946,0.7001433392166201,True
2016-12-27 15:00:00,29.89007146568666,0.6997257093438021,True
2014-12-16 00:00:00,32.360297815757235,0.6994583496346676,True
2014-12-16 06:00:00,32.920883044529084,0.6979776978213239,True
2016-12-27 21:00:00,32.514283091539184,0.6951036362477436,True
2017-01-13 00:00:00,32.550005275041066,0.6927173200237923,True
2015-01-12 21:00:00,32.957888599257515,0.6925158890305265,True
2014-12-16 12:00:00,32.398727500644625,0.6924382139433278,True
2014-12-16 21:00:00,32.950924335148905,0.6879552690287605,True
2014-12-01 15:00:00,30.08510579924824,0.6867981739061582,True
2014-12-16 09:00:00,32.493288398184994,0.68636285340076,True
2014-12-15 21:00:00,29.79149034339213,0.6841681072199711,True
2016-12-27 18:00:00,31.94184621536909,0.6745089236737261,True
2016-12-28 00:00:00,31.811316402663163,0.672916562973675,True
2015-01-12 15:00:00,32.70378702700305,0.6727587386423404,True
2016-12-28 03:00:00,31.8429561478138,0.6709704917923329,True
2016-12-28 09:00:00,32.221871810642966,0.6708897429841759,True
2013-12-11 21:00:00,32.42578976057612,0.6703669598579003,True
2016-12-28 06:00:00,31.909860844904973,0.6695499933563857,True
2018-01-19 00:00:00,31.46731613990253,0.6691051838726386,True
2010-01-18 18:00:00,33.868488578904,0.6669319635198614,True
2010-01-18 15:00:00,34.17760198389154,0.6656070447291853,True
2018-01-18 21:00:00,31.019999302381343,0.6582560858694995,True
2017-12-30 06:00:00,32.21192322728194,0.652566753932857,True
2010-01-18 12:00:00,33.87217191215501,0.6473508883807081,True
2011-11-30 21:00:00,31.325080543966173,0.6450385954403777,True
2018-01-19 06:00:00,32.36194981494491,0.6441118926497862,True
2017-01-12 18:00:00,32.013285609768126,0.6439525694455647,True
2007-11-30 00:00:00,33.002015528591336,0.6432157606152573,True
2010-01-17 21:00:00,32.79658272051003,0.6418197449944941,True
2010-01-18 09:00:00,33.87423857877548,0.6390786949273835,True
2010-04-03 00:00:00,34.432977455175575,0.6389114921335163,True
2010-01-18 06:00:00,33.852097062753856,0.6339212575115162,True
2017-01-12 15:00:00,30.82418125523583,0.6337477927012923,True
2017-01-12 21:00:00,32.13790210964912,0.6332475550785648,True
2004-12-17 18:00:00,32.459285435798975,0.6313445547561869,True
2010-01-18 00:00:00,33.959292781078574,0.6294244260170978,True
2010-01-18 03:00:00,33.99541635384473,0.6285537605378935,True
2017-12-16 21:00:00,29.69480620511761,0.6279702435834373,True
2018-01-24 06:00:00,32.66702453424786,0.6271560512296003,True
2018-01-18 18:00:00,30.57268246486016,0.6235216041368471,True
2018-01-19 03:00:00,31.91463297742372,0.6225633506124841,True
2010-01-17 18:00:00,31.34114557533356,0.620240617534003,True
2017-12-22 09:00:00,32.55144106795509,0.6197902469484879,True
2004-12-17 00:00:00,34.1799996830523,0.6153237009571804,True
2010-04-02 09:00:00,32.45982749927893,0.6097219111816614,True
2014-12-02 18:00:00,32.396294167365674,0.6031570455913265,True
2018-01-23 12:00:00,30.63439976230265,0.6024959256918494,True
2011-12-01 00:00:00,33.473777476615375,0.6013815941995738,True
2018-01-24 03:00:00,32.47213959572453,0.5859885325084612,True
2010-04-03 03:00:00,34.574633680965555,0.5841304181664398,True
2018-01-23 00:00:00,30.697897546601595,0.5830568326681353,True
2011-12-02 00:00:00,31.463285194972663,0.5772185375425793,True
2012-11-28 03:00:00,33.53397876012905,0.5747377741162569,True
2004-01-17 12:00:00,31.988199120422077,0.5734193137879343,True
2004-01-16 18:00:00,32.22089292412066,0.5677504050445044,True
2004-01-16 21:00:00,32.008105287153484,0.5668206382877259,True
2004-01-17 00:00:00,31.97517274820704,0.5659975733533429,True
2017-12-24 03:00:00,31.06421815404956,0.5645586329404977,True
2013-01-03 00:00:00,30.80409193538047,0.5641077406534893,True
2004-01-17 06:00:00,32.17193861682485,0.5640917728179077,True
2004-01-17 03:00:00,31.95781639938864,0.5607099476235216,True
2013-12-19 18:00:00,33.014467813572075,0.5604982119932032,True
2004-01-17 09:00:00,32.04098532408334,0.5596346416164533,True
2011-12-01 03:00:00,33.510976199507645,0.5580862260046933,True
2012-12-24 00:00:00,33.566333030102165,0.557534713982429,True
2001-12-06 06:00:00,31.63919893102511,0.5567705789349802,True
2015-01-11 18:00:00,31.362632555021413,0.5564638250802418,True
2015-01-19 18:00:00,33.13415104738285,0.5555090184806024,True
2013-01-03 06:00:00,33.14444415064321,0.5553754845349057,True
2012-12-24 03:00:00,33.174498690881535,0.5553312870834631,True
2013-01-03 03:00:00,33.072711101399115,0.5529377307593717,True
2011-12-01 18:00:00,32.96816316463154,0.5526506632105767,True
2001-12-06 09:00:00,31.11614982203069,0.5514359123841196,True
2017-12-24 06:00:00,31.10984471899661,0.5494926976869873,True
2010-04-03 06:00:00,34.64113856163393,0.5485151698827724,True
2013-01-03 09:00:00,33.57026718995271,0.5484686747316228,True
2001-12-05 12:00:00,31.698738627401696,0.5484463705158553,True
2004-01-17 15:00:00,32.0070204948096,0.5481681593969612,True
2004-01-16 15:00:00,29.53806435370433,0.5477224698592579,True
2017-12-24 00:00:00,31.01859158910251,0.5475242951403061,True
2012-11-28 00:00:00,31.2301822748945,0.5460557770119923,True
2001-12-06 00:00:00,31.787692003791808,0.5446612092690213,True
2012-12-24 06:00:00,33.05936081921165,0.5434808277236437,True
2012-11-28 06:00:00,33.227555079204656,0.5433912912300489,True
2013-01-03 21:00:00,33.167799705676735,0.5424681302433895,True
2016-11-21 03:00:00,29.860807406712407,0.5423879499528848,True
2012-11-28 21:00:00,34.00010917758266,0.5421994144915975,True
2016-11-21 06:00:00,32.231561464954545,0.5417265588192167,True
2013-12-19 06:00:00,32.886610823072914,0.5402819941979978,True
2013-12-19 21:00:00,32.56097749701805,0.5399521657633455,True
2013-12-19 12:00:00,32.54645282690955,0.5399337820387868,True
2001-12-05 18:00:00,31.65966085049737,0.5396386219777086,True
2012-12-24 15:00:00,33.598005251616435,0.5380871671107175,True
2001-12-06 03:00:00,31.68209418332929,0.5378202383276987,True
2007-11-30 12:00:00,32.79684971396811,0.5378116012967805,True
2001-12-05 15:00:00,31.66571629368413,0.5374907018509255,True
2012-12-24 09:00:00,33.10625147041991,0.5373233868905811,True
2013-12-19 15:00:00,32.571966385661305,0.537280130336503,True
2013-12-19 00:00:00,30.47452400830038,0.5371967727940701,True
2012-12-24 18:00:00,33.01640225143361,0.5370339158336315,True
2013-01-04 00:00:00,33.49064634990651,0.5368424937857299,True
2013-12-19 09:00:00,32.481671943235106,0.5355594812580066,True
2001-12-05 21:00:00,31.850555290674983,0.5351956950249687,True
2012-12-23 21:00:00,30.86353418915864,0.5334335855928465,True
2013-01-03 18:00:00,33.08920127870178,0.5314921655429148,True
2011-12-01 15:00:00,33.72060214946098,0.5314743957374746,True
2010-04-03 09:00:00,34.67478261250931,0.5309159002159877,True
2011-12-01 21:00:00,32.2157241798021,0.5306512012662851,True
2013-01-03 12:00:00,33.066016374618435,0.5304260053237906,True
2012-11-29 00:00:00,33.20162614010584,0.5300915967390922,True
2013-01-03 15:00:00,33.06863304122661,0.5296410266218123,True
2012-11-28 18:00:00,33.8313836171263,0.5293962120171095,True
2013-12-10 12:00:00,32.86663591405973,0.5291841491449379,True
2011-11-30 18:00:00,32.59111364368745,0.5278069846683022,True
2012-12-24 21:00:00,33.009627486989935,0.5273334021876496,True
2012-12-24 12:00:00,33.14408303954017,0.5267301714541907,True
2013-12-19 03:00:00,32.74476756025009,0.5263930081368862,True
2017-12-17 00:00:00,29.848734874358065,0.5261470605489198,True
2017-01-12 12:00:00,32.67377274263832,0.5229816371567055,True
2013-12-10 15:00:00,32.74373910909462,0.5228375596706539,True
2015-01-19 15:00:00,33.14228864546491,0.5224468914292033,True
2005-11-21 18:00:00,32.06356877165616,0.522097191662563,True
2016-11-21 09:00:00,32.05872855929523,0.5215858473222202,True
2018-01-05 18:00:00,30.657448445997986,0.520817755236753,True
2005-11-22 15:00:00,32.080579077804096,0.5188974904986369,True
2013-12-10 00:00:00,33.081318476378506,0.5177882621407429,True
2005-11-21 21:00:00,31.9474104131493,0.516501788188324,True
2013-12-10 09:00:00,32.65423228643844,0.516482041906814,True
2016-11-22 03:00:00,32.40749416711534,0.5160352201552831,True
2010-04-14 06:00:00,32.59101896921478,0.5125870618549833,True
2013-12-10 06:00:00,32.481366387686386,0.5119190052422485,True
2001-12-06 12:00:00,31.96229417706633,0.5108814600965398,True
2011-12-01 06:00:00,33.782838580818435,0.510189197316598,True
2011-12-01 12:00:00,33.45019414380917,0.5098834413684844,True
2005-11-21 15:00:00,29.629253726678115,0.5097378354671787,True
2013-12-10 03:00:00,32.461221943692195,0.5092470671642717,True
2011-12-01 09:00:00,33.54074988566456,0.5090807072982939,True
2005-11-22 12:00:00,31.903577511712083,0.5088630574524435,True
2016-12-02 18:00:00,31.79616400415243,0.5085957816674322,True
2018-01-24 00:00:00,32.67642918309314,0.5083612363763791,True
2016-12-03 00:00:00,32.12577749771631,0.5068611896530153,True
2005-11-22 06:00:00,31.917744178062097,0.5066982613450118,True
2016-12-03 06:00:00,31.775629541598967,0.5060169016735985,True
2005-11-22 00:00:00,31.91700528918972,0.5053880427008166,True
2013-12-09 15:00:00,30.33964545854608,0.5049949759065342,True
2005-11-22 03:00:00,32.12738670985209,0.5048639588835986,True
2016-12-03 03:00:00,32.19741639403316,0.5047368869728259,True
2013-12-09 18:00:00,32.51156229049069,0.5042864120801663,True
2017-01-01 00:00:00,31.891660620086554,0.5031064713109628,True
2016-12-02 21:00:00,31.88056084555987,0.5027713182855044,True
2005-11-22 09:00:00,31.900240323578053,0.5022215933575092,True
2016-12-03 09:00:00,31.808858912081394,0.5020083533597799,True
2013-12-09 21:00:00,32.583371940961946,0.5017687597204761,True
2011-11-30 15:00:00,33.85714674340872,0.5013126780370123,True
2016-12-02 15:00:00,30.109268195092877,0.5007216228899901,True
2016-11-21 12:00:00,32.395049722949054,0.500308908962863,True
2016-12-03 12:00:00,31.93342150942295,0.5000216553854012,True
2011-12-02 18:00:00,33.43032747758656,0.4977921071825325,True
2018-01-06 12:00:00,31.3130523668473,0.49693717148090266,True
2012-11-28 09:00:00,33.056879659795754,0.4959835804255898,True
2016-11-21 18:00:00,31.920961664665047,0.4935767819062923,True
2011-12-02 03:00:00,33.45744969920255,0.49315823204563564,True
2011-12-02 21:00:00,33.45458552693097,0.4927829765023997,True
2017-12-22 06:00:00,32.36686507602824,0.4923939164971934,True
2017-01-12 03:00:00,31.85335880535156,0.4921473424541377,True
2016-11-21 15:00:00,32.076000555906184,0.49159726304287943,True
2017-01-12 00:00:00,29.924874778161755,0.49138641129015215,True
2011-12-02 15:00:00,33.44305273715999,0.49125493714677787,True
2011-12-02 06:00:00,33.46747851253772,0.49111219253552535,True
2012-11-28 15:00:00,33.66265805666994,0.49029392707704406,True
2016-11-21 21:00:00,31.973843892584892,0.488532753143825,True
2011-12-02 12:00:00,33.66709969451651,0.48750035429939464,True
2004-12-17 21:00:00,32.17249972792342,0.4861512755858358,True
2016-11-22 00:00:00,32.07567195230991,0.4858837380442253,True
2015-01-11 21:00:00,32.44745527733324,0.48471502826859475,True
2017-12-10 18:00:00,33.17826833898312,0.4846356719554425,True
2011-11-30 06:00:00,33.445624699466855,0.4832679829959131,True
2017-01-12 06:00:00,32.06037965127777,0.48304823093149596,True
2011-11-30 09:00:00,33.46747192120076,0.48197723576032586,True
2011-11-30 03:00:00,33.91357746678508,0.48170901505983554,True
2011-11-30 12:00:00,33.50678358046707,0.48131227195041754,True
2010-04-14 09:00:00,34.201983353826904,0.4812469120498212,True
2015-01-19 12:00:00,32.58431863005413,0.47796356000940954,True
2011-12-02 09:00:00,33.63128302865041,0.4767645770020482,True
2012-11-28 12:00:00,33.18793843039078,0.4746099618017562,True
2017-01-12 09:00:00,32.413882938075794,0.4721811132885737,True
2018-01-11 00:00:00,30.226946931903747,0.4718632289168867,True
2018-01-23 18:00:00,32.045005664292866,0.4702033632589006,True
2010-04-14 15:00:00,34.065013816106855,0.4699126567296396,True
2010-04-14 12:00:00,34.04227746390841,0.46889661599905014,True
2012-12-25 21:00:00,31.07786439148208,0.46880467004016657,True
2007-11-29 21:00:00,30.76126703149308,0.4677169318351577,True
2017-12-10 21:00:00,33.16653697278571,0.46211130939158684,True
2007-11-29 18:00:00,33.170397351569704,0.45636123932221473,True
2010-04-14 18:00:00,34.05794968578032,0.4561339918701089,True
2018-01-22 21:00:00,30.71377199267633,0.4547800195133762,True
2012-12-26 03:00:00,33.14593303949883,0.4530513170813716,True
2010-01-01 18:00:00,32.60080612860644,0.4526828323017772,True
2018-01-23 15:00:00,31.99717284504983,0.45208807189859745,True
2012-12-26 18:00:00,33.14484970618971,0.4516911345554588,True
2017-12-23 21:00:00,30.97296502415546,0.45164421117032355,True
2012-12-26 21:00:00,33.52315660568268,0.450463931346788,True
2017-12-17 03:00:00,30.002663543598505,0.4495981330635715,True
2012-12-26 09:00:00,33.504605253704106,0.44879809610899873,True
2012-12-06 00:00:00,31.255717818530304,0.4485543331201436,True
2012-12-26 00:00:00,33.09729788280477,0.44836396597025985,True
2014-12-02 21:00:00,32.4834941654166,0.44630917917812596,True
2012-12-26 12:00:00,33.040227486305966,0.4460664046489077,True
2015-01-11 12:00:00,32.467911057656806,0.4457675107599008,True
2007-11-30 21:00:00,33.1729458036665,0.4445689504112842,True
2007-11-30 18:00:00,32.744371937363304,0.4444828229196167,True
2015-01-17 06:00:00,31.69704882945968,0.4444216854611603,True
2017-12-10 15:00:00,33.18999970518053,0.4430536434694372,True
2012-12-26 15:00:00,33.04306160521008,0.4428643856715696,True
2012-12-26 06:00:00,33.27961362012475,0.44165045560688804,True
2015-01-17 09:00:00,32.152583061701925,0.43883082111400895,True
2010-01-02 00:00:00,34.139466645188605,0.43839393825280626,True
2015-01-12 00:00:00,32.43664640231161,0.4381074877599417,True
2011-11-30 00:00:00,32.19389520767118,0.4361507894298762,True
2013-11-15 03:00:00,33.14821637278112,0.43496715430562316,True
2012-12-06 21:00:00,33.10803680166234,0.4308337285871778,True
2016-12-03 15:00:00,32.40452316261553,0.4303614857195425,True
2002-03-19 18:00:00,31.37092752361774,0.42893912761599273,True
2010-01-01 21:00:00,33.81578302452652,0.4284716909465037,True
2017-12-21 21:00:00,30.5215944509824,0.4280930493344995,True
2012-12-06 18:00:00,33.57396878113118,0.4272823347875997,True
2012-12-06 06:00:00,33.40288336097617,0.4256950891970706,True
2018-01-18 15:00:00,30.12536562733897,0.42156634447814023,True
2012-12-06 03:00:00,33.373690915544984,0.42028879989643747,True
2012-12-06 09:00:00,33.1053893896114,0.4202361823295561,True
2010-04-14 21:00:00,34.450521899227894,0.4194525104745791,True
2012-12-06 15:00:00,33.201232798321854,0.41825147307936056,True
2012-12-21 21:00:00,31.256351938320076,0.41819015736127324,True
2012-12-06 12:00:00,33.141436358730175,0.41780015044415864,True
2017-12-22 03:00:00,31.75177486767963,0.41666875020171024,True
2017-12-22 00:00:00,31.136684659331014,0.4160792473413742,True
2007-11-30 15:00:00,32.80016322740757,0.4154543309068,True
2013-11-15 00:00:00,32.944673884838146,0.407671197795543,True
2012-11-27 18:00:00,34.031430455603854,0.4048180402011178,True
2017-12-24 09:00:00,31.15547128394366,0.40373656123298207,True
2010-04-15 00:00:00,34.6335711777914,0.4033192822333166,True
2013-11-14 21:00:00,33.273794147752035,0.39797674826777935,True
2002-03-19 12:00:00,30.85392108404941,0.39374298882803715,True
2017-12-17 06:00:00,30.15659221283895,0.39371369667522044,True
2015-01-11 15:00:00,32.96621729297481,0.3931257051348938,True
2015-11-26 21:00:00,32.624283051158606,0.3925788098368854,True
2018-01-17 00:00:00,31.994802246312805,0.39197697271035076,True
2015-11-27 03:00:00,32.096634264153685,0.3919575258874091,True
2002-03-19 21:00:00,31.634542874340195,0.39053652185949517,True
2012-12-22 00:00:00,32.91577728529534,0.390244184112048,True
2015-11-27 00:00:00,32.12201084016304,0.3901356018677706,True
2018-01-27 18:00:00,33.03002838743484,0.388958680339387,True
2012-12-22 03:00:00,33.15426081709047,0.3886970915971757,True
2016-12-28 15:00:00,31.86370529038108,0.3883329589876944,True
2015-11-27 06:00:00,32.16426083921869,0.387985677713146,True
2013-11-14 03:00:00,31.15515126581445,0.38787742529762775,True
2015-11-26 15:00:00,32.18117194995181,0.38764717167848955,True
2015-11-26 12:00:00,30.253403793807077,0.3863082490784656,True
2010-04-15 03:00:00,34.63606633952509,0.38395995041248804,True
2017-12-23 18:00:00,30.92733845920841,0.3838877206050975,True
2002-03-19 15:00:00,31.873135902415186,0.38324175297541074,True
2015-11-27 09:00:00,32.392057915106314,0.3824489465083654,True
2012-12-22 18:00:00,33.13073794701837,0.38228644480731033,True
2015-11-27 12:00:00,32.47930527662134,0.3819949667535868,True
2013-01-25 18:00:00,33.464444143490645,0.3783091885735008,True
2012-12-22 12:00:00,33.05798075835969,0.3762667843013317,True
2012-12-22 09:00:00,33.30809414698536,0.37495650163156957,True
2015-11-26 18:00:00,32.17491004532986,0.37486926452401753,True
2012-12-22 06:00:00,33.41984414448754,0.37479676430539294,True
2012-12-22 15:00:00,33.10384970710613,0.3742992228254108,True
2015-01-17 03:00:00,32.02091639797825,0.374076194830625,True
2013-11-14 18:00:00,33.25329497403604,0.3729180784105858,True
2011-12-03 00:00:00,33.83407746856204,0.371999055907789,True
2010-04-15 06:00:00,34.71849797610067,0.3704812913996113,True
2012-11-27 21:00:00,33.34143773810177,0.37020586160560687,True
2018-01-16 21:00:00,31.65936766326825,0.3684309737296239,True
2010-01-01 15:00:00,33.03111399444618,0.3661642311347701,True
2017-01-13 03:00:00,31.961321497969195,0.36384777492224696,True
2013-11-14 06:00:00,32.51644157123207,0.35800249261423017,True
2013-11-14 12:00:00,33.34019766175853,0.355992458392613,True
2013-11-14 15:00:00,32.17133078299542,0.3557732056866821,True
2018-01-27 15:00:00,33.034694540693216,0.355745313766665,True
2018-01-17 03:00:00,32.33023682935736,0.35543031904233985,True
2007-11-28 18:00:00,31.577281365252013,0.3550053115901863,True
2017-12-17 09:00:00,30.310520882079395,0.3539244668806329,True
2007-11-28 00:00:00,31.974375898122062,0.35317429037458165,True
2011-11-29 18:00:00,31.70243327837513,0.35308571762478286,True
2012-12-22 21:00:00,32.86975657657357,0.35181051907603955,True
2015-01-17 00:00:00,32.452011749167255,0.35150897614015847,True
2007-11-28 06:00:00,31.545535645798303,0.3489005378894266,True
2007-11-28 21:00:00,31.40073454447005,0.3484514283984792,True
2012-12-07 00:00:00,33.10855513335755,0.34769711965351124,True
2007-11-28 03:00:00,31.665925325021213,0.347558148969789,True
2007-11-28 15:00:00,31.93698862207639,0.3469139328888333,True
2002-03-20 00:00:00,31.72657196011291,0.34497232041959786,True
2007-11-28 09:00:00,31.636416406572486,0.3446567437454525,True
2012-12-03 03:00:00,32.868744727147785,0.34441211501235786,True
2007-11-28 12:00:00,31.698771386054016,0.34224265633319106,True
2013-11-14 09:00:00,32.445733055149525,0.3399469056432275,True
2016-01-27 06:00:00,33.09880523702304,0.3394949319216643,True
2007-11-27 21:00:00,29.785108114619117,0.33864060215698705,True
2015-01-13 06:00:00,31.77776747845365,0.337133121042435,True
2015-01-16 21:00:00,32.12334176292049,0.33690840487975804,True
2011-11-29 21:00:00,33.34779970165343,0.33648794312548647,True
2018-01-17 09:00:00,33.001105995446466,0.33533312139629634,True
2013-01-25 15:00:00,33.337480200750285,0.33371624490071533,True
2016-12-27 12:00:00,30.255152010867445,0.3332569393842518,True
2010-01-01 00:00:00,31.9954323129716,0.3312735074965671,True
2013-12-20 00:00:00,32.44129416635985,0.33008300106348976,True
2018-01-17 06:00:00,32.66567141240191,0.3298265585905614,True
2013-01-25 00:00:00,32.17399950113253,0.3287105328368128,True
2003-01-02 06:00:00,31.919581114957968,0.32817814051207644,True
2010-01-01 06:00:00,33.81407894556866,0.3275511611387933,True
2017-12-10 12:00:00,32.92094809829108,0.3274287970117439,True
2010-01-01 03:00:00,33.76156843448592,0.32669929275394377,True
2017-12-17 12:00:00,30.46444955131984,0.3261261070840572,True
2010-01-01 09:00:00,34.13139301001496,0.32401395909060227,True
2010-01-01 12:00:00,33.74346080392082,0.3234890297214982,True
2017-12-11 00:00:00,33.1548056065883,0.3219649138750381,True
2004-01-17 18:00:00,31.98251639883655,0.32091298950419367,True
2013-01-25 03:00:00,32.81797193571821,0.32050390364769143,True
2015-01-13 12:00:00,32.99633852785135,0.32047499372389493,True
2007-11-17 06:00:00,30.158084688276805,0.31872840034459804,True
2002-01-02 06:00:00,31.58617196325109,0.3161116313381069,True
2017-12-21 18:00:00,29.906504242633787,0.31594537016286645,True
2016-01-27 03:00:00,33.1466552617049,0.31550232752559365,True
2013-01-25 12:00:00,33.32993859094154,0.3140557979338283,True
2017-12-28 12:00:00,32.10832139602459,0.31313277099544257,True
2017-12-28 09:00:00,33.01098518822373,0.3127048800121018,True
2007-11-17 09:00:00,31.802571958414173,0.31192255340598296,True
2002-01-01 09:00:00,30.00896581262656,0.3097034012846981,True
2017-12-17 15:00:00,30.618378220560285,0.3070464034156331,True
2002-01-01 21:00:00,31.923860844592053,0.30569671883783167,True
2002-01-02 03:00:00,31.584844185502988,0.30560902025801556,True
2015-01-14 00:00:00,32.889722895283235,0.30349546298570645,True
2002-01-02 00:00:00,31.59175998093494,0.3025261690093911,True
2013-01-25 09:00:00,33.30846636919926,0.30225491251461023,True
2013-01-25 06:00:00,33.23046189666985,0.3021388524933209,True
2015-01-13 15:00:00,32.74814214624948,0.3019869560282267,True
2015-01-13 18:00:00,32.71890807807958,0.3008464727559331,True
2002-01-01 12:00:00,31.500827057751287,0.2981578297864773,True
2001-12-26 00:00:00,31.931677511083997,0.29793145579059843,True
2002-01-01 15:00:00,31.58345255402918,0.2955674960534317,True
2017-12-17 18:00:00,30.77230688980073,0.29416273982063057,True
2017-12-23 15:00:00,30.88171189426136,0.2931886321630707,True
2003-01-02 03:00:00,31.55173307513197,0.2918121174304383,True
2018-01-23 21:00:00,30.69974859944057,0.2917821283883113,True
2013-03-11 00:00:00,32.35118530104915,0.2915791010340252,True
2007-11-17 12:00:00,31.801733444919407,0.291312467460601,True
2015-01-13 21:00:00,32.45097475463709,0.2906606918056772,True
2007-11-29 00:00:00,31.275009540827583,0.2906458938666928,True
2002-01-01 18:00:00,31.558632023926727,0.2905599724970871,True
2003-01-01 21:00:00,31.61954635045238,0.2904663421608693,True
2015-01-13 09:00:00,32.3870530031525,0.29009958099799815,True
2018-01-16 18:00:00,31.3239330802237,0.2888696573643829,True
2003-01-02 00:00:00,31.57794418565722,0.28879165504469817,True
2016-01-27 00:00:00,33.145805450047824,0.2873479886752883,True
2015-01-16 18:00:00,32.52335805341446,0.2863295929428312,True
2013-01-24 21:00:00,31.83423862437304,0.2861637438234374,True
2018-01-17 12:00:00,32.1549379227604,0.2857133082595546,True
2017-12-17 21:00:00,30.92623555904117,0.2847916038600296,True
2003-01-01 12:00:00,30.44633023635185,0.2846222855538723,True
2003-12-29 15:00:00,31.814188624821192,0.28456606170786736,True
2012-12-03 00:00:00,32.4541255771419,0.2844766954566742,True
2003-12-29 12:00:00,31.835099735464908,0.2842990123634849,True
2003-01-01 18:00:00,31.73828899443527,0.28417757118938675,True
2003-01-01 15:00:00,31.78204590654077,0.2841078151850901,True
2013-01-25 21:00:00,33.53811787065748,0.2831373771000842,True
2003-12-29 21:00:00,32.16145141167205,0.28311412314605783,True
2003-01-13 03:00:00,31.93374051735524,0.28213459281134623,True
2003-12-29 09:00:00,32.10011190687026,0.2817004863212741,True
2015-01-16 09:00:00,34.12556441470627,0.27996652241611697,True
2008-01-17 12:00:00,34.33433301293601,0.27979117014053834,True
2003-12-30 03:00:00,31.786588625438103,0.2791675114108468,True
2003-12-29 18:00:00,31.78572195879081,0.27897162912994145,True
2013-03-11 03:00:00,33.41282747797771,0.27888767540361575,True
2010-04-03 12:00:00,34.70174967139028,0.2785790458706739,True
2007-11-18 06:00:00,31.62266640687982,0.2782281121944197,True
2001-12-25 03:00:00,31.573347384413164,0.27816353538885885,True
2017-12-22 21:00:00,31.78179393666647,0.27804854715600336,True
2007-12-16 00:00:00,32.08463634515749,0.2775315984997158,True
2015-01-16 12:00:00,32.80211481751973,0.2774394708024252,True
2007-11-17 15:00:00,31.93848306648744,0.27572165965312584,True
2001-12-25 21:00:00,31.54856640853609,0.2753527045052754,True
2017-12-18 00:00:00,31.080164228281618,0.2748250646343303,True
2003-12-30 00:00:00,31.877657117311745,0.2745364331688768,True
2008-01-17 00:00:00,34.5227925538392,0.2743970435899569,True
2007-12-16 06:00:00,33.75773858137946,0.2743157098109504,True
2007-12-16 03:00:00,33.71470398898512,0.2739485039690973,True
2007-12-17 00:00:00,33.35163422537724,0.2735928700736033,True
2001-12-25 00:00:00,29.9693213713712,0.27337555136430197,True
2001-12-25 06:00:00,31.566171963698128,0.27320938694870056,True
2008-01-17 03:00:00,34.19990523816293,0.27294077723370275,True
2001-12-25 15:00:00,31.60778307387916,0.272914142725601,True
2008-01-17 06:00:00,34.21664591575485,0.27277414478452,True
2007-11-18 03:00:00,31.28466392401331,0.2727710869159704,True
2007-12-16 09:00:00,34.02738461022526,0.2726959488509125,True
2008-01-17 09:00:00,34.25988857015553,0.2725425082781155,True
2007-11-18 00:00:00,31.146760861961585,0.2722877096991851,True
2003-12-30 06:00:00,31.782454841746716,0.27195196606022715,True
2007-12-16 12:00:00,33.70771636027532,0.2717365469163558,True
2007-12-16 15:00:00,33.682708074581946,0.27147682036030707,True
2008-01-16 15:00:00,34.18457190517233,0.27112732871589756,True
2001-12-25 09:00:00,31.809810847141264,0.27078817405956046,True
2007-12-16 18:00:00,33.71044969354756,0.27071588885223835,True
2017-12-13 18:00:00,31.46999974362552,0.26987603964854134,True
2001-12-25 12:00:00,31.718505521157823,0.26986656032788126,True
2007-12-16 21:00:00,33.738695117752826,0.26960784585490616,True
2017-12-14 12:00:00,31.56086684514169,0.2695105700899189,True
2013-03-11 06:00:00,33.663544139040425,0.26943316833979397,True
2003-12-29 06:00:00,30.17729001392769,0.2687599632225059,True
2001-12-25 18:00:00,31.57712406555543,0.26852839576853393,True
2015-01-16 15:00:00,32.805686349038275,0.26850906287268766,True
2017-01-11 06:00:00,32.556193519119674,0.2677645027475896,True
2016-01-26 21:00:00,33.101016373836124,0.266899193571445,True
2002-03-20 03:00:00,31.71980529359749,0.2667550166317331,True
2008-01-16 12:00:00,32.564221500472875,0.2663235652352482,True
2017-12-27 18:00:00,31.01199424791036,0.26609876475071653,True
2007-11-17 18:00:00,31.7805764940532,0.26571240552378256,True
2016-01-26 15:00:00,32.88237805672761,0.26516579181763644,True
2008-01-16 21:00:00,34.3007274581316,0.2649520320659464,True
2007-11-17 21:00:00,31.55333752323196,0.26465339007861455,True
2013-03-11 09:00:00,33.711770929771355,0.2645571892384738,True
2018-01-04 18:00:00,32.82470690263397,0.2643002559288517,True
2008-01-16 18:00:00,34.22050178424912,0.2641481873786914,True
2005-11-22 18:00:00,32.36947063261169,0.2622783648416586,True
2016-01-26 18:00:00,32.93543859975929,0.2621595819357332,True
2003-01-13 00:00:00,30.778736463548828,0.26194199621234576,True
2017-12-14 09:00:00,32.915835619167645,0.26051505684449777,True
2016-01-26 12:00:00,32.344360835193136,0.26041986499447517,True
2016-01-26 09:00:00,31.457201113774605,0.2592705625129944,True
2017-12-18 03:00:00,31.234092897522064,0.258980079945949,True
2010-01-02 03:00:00,33.715571915655296,0.25880741224886017,True
2013-03-11 12:00:00,33.72158858218748,0.25878667989255605,True
2015-01-23 09:00:00,32.92096383548774,0.25809715563906527,True
2017-12-14 15:00:00,31.909329041611336,0.2578552943193896,True
2018-01-19 18:00:00,31.67197921065565,0.25740553271652006,True
2017-12-18 21:00:00,29.866954299310898,0.2573793271340362,True
2013-03-11 21:00:00,33.766735035482505,0.25634165731068104,True
2015-01-18 03:00:00,33.00814970924518,0.255170514339376,True
2013-03-11 18:00:00,33.78286080304016,0.25507669728068294,True
2013-03-11 15:00:00,33.7523136565758,0.25456392432417996,True
2018-01-22 18:00:00,30.72964643875107,0.2535897255670139,True
2016-12-28 18:00:00,31.869261770726425,0.25341695544637577,True
2016-11-22 06:00:00,31.91864024925579,0.25273116654552175,True
2017-01-10 18:00:00,32.24906482421644,0.2521470352994325,True
2014-12-17 00:00:00,32.38206638990591,0.25203593704087396,True
2018-01-31 00:00:00,31.46054749158454,0.25191940777474836,True
2018-01-17 15:00:00,32.04009706319148,0.25125960873755787,True
2017-01-11 03:00:00,32.083288618806336,0.24821497180855925,True
2017-01-11 12:00:00,31.982844176607003,0.24494597310812732,True
2018-01-10 21:00:00,30.73817121060045,0.24383184963796908,True
2012-11-29 03:00:00,34.16394460178674,0.24197548913392936,True
2018-01-27 12:00:00,32.86424318224732,0.24177797854957653,True
2017-01-11 00:00:00,32.00904994096757,0.24008664552611725,True
2017-01-10 15:00:00,31.872800131447637,0.23945728725097898,True
2018-01-04 21:00:00,32.86210492280253,0.23758038802828194,True
2018-01-04 15:00:00,32.78730888246542,0.23746667004450894,True
2018-01-30 21:00:00,31.47004852262321,0.23685807082023863,True
2018-01-26 12:00:00,31.824889827331138,0.23533808744249765,True
2017-01-26 12:00:00,32.568366302737104,0.23420158058926083,True
2017-12-18 06:00:00,31.388021566762507,0.2336544946491672,True
2012-12-02 06:00:00,33.37544258378006,0.23308166010878906,True
2017-01-13 06:00:00,31.983129064823128,0.23249633413968884,True
2017-01-26 15:00:00,32.57522749669953,0.23218366175799865,True
2017-01-10 21:00:00,31.93482350862419,0.2310987282672828,True
2017-01-26 09:00:00,32.79158541783495,0.23095797307006824,True
2017-01-10 12:00:00,33.53323969750852,0.23083970838686838,True
2017-01-26 06:00:00,32.86532134340149,0.22901364195223634,True
2017-01-13 09:00:00,32.05829790348125,0.22896744258512816,True
2005-01-13 00:00:00,31.99779973182827,0.2288701747323542,True
2017-12-30 09:00:00,32.29286595628902,0.22619032580056553,True
2009-11-23 00:00:00,32.01726667504416,0.22579280488126768,True
2017-01-26 03:00:00,32.92114425057429,0.22521344046265881,True
2009-11-23 03:00:00,33.4236774777352,0.22483073186951735,True
2017-12-10 09:00:00,32.90741473497097,0.2246877659828305,True
2018-01-06 15:00:00,31.422319686988857,0.2233867369726709,True
2009-11-23 21:00:00,33.718333120866646,0.22220297962198873,True
2005-01-12 03:00:00,31.88637195654109,0.22127273758478783,True
2005-01-12 06:00:00,31.888049734281378,0.22103715762956258,True
2017-12-13 12:00:00,32.93015804432178,0.22041508181621322,True
2005-01-12 00:00:00,30.414445319578647,0.22037186115596694,True
2017-01-11 09:00:00,31.94048354605903,0.2198070184444476,True
2005-01-12 15:00:00,31.873345879734742,0.21886577850790453,True
2017-01-13 12:00:00,32.300154593542835,0.21874947845083237,True
2017-12-14 06:00:00,32.62666844405922,0.2185365448596622,True
2012-11-27 03:00:00,32.28249434636684,0.21844066562348755,True
2017-12-27 15:00:00,32.52604853658643,0.21822126309885506,True
2009-11-23 09:00:00,33.56919414114932,0.2179105762245551,True
2005-01-12 21:00:00,31.892981697641464,0.21777811698292485,True
2009-11-23 12:00:00,33.48391148539788,0.21766503791133812,True
2005-01-12 09:00:00,31.85441032559456,0.21753463868988127,True
2014-01-26 03:00:00,33.4495303584054,0.21738823230096246,True
2005-01-12 18:00:00,31.87590529010838,0.21733710576445775,True
2005-01-12 12:00:00,32.19007152240246,0.217216830139542,True
2016-01-10 06:00:00,32.79841138459667,0.21702392348830607,True
2018-01-31 03:00:00,31.44052752206206,0.2168580122976873,True
2017-12-28 06:00:00,32.61118700016105,0.21668332479427055,True
2016-01-27 09:00:00,33.08766221371482,0.2164645635258653,True
2012-12-01 06:00:00,33.5836990506138,0.21631715321655723,True
2017-01-26 00:00:00,32.92758314724725,0.21622160683246974,True
2009-11-23 06:00:00,33.599853577298106,0.21612650973451877,True
2009-11-23 18:00:00,33.41371081129131,0.21425987726769438,True
2012-12-03 06:00:00,33.28336387715366,0.2139612322082678,True
2016-01-10 12:00:00,32.245512490612875,0.21306908312176912,True
2017-01-13 15:00:00,32.380934032573855,0.21279121940000442,True
2016-01-10 15:00:00,32.33968313184173,0.21184465934942182,True
2017-12-12 21:00:00,31.704612922840003,0.21181268952114712,True
2007-11-18 09:00:00,31.482096713052105,0.2115920024490287,True
2009-11-23 15:00:00,33.38718619819764,0.21141715625840513,True
2016-01-10 09:00:00,32.19266083858389,0.21078228190204093,True
2014-01-26 06:00:00,33.43617747745581,0.21061799603244918,True
2017-12-13 00:00:00,31.94972194713636,0.20995614267576856,True
2014-01-03 18:00:00,33.06631643072845,0.20912519583517203,True
2012-11-27 00:00:00,32.206957622849366,0.2088391738091206,True
2016-01-10 00:00:00,32.20789435613173,0.2087883362677802,True
2017-12-12 00:00:00,32.439719623644486,0.2087173880606891,True
2010-01-02 12:00:00,34.065973386776555,0.20843663991358877,True
2017-12-13 03:00:00,32.194830971432715,0.20832183957731498,True
2010-01-02 15:00:00,33.8758885787386,0.20712546424390502,True
2015-01-10 00:00:00,32.97224335836221,0.20683972764485148,True
2017-12-11 21:00:00,32.289322094237434,0.20667391254915995,True
2016-01-09 21:00:00,31.01542362766469,0.20607985899189551,True
2015-01-18 00:00:00,32.66987953540022,0.2059213895227631,True
2012-11-27 06:00:00,32.358031069884305,0.20583776132962273,True
2018-01-30 18:00:00,32.02270303315844,0.20557636470823476,True
2015-11-14 21:00:00,31.84046095983487,0.20541296007393978,True
2001-12-02 12:00:00,32.005313815643966,0.204910380459848,True
2012-12-03 09:00:00,33.697983027159545,0.20485489120185232,True
2010-01-02 09:00:00,33.79856080268923,0.20462265212894182,True
2010-01-02 06:00:00,33.75875072824949,0.20445738101055264,True
2012-12-01 09:00:00,32.85988599373828,0.2037812856671398,True
2003-01-13 06:00:00,31.789819931672177,0.2036147555264381,True
2016-01-10 03:00:00,32.34874394320328,0.20344215833858717,True
2003-01-01 09:00:00,31.174837091995077,0.20342451230058445,True
2016-01-10 21:00:00,32.56271993473459,0.20323032526470883,True
2018-01-17 18:00:00,32.090932824638855,0.2025568459673103,True
2018-01-30 15:00:00,31.561566408245515,0.20197980580845126,True
2014-01-04 00:00:00,32.48243267895384,0.2019325758221115,True
2015-01-09 21:00:00,32.45248136417742,0.2017552036687234,True
2012-12-25 00:00:00,33.10100199812052,0.20125936398555214,True
2017-01-25 21:00:00,32.80820571820363,0.20104992246817172,True
2017-12-24 12:00:00,31.201097848890708,0.20090766636554055,True
2016-01-10 18:00:00,32.52723795528853,0.2007360748154849,True
2015-01-17 21:00:00,32.95279971048236,0.200681920363444,True
2015-01-17 12:00:00,32.84386902508646,0.2006327192946522,True
2017-12-18 09:00:00,31.541950236002958,0.20042803907698986,True
2014-12-07 00:00:00,32.72306082672853,0.20012322748033912,True
2012-11-26 21:00:00,32.1314208993319,0.19969755641911563,True
2012-12-02 03:00:00,34.405709515590445,0.19932313779059663,True
2002-01-02 09:00:00,31.721336191584577,0.19910815521025219,True
2017-12-13 15:00:00,31.62719186974164,0.19882329952449487,True
2012-12-02 09:00:00,34.205615067095124,0.1988188803206048,True
2014-01-03 21:00:00,32.486383054240925,0.1986230988839709,True
2012-12-01 03:00:00,34.30751210748933,0.1985574715212431,True
2014-01-03 09:00:00,32.28758528867118,0.19825479171475674,True
2017-12-14 00:00:00,32.04833409384237,0.19823741103833387,True
2017-12-14 03:00:00,32.337501268950795,0.1980732281944006,True
2014-01-26 09:00:00,33.16283640159299,0.19758118776324182,True
2014-01-26 00:00:00,33.331735789423966,0.19734762321883756,True
2003-01-12 18:00:00,31.705244182811853,0.19713121435382072,True
2003-01-12 06:00:00,31.850404975672628,0.19685420744235646,True
2018-01-04 09:00:00,33.04628754409574,0.1964995386781784,True
2005-12-26 06:00:00,31.7183459843208,0.1961165050529888,True
2003-01-12 21:00:00,31.77092195912161,0.19606430102808475,True
2018-01-04 12:00:00,31.904049059232158,0.19559570971766532,True
2003-01-12 15:00:00,31.963834805539197,0.19551973727923155,True
2015-01-20 09:00:00,33.049597847853626,0.19541583269926274,True
2009-11-24 00:00:00,33.42796081097279,0.1953863265262355,True
2005-12-26 03:00:00,31.74582195968264,0.19489934441038778,True
2014-01-03 12:00:00,32.564505828723675,0.19457747292108454,True
2017-12-13 21:00:00,31.759166918733943,0.19454133854015646,True
2003-01-12 09:00:00,31.689512544745394,0.1940996675733135,True
2005-12-26 00:00:00,32.09332750747084,0.19364688283543424,True
2017-12-13 06:00:00,32.43993999572907,0.19343347201616662,True
2005-12-26 09:00:00,31.69301640530738,0.1934065271296726,True
2015-01-20 15:00:00,32.79202503458877,0.19323227607351248,True
2018-01-04 00:00:00,31.847850571656664,0.1927658977737566,True
2014-01-03 15:00:00,32.627366384423034,0.19231559718365698,True
2005-12-26 18:00:00,31.70919981335405,0.19199279008309228,True
2015-01-20 12:00:00,32.71337193805621,0.19181146696208637,True
2015-01-15 09:00:00,32.90754574997481,0.19138048539865143,True
2003-01-12 12:00:00,31.7435664041775,0.1911929334024269,True
2017-01-25 18:00:00,32.77999971434474,0.19090787217195837,True
2017-12-23 09:00:00,32.81789022444673,0.19068578446113768,True
2003-01-01 06:00:00,30.251901330196237,0.19065593239666376,True
2014-01-03 06:00:00,31.566007436338616,0.19061799927875672,True
2018-01-09 12:00:00,31.86840302026412,0.1904941311152198,True
2018-01-03 21:00:00,31.44837158084364,0.1904582073756816,True
2005-12-26 21:00:00,31.738355293182863,0.18879873148858548,True
2017-12-11 18:00:00,32.13892456483038,0.18871725447065438,True
2001-12-02 09:00:00,31.668814815738816,0.1882988182660704,True
2012-11-30 09:00:00,33.47814055634044,0.187804004601754,True
2003-01-12 03:00:00,30.35462204703717,0.18758766645058506,True
2017-12-27 21:00:00,31.411792435973037,0.18756031472896237,True
2005-12-26 15:00:00,31.914160844808865,0.1875092414918704,True
2010-04-15 09:00:00,34.64601078374725,0.18704638515905186,True
2001-12-01 15:00:00,31.35141762325123,0.1868470551009167,True
2005-12-25 21:00:00,30.4027526301743,0.18659573032015805,True
2005-12-26 12:00:00,31.90490277129221,0.1865584560113644,True
2018-01-27 21:00:00,32.28232621302173,0.18638097466025844,True
2017-12-12 03:00:00,32.59011715305154,0.18620947419165096,True
2017-12-30 12:00:00,32.37380868529609,0.18593115352379447,True
2015-11-15 00:00:00,32.84867749058745,0.18502604814592458,True
2015-01-20 06:00:00,31.624122197807736,0.1840647033254406,True
2017-01-25 15:00:00,31.226171177646947,0.1834019023327201,True
2017-12-13 09:00:00,32.685049020025424,0.18297084084079437,True
2012-12-03 12:00:00,33.10549415151382,0.1828363389713039,True
2018-01-09 09:00:00,33.135428550730964,0.18230987737459942,True
2012-11-27 09:00:00,32.43356779340178,0.18146015434407464,True
2001-12-01 18:00:00,31.684187617625927,0.18077618693407577,True
2001-12-01 12:00:00,30.41298882478097,0.18035607874225384,True
2001-12-02 06:00:00,31.29638641886775,0.17954937808378005,True
2015-01-20 18:00:00,32.7630222989087,0.17872277982596124,True
2001-12-02 03:00:00,31.695427516364603,0.17745871789240467,True
2017-12-23 12:00:00,32.308000875557454,0.17728907840404706,True
2007-12-24 06:00:00,32.47443449046395,0.1772642165916598,True
2017-12-28 03:00:00,32.211388812098384,0.17698155099798038,True
2001-12-01 21:00:00,31.892521956403627,0.17514693018766073,True
2012-11-27 12:00:00,33.27071025522884,0.17503310807812783,True
2003-01-02 09:00:00,31.58908307429713,0.17479914885175565,True
2012-11-30 21:00:00,33.19217118397432,0.17419162834983132,True
2001-12-02 00:00:00,31.784414331701388,0.17416313955513124,True
2017-12-28 00:00:00,31.81159062403571,0.17375344454572136,True
2011-11-29 15:00:00,33.95226754528538,0.17373546597275788,True
2015-01-09 12:00:00,33.89928659408864,0.17357499071411636,True
2012-11-30 12:00:00,33.45150869806411,0.17341586304677395,True
2007-12-25 00:00:00,34.07736635201301,0.17289611492774784,True
2013-12-20 03:00:00,32.578120240399045,0.17282588857131703,True
2012-11-27 15:00:00,33.17774004200017,0.1725869148985859,True
2016-12-02 12:00:00,33.17574137216589,0.1718591292965482,True
2008-11-20 12:00:00,33.789299126813376,0.1716235685831573,True
2007-12-24 15:00:00,33.67312747215956,0.1715624610269338,True
2007-12-25 03:00:00,33.71094602122009,0.1712570194456204,True
2014-01-04 03:00:00,32.62608305111838,0.17121716809429266,True
2007-12-24 12:00:00,33.9073293596433,0.171004008801548,True
2017-12-14 18:00:00,31.959060392734493,0.17052642878151772,True
2007-12-24 21:00:00,33.75978926160574,0.16999988245020461,True
2007-12-24 18:00:00,33.695705249432685,0.16994721388172765,True
2012-11-30 06:00:00,34.461163962482075,0.16961362325103319,True
2015-01-09 09:00:00,33.731168650934485,0.169202223308285,True
2012-12-02 00:00:00,34.14639809650176,0.1687866608428991,True
2008-11-20 09:00:00,33.553199697062375,0.16878427896568965,True
2012-12-01 00:00:00,33.74984164573182,0.1682676211085796,True
2007-12-25 06:00:00,33.69853858270269,0.16791251030445023,True
2008-11-19 12:00:00,32.28021750329352,0.16750852446031234,True
2017-12-18 12:00:00,31.6958789052434,0.16716521616399035,True
2017-12-12 18:00:00,31.459503898543648,0.16714642666877255,True
2008-11-20 00:00:00,33.849438579329814,0.16686449976623463,True
2008-11-20 03:00:00,33.57792943837269,0.1666061274495359,True
2008-11-20 06:00:00,33.60919969581068,0.1653946397882287,True
2001-12-26 03:00:00,31.58591787062528,0.16530426147866345,True
2007-12-24 09:00:00,33.880179335025474,0.16500205351265068,True
2010-09-01 03:00:00,34.060316352394096,0.1647335394896322,True
2012-11-30 18:00:00,33.21926081563761,0.16380484334220138,True
2008-11-19 18:00:00,33.54983858602639,0.16350726579063327,True
2011-11-28 21:00:00,33.02516386230405,0.1634913069097446,True
2018-01-04 03:00:00,32.24732956246969,0.16347967562414825,True
2015-01-09 06:00:00,33.56305070778033,0.16347553434418494,True
2008-11-19 15:00:00,33.675156191511576,0.16333389660947123,True
2012-12-01 18:00:00,33.89838732208445,0.16330789280166508,True
2002-03-19 09:00:00,31.26966734660911,0.16255103175525643,True
2003-12-30 09:00:00,31.84085529089181,0.1624210229854618,True
2015-01-09 03:00:00,33.39493276462617,0.162362652997937,True
2013-03-12 00:00:00,33.76264413682536,0.16230302944652528,True
2015-01-09 00:00:00,33.22681482147201,0.16164914110028575,True
2017-12-12 06:00:00,32.7405146824586,0.1615728365533118,True
2017-12-23 00:00:00,32.04081800861154,0.16136476369080766,True
2008-11-19 21:00:00,33.605119627800896,0.1604498767183295,True
2017-12-12 12:00:00,31.73676941358869,0.16037569955779646,True
2012-11-30 15:00:00,33.242076768717816,0.16035455298903262,True
2017-12-23 06:00:00,32.558866152501665,0.16024284859491345,True
2002-03-20 06:00:00,31.704060849504963,0.1594696474566844,True
2013-12-18 21:00:00,31.508136625256075,0.1593402159972941,True
2005-01-21 15:00:00,32.138965900438315,0.1586405363651685,True
2008-01-17 15:00:00,34.573978857706386,0.15830914023506987,True
2015-11-15 03:00:00,32.91815852809396,0.15826276223449115,True
2011-11-28 18:00:00,32.765621473925385,0.15766843524692017,True
2010-09-01 00:00:00,34.080999685265134,0.15732558527399224,True
2014-01-25 12:00:00,32.34237194634871,0.15705680755842044,True
2008-11-15 21:00:00,32.57391925918089,0.15663269217035375,True
2012-12-01 15:00:00,33.89613281776966,0.15644604203261692,True
2014-01-25 21:00:00,33.149040727420385,0.15628605109393934,True
2015-01-20 21:00:00,32.734019563228635,0.15570668878706057,True
2017-12-27 12:00:00,32.30394333528652,0.15493447867418247,True
2014-01-25 09:00:00,32.05303861948247,0.15467156773860488,True
2010-01-18 21:00:00,33.90167595189959,0.15448715110942648,True
2011-11-29 00:00:00,33.28470625068272,0.15432106436965212,True
2015-01-09 18:00:00,32.73566865472955,0.1537302102661526,True
2005-01-20 21:00:00,32.079439219492976,0.1534962837231597,True
2005-01-21 09:00:00,32.06600982507028,0.1531725780179984,True
2008-06-24 18:00:00,34.042860797228705,0.15315131530264647,True
2005-01-21 06:00:00,32.09221675421023,0.15295543884902846,True
2013-11-15 06:00:00,33.25636637036377,0.15277235694374527,True
2008-06-25 06:00:00,34.90587194632379,0.1521219133586695,True
2005-01-21 00:00:00,32.05067068487833,0.1521006119192958,True
2008-06-25 03:00:00,34.94234411045702,0.15203880397860536,True
2014-01-25 15:00:00,33.184412242842946,0.15196200912566923,True
2005-01-20 18:00:00,32.04927750845545,0.15183600587829327,True
2010-09-01 06:00:00,34.05798163452593,0.151723266821467,True
2016-12-03 18:00:00,31.830511078160058,0.15144464473462144,True
2005-01-20 15:00:00,30.80423894263863,0.15106768880291727,True
2005-01-21 03:00:00,32.2480231761096,0.15072822129401636,True
2014-01-04 06:00:00,32.83395232313134,0.15071904054278926,True
2018-01-04 06:00:00,32.64680855328272,0.15067424069050686,True
2008-06-25 09:00:00,34.80856633566941,0.15066083478200704,True
2018-01-09 06:00:00,32.93502639606596,0.15020298569276075,True
2014-01-25 18:00:00,33.154433039308834,0.15019748511949157,True
2011-11-29 12:00:00,33.68819969404489,0.15013852332874136,True
2005-01-21 12:00:00,32.06520688779917,0.15010271838807682,True
2015-11-27 15:00:00,32.102808015733515,0.14943916312213915,True
2011-11-29 03:00:00,33.484299585223724,0.1492893688333469,True
2015-01-17 18:00:00,31.48677182863652,0.1485959382437335,True
2018-01-19 21:00:00,31.708014883757983,0.14845159015964998,True
2008-11-16 03:00:00,33.712220895322034,0.14844928351006123,True
2012-12-01 21:00:00,33.55106080822129,0.14821419683794995,True
2011-11-29 06:00:00,33.49168303177071,0.14818266879528563,True
2011-11-29 09:00:00,33.52452865393218,0.14806228793179946,True
2008-11-16 00:00:00,33.96404968787916,0.14777859393803597,True
2002-01-02 12:00:00,31.81344973594881,0.14753827385816906,True
2008-06-25 00:00:00,34.90782188900642,0.14748377158104128,True
2015-01-09 15:00:00,32.70341013272332,0.14642569227838031,True
2010-01-02 18:00:00,33.6983058400172,0.1458780417610257,True
2012-11-30 03:00:00,34.200343635338655,0.14551361495148554,True
2008-11-16 06:00:00,33.81367191346258,0.14507456418553083,True
2018-01-09 15:00:00,32.33885156811598,0.14456393273242185,True
2008-11-16 09:00:00,33.68974969401024,0.1440119118891592,True
2017-12-12 09:00:00,32.89091221186565,0.14399711803850468,True
2016-12-29 00:00:00,32.70229030565085,0.14364709447085316,True
2012-12-02 21:00:00,33.32223812213819,0.1433376974782541,True
2008-06-24 21:00:00,34.650651872001504,0.1429313239328442,True
2008-11-16 12:00:00,33.948137959839755,0.14290791512139106,True
2017-01-15 21:00:00,32.622659655263746,0.14265095672116052,True
2010-04-03 15:00:00,34.70947817534003,0.14256045794935857,True
2017-12-23 03:00:00,32.2998420805566,0.14251872013227618,True
2007-12-01 00:00:00,32.77683860330429,0.1424108647997138,True
2018-01-27 09:00:00,32.58125835442327,0.14219002645578876,True
2008-11-16 15:00:00,33.689088582913925,0.14207507564261626,True
2008-11-16 18:00:00,33.728427470923506,0.14186104357657134,True
2012-12-02 12:00:00,33.375428516576434,0.14177011207225748,True
2013-01-24 18:00:00,32.01309989983645,0.14117113232995931,True
2012-12-01 12:00:00,33.28596640953047,0.14023764540988914,True
2018-01-31 06:00:00,31.45001085518342,0.14004890861769032,True
2015-01-21 06:00:00,32.18866802024497,0.13988699756976064,True
2017-12-15 03:00:00,32.10825444610397,0.13978842394233906,True
2007-12-01 21:00:00,31.741942082044755,0.13977608869339658,True
2008-11-16 21:00:00,33.70981080467296,0.13917146576391407,True
2017-12-14 21:00:00,32.00879174385765,0.1379394848788398,True
2015-01-16 06:00:00,31.891191400877823,0.137888198795645,True
2012-11-29 06:00:00,33.9229178260396,0.1374030668343138,True
2015-01-22 03:00:00,32.84702749062433,0.1373218444344228,True
2015-01-21 00:00:00,32.70174376665605,0.1360952126914537,True
2007-12-02 15:00:00,33.16594869561709,0.13608624585927806,True
2017-01-16 03:00:00,32.05200946943908,0.1358143484945729,True
2015-01-19 21:00:00,33.12601344930079,0.13508773176336997,True
2015-11-15 06:00:00,32.82650526886081,0.1349913967086846,True
2017-12-15 00:00:00,32.058523094980806,0.13439159180766172,True
2017-01-16 00:00:00,32.01889973135665,0.1342348420920501,True
2018-01-09 03:00:00,32.73462424140095,0.13382340552611627,True
2015-01-22 00:00:00,32.518644919360675,0.133795143498851,True
2012-11-26 18:00:00,32.05588417581443,0.13371080708650512,True
2010-08-31 21:00:00,34.06168506973861,0.13369195060107644,True
2008-06-25 12:00:00,34.85277198439884,0.1334617708309814,True
2012-12-03 15:00:00,33.46751068270519,0.1333873114260073,True
2001-12-17 21:00:00,31.62692984631248,0.13316428807682357,True
2018-01-10 03:00:00,32.2224684924412,0.13304261209983084,True
2007-12-02 00:00:00,33.090567961371256,0.132889284953855,True
2013-03-10 21:00:00,32.65361651278605,0.13267266214487047,True
2017-12-15 06:00:00,32.15798579722713,0.13180487201179972,True
2018-01-16 03:00:00,32.95720849428699,0.13163170986215417,True
2008-06-24 15:00:00,34.07915464160777,0.131553950727395,True
2007-12-02 18:00:00,32.77044415900277,0.13154719706450982,True
2018-01-08 21:00:00,32.33381993207093,0.13097590365425346,True
2015-01-26 06:00:00,32.110015964024,0.13019928977116027,True
2018-01-05 15:00:00,31.81805797803836,0.1301862011456604,True
2001-12-17 00:00:00,31.58108003339856,0.13005962944584915,True
2018-01-10 06:00:00,32.19337272352251,0.12987790442766767,True
2010-09-01 09:00:00,34.04884968598373,0.12978441415982922,True
2017-12-12 15:00:00,32.27114206288334,0.12964164979708492,True
2016-12-29 09:00:00,31.89326555908063,0.12924441154981609,True
2017-01-15 03:00:00,31.154960319772893,0.12916822041630155,True
2007-12-02 12:00:00,32.76887193681568,0.1290589813270813,True
2018-01-30 12:00:00,31.529351665375824,0.1289830030726293,True
2016-12-29 12:00:00,32.064894174773045,0.12884440746795267,True
2018-01-09 00:00:00,32.53422208673594,0.1288439699756898,True
2013-10-08 03:00:00,33.401677478226944,0.12881082110733272,True
2018-01-16 00:00:00,32.93827310068248,0.12866775683936066,True
2007-12-02 09:00:00,32.76598395502083,0.128485557978467,True
2007-12-02 21:00:00,32.76777071273484,0.12847542967550268,True
2013-01-04 03:00:00,33.05079970829189,0.12846609356122587,True
2007-12-02 03:00:00,32.8273163799538,0.1283128556666306,True
2007-12-02 06:00:00,32.76471638135302,0.1281690042580495,True
2016-12-16 12:00:00,32.4534635582154,0.12807597948831168,True
2001-12-17 18:00:00,31.57557275484369,0.12804721293394977,True
2013-10-08 06:00:00,33.549311593894515,0.12789996660918673,True
2016-12-29 06:00:00,31.83918934890006,0.12777421267312894,True
2001-12-16 21:00:00,30.512208128165742,0.12775404149536512,True
2001-12-17 03:00:00,31.502633749673624,0.12758731548934657,True
2015-01-21 03:00:00,32.61836362548928,0.1275630997478086,True
2013-11-15 09:00:00,32.96670879425555,0.12712718147787647,True
2001-12-17 06:00:00,31.45005988261465,0.12708659887536597,True
2017-12-18 15:00:00,31.665363239008997,0.12684596972245774,True
2013-11-30 18:00:00,33.323316368867324,0.12675311622179264,True
2001-12-17 12:00:00,31.66374540703497,0.12665573366006816,True
2012-11-29 18:00:00,33.245371926165085,0.1259767041875132,True
2018-01-28 00:00:00,32.275562154998326,0.12594299437291795,True
2017-12-11 15:00:00,31.988527035423328,0.1258979738307082,True
2012-12-03 18:00:00,33.17557192772523,0.12588848740334355,True
2013-01-26 00:00:00,33.52881946884915,0.1254203595627194,True
2018-01-10 00:00:00,32.251564261359896,0.12541911332601646,True
2001-12-17 15:00:00,31.598589294181448,0.12541742264766048,True
2018-01-08 18:00:00,32.133417777405924,0.124987458719372,True
2005-12-27 00:00:00,31.70892751606285,0.1247272487169409,True
2001-12-17 09:00:00,31.925883219865757,0.12448392914765724,True
2013-10-08 09:00:00,33.640599695108826,0.12425564719965912,True
2003-01-02 12:00:00,31.59229673788897,0.12364988965212362,True
2018-01-20 06:00:00,31.816121903064992,0.12345761985725016,True
2013-10-08 00:00:00,33.19977578205951,0.12284513093750674,True
2018-01-06 18:00:00,31.53158700713041,0.12252187073440537,True
2018-01-05 00:00:00,32.89950294297108,0.12237329440732903,True
2018-01-16 06:00:00,32.97614388789149,0.1220242227823487,True
2012-12-04 00:00:00,32.912950547300646,0.12199117897252305,True
2010-01-17 15:00:00,33.62058605919253,0.12198817207333015,True
2018-01-20 03:00:00,31.780086229962656,0.1217963667753568,True
2016-12-29 03:00:00,31.832471957745856,0.12135150600387531,True
2012-12-02 18:00:00,33.51903539364009,0.12097924041724625,True
2012-11-29 21:00:00,33.678702981051806,0.12068943887743364,True
2018-01-09 18:00:00,32.30975579919728,0.120531605139815,True
2013-10-08 12:00:00,33.68269969416783,0.12038864139121482,True
2015-01-21 21:00:00,32.649521939483364,0.1203617898597665,True
2018-01-09 21:00:00,32.28066003027859,0.12035991737271268,True
2017-12-27 09:00:00,32.081838133986615,0.12008886170923454,True
2017-01-15 06:00:00,32.39259704895577,0.11995177811915432,True
2017-12-09 12:00:00,31.43497586767329,0.11947301397770571,True
2010-01-17 12:00:00,34.13370529575934,0.11920756190011202,True
2017-01-15 12:00:00,32.044989996875714,0.1191124729244158,True
2012-12-02 15:00:00,33.71583266514199,0.11904383640714185,True
2015-01-24 15:00:00,33.100761103749605,0.11894919779813354,True
2012-11-29 09:00:00,33.681891050292464,0.1188786645332531,True
2018-01-08 15:00:00,31.933015622740918,0.11887532189267205,True
2008-06-25 15:00:00,34.89892188920536,0.11880543560771865,True
2017-01-15 09:00:00,32.18310491025411,0.11861843447166501,True
2015-01-17 15:00:00,32.540493595825986,0.1185990670883886,True
2007-11-29 15:00:00,32.22098306017307,0.11783572348033049,True
2018-01-20 00:00:00,31.74405055686032,0.11782655192983812,True
2015-01-21 18:00:00,33.565847522866626,0.11778342212390983,True
2017-01-01 21:00:00,31.208677939088048,0.11770307534957632,True
2013-10-08 15:00:00,33.71757106815298,0.11765252805965579,True
2010-09-02 03:00:00,34.88050206979725,0.1172209828084402,True
2010-01-07 21:00:00,32.82390551876168,0.11670661287202555,True
2013-12-01 09:00:00,33.065460819075305,0.11668567850061659,True
2016-12-16 09:00:00,32.633477064144394,0.116633249142524,True
2017-01-15 15:00:00,32.051769912027844,0.1166149608176364,True
2017-12-09 15:00:00,31.52056069373825,0.11658429065126155,True
2012-12-03 21:00:00,33.48775395043054,0.11639398881827648,True
2017-01-15 18:00:00,32.12744923679944,0.11623492776909006,True
2010-09-02 06:00:00,34.81690522437191,0.11584849482024628,True
2012-11-29 15:00:00,33.221788593358866,0.11544897910764995,True
2013-11-15 12:00:00,33.04859970834105,0.11478452357494737,True
2010-01-08 21:00:00,34.167316350002466,0.1147691835693673,True
2010-01-08 03:00:00,33.821480059707106,0.11429532051516836,True
2017-01-02 06:00:00,31.83743553788184,0.11414301055992378,True
2008-11-27 09:00:00,33.249074687553424,0.11402817548688775,True
2011-11-28 15:00:00,32.50607908554672,0.113990636850875,True
2010-01-08 00:00:00,33.77052746998249,0.11385140391317812,True
2017-01-02 09:00:00,31.9000729189304,0.11384210299215433,True
2018-01-15 21:00:00,32.91933770707798,0.11382876452250115,True
2017-01-02 00:00:00,32.351747696889895,0.11364984997714356,True
2016-12-28 21:00:00,32.28577603818864,0.11352241774942917,True
2015-01-08 21:00:00,33.05869687831785,0.11344982154753244,True
2015-01-24 12:00:00,33.0967165422824,0.1134430224788781,True
2015-11-15 09:00:00,32.82074415787847,0.11327240874113279,True
2012-11-30 00:00:00,33.93952330819523,0.11319176464368486,True
2007-12-05 21:00:00,32.182760538504894,0.11306254630931926,True
2015-01-24 18:00:00,33.00700997650315,0.11266347867347204,True
2013-12-01 12:00:00,32.543525520006995,0.11227709226147234,True
2017-01-02 03:00:00,32.07367824320415,0.11215767768562583,True
2013-11-30 21:00:00,32.79828982693028,0.11189695305250469,True
2010-01-08 06:00:00,34.057083019133024,0.11147804336593814,True
2010-01-08 18:00:00,33.801888580392635,0.11145233121795879,True
2017-12-11 03:00:00,33.14307424039088,0.11113123096116781,True
2014-01-25 06:00:00,32.65936004251824,0.11086975156166448,True
2017-01-02 15:00:00,32.39758314801387,0.1107767880802351,True
2010-01-08 12:00:00,33.74775656653666,0.11013744343935652,True
2010-01-08 09:00:00,33.84547746830723,0.11012216640719152,True
2010-01-08 15:00:00,33.81481635788145,0.10955344073115059,True
2017-01-02 12:00:00,31.88872292267213,0.10946593671557134,True
2012-11-29 12:00:00,33.18308709099029,0.10933719368643117,True
2010-01-17 03:00:00,33.80615016221828,0.10922245243206577,True
2017-12-10 06:00:00,32.367482411887345,0.10912018458149253,True
2014-01-03 00:00:00,31.76442375293325,0.10902897394789716,True
2010-01-17 09:00:00,33.835366357422124,0.10895723824008394,True
2015-01-24 09:00:00,32.77119187748348,0.10889028769012558,True
2010-01-17 06:00:00,33.7869052473942,0.10868276751015726,True
2010-01-17 00:00:00,33.89509413386488,0.10857538666407525,True
2017-12-09 09:00:00,31.34939104160833,0.1085054910813805,True
2015-01-24 06:00:00,32.44566721268456,0.10832574829723896,True
2014-01-25 03:00:00,32.27371083677229,0.10796783658145129,True
2014-01-03 03:00:00,32.971042803167684,0.10780375459091425,True
2005-12-07 18:00:00,32.50217905426429,0.10767090766598009,True
2008-12-24 18:00:00,33.01911036380193,0.10698592216558751,True
2010-01-16 18:00:00,32.77180905781035,0.10687211834407404,True
2015-01-26 15:00:00,32.645443482763355,0.10660164163400891,True
2015-01-25 00:00:00,33.18359851180241,0.10627812017727915,True
2013-12-01 06:00:00,32.710190631821014,0.10620905327641628,True
2008-12-07 06:00:00,34.20076417207767,0.10610770007309359,True
2010-01-16 21:00:00,33.972083680166634,0.1060458253548348,True
2015-01-26 09:00:00,33.09746637391546,0.10579503900991685,True
2017-12-27 00:00:00,31.41552253008689,0.10537746126413264,True
2017-12-27 03:00:00,31.637627731386797,0.1051662678316776,True
2013-12-01 00:00:00,32.66194416142793,0.10515667891679548,True
2005-01-09 00:00:00,32.05101639730545,0.10459735311304101,True
2017-12-27 06:00:00,31.859732932686704,0.10451330263181398,True
2012-12-05 21:00:00,32.39999819966289,0.10446160282622174,True
2017-01-02 18:00:00,31.76903669839277,0.104275602122842,True
2018-01-16 09:00:00,32.99507928149599,0.1042476530103145,True
2013-12-01 03:00:00,32.64235527297689,0.10419648771037979,True
2015-01-23 12:00:00,32.79538408272685,0.10412534708664407,True
2008-12-24 21:00:00,33.895955244956745,0.10365286708180421,True
2014-11-30 18:00:00,33.166427483485194,0.10355438556223313,True
2003-01-14 00:00:00,31.74311640418756,0.10336336660386672,True
2004-12-09 21:00:00,31.75694973721169,0.10334397868022258,True
2004-12-09 18:00:00,31.74236452732748,0.10329892234910554,True
2010-09-02 09:00:00,34.779758978955954,0.10318282281504021,True
2004-12-09 15:00:00,32.094766396327564,0.10305901337274628,True
2014-01-26 12:00:00,33.67963911833862,0.1028084505928591,True
2018-01-20 09:00:00,31.85215757616733,0.10275988813305384,True
2008-11-26 15:00:00,34.246859838684685,0.10261904653195161,True
2015-01-24 21:00:00,32.91325884925669,0.10224164691665291,True
2018-01-03 09:00:00,32.58247959245642,0.10220634992325466,True
2016-12-16 15:00:00,31.84619376613009,0.10200858814814043,True
2004-12-08 21:00:00,30.869047881155968,0.101878688246223,True
2018-01-03 06:00:00,32.66849961158427,0.1017842090511499,True
2017-12-26 21:00:00,31.19341732878697,0.10174059399280991,True
2004-12-09 06:00:00,31.74859973739833,0.10172969987402167,True
2003-01-18 09:00:00,32.00310491188987,0.10127268923982631,True
2002-01-01 06:00:00,30.614873347786997,0.10122411726363119,True
2008-06-24 12:00:00,34.0749652798348,0.10112757221425825,True
2012-12-07 03:00:00,33.13967091777258,0.10091754646289278,True
2008-12-25 15:00:00,34.27732067899377,0.10080148706329203,True
2004-12-09 03:00:00,31.81711630837157,0.10062442168487815,True
2013-12-01 15:00:00,32.5521886083256,0.10046966361256382,True
2004-12-09 09:00:00,31.733444182181525,0.10035969348854397,True
2015-11-15 12:00:00,32.487237375209475,0.10035563664794991,True
2018-01-03 03:00:00,32.75451963071211,0.10027203653975539,True
2004-12-09 00:00:00,32.13123306217914,0.10025864258888513,True
2016-01-26 06:00:00,31.899933067349096,0.10023594632411618,True
2003-01-13 21:00:00,31.76805556900232,0.10014578125375698,True
2018-01-03 12:00:00,32.496459573328586,0.10007125619004593,True
2017-11-28 06:00:00,32.28196083658789,0.09992555293207292,True
2018-01-05 03:00:00,32.93690096313964,0.09987012387322132,True
2003-01-13 12:00:00,31.712577515981263,0.09956541554613527,True
2006-01-09 18:00:00,30.906002680547644,0.099478092551926,True
2018-01-05 09:00:00,33.011697003476755,0.09944146168945556,True
2017-12-24 15:00:00,31.24672441383776,0.09928907623631732,True
2003-01-13 09:00:00,31.715521960359894,0.09922739148780088,True
2008-01-28 09:00:00,34.623625915078094,0.09921291975565918,True
2005-01-08 15:00:00,31.833310846615987,0.09919134002882472,True
2018-01-05 12:00:00,33.04909502364531,0.09916015610836038,True
2003-01-13 18:00:00,31.995271954107,0.09914417098244063,True
2018-01-02 21:00:00,32.92655966896779,0.09900753777238464,True
2017-11-27 15:00:00,32.79158688678959,0.09897480714364223,True
2008-11-26 09:00:00,34.294155301338954,0.09882343740150547,True
2018-01-03 00:00:00,32.84053964983995,0.09879898456614769,True
2008-11-26 12:00:00,34.12760140625042,0.09858332099314272,True
2017-11-28 09:00:00,31.708327947568343,0.0985302252582449,True
2018-01-02 18:00:00,33.01257968809563,0.09845595305259158,True
2017-11-28 12:00:00,31.823528557498328,0.09832273911567505,True
2006-01-10 00:00:00,31.92286678068732,0.09819945051454082,True
2010-09-02 00:00:00,34.80551633573757,0.09815935911193148,True
2003-01-13 15:00:00,31.706180529306923,0.09814943418632774,True
2005-01-08 21:00:00,31.851483068432035,0.09800206913874189,True
2017-12-15 09:00:00,32.207717148350284,0.09797764386868352,True
2005-01-08 12:00:00,32.151439424370444,0.09792090590215295,True
2005-01-08 18:00:00,31.8264701688028,0.09785090939403879,True
2015-01-24 03:00:00,32.12014254788564,0.0977996274777968,True
2002-03-20 09:00:00,31.682521961097518,0.09774280598932614,True
2006-01-10 03:00:00,31.821599735766643,0.09757885058405995,True
2017-11-28 15:00:00,31.89623780031185,0.09754120105326021,True
2015-11-15 15:00:00,32.393288611877296,0.09753935783193679,True
2008-06-25 18:00:00,34.896941994968856,0.09752074800768615,True
2015-01-25 03:00:00,32.88148860096518,0.0973809314878553,True
2005-01-08 00:00:00,30.95002886970057,0.0972991663577899,True
2006-01-10 06:00:00,31.81441564155888,0.09726373553604245,True
2005-01-08 03:00:00,31.838988624266864,0.09703799986892403,True
2008-12-25 18:00:00,33.77634413651915,0.09701413859059074,True
2010-08-31 18:00:00,34.04589413049424,0.09694380027634038,True
2013-10-07 21:00:00,33.015060820201825,0.09684948088217613,True
2017-11-28 03:00:00,31.92398852947748,0.0967858309588967,True
2015-11-15 18:00:00,32.440700098576514,0.0966855894155533,True
2015-01-26 12:00:00,32.987613414916666,0.09666114617579973,True
2016-12-15 18:00:00,32.490541837931744,0.09663750987882407,True
2017-01-09 06:00:00,31.91852355657576,0.09658635377366755,True
2016-12-16 18:00:00,31.891247691726235,0.09652281416737207,True
2017-01-09 00:00:00,32.387277500900545,0.09649442238438202,True
2004-12-09 12:00:00,31.76776219488247,0.09646793549019592,True
2007-12-17 03:00:00,33.67191636107551,0.09627503642281818,True
2018-01-16 15:00:00,31.996804824443107,0.09621849050009403,True
2006-01-10 09:00:00,31.766883070323,0.09614110513997855,True
2011-11-22 21:00:00,33.2116108158086,0.0959351985773009,True
2006-01-09 21:00:00,32.027483009127145,0.09590913953565058,True
2016-12-16 21:00:00,32.373429991466274,0.09589614872779473,True
2005-01-08 06:00:00,31.836938153502903,0.09579982332872249,True
2017-01-09 03:00:00,31.87159643898059,0.09577658809650583,True
2018-01-17 21:00:00,32.14176858608624,0.09564062843580018,True
2018-01-02 15:00:00,33.09859970722347,0.09556318385792908,True
2003-01-18 00:00:00,32.235741661993735,0.09552880141860874,True
2014-12-05 15:00:00,31.69634476780608,0.09552332475907285,True
2008-01-28 06:00:00,34.63678856173116,0.09550550736573502,True
2017-01-09 09:00:00,32.02887750891141,0.09518093222695381,True
2011-11-23 00:00:00,33.43030668179123,0.09497288167775333,True
2015-01-26 18:00:00,32.69587300160116,0.09468617935800036,True
2013-11-15 15:00:00,33.076174848016514,0.09438279251312562,True
2003-01-02 15:00:00,31.58288307443572,0.09430155995722962,True
2018-01-10 09:00:00,32.164276954603814,0.09420688491088551,True
2017-11-28 00:00:00,31.834858352250336,0.09369909037157653,True
2003-01-18 03:00:00,31.861699734870346,0.09339709903704746,True
2008-01-28 12:00:00,34.62187189539791,0.09322500409478929,True
2009-12-06 00:00:00,34.12423108385591,0.09315509566186017,True
2003-01-18 06:00:00,31.87937195669756,0.09312558194122772,True
2015-11-14 18:00:00,32.4113830559173,0.09305961429512927,True
2002-03-21 06:00:00,32.44214972189627,0.09286748900165186,True
2007-12-12 09:00:00,33.947094132702595,0.09281029820818901,True
2001-12-02 15:00:00,31.717019448815996,0.09264242014570327,True
2017-11-27 21:00:00,31.756088626119823,0.09257998640028872,True
2017-01-08 21:00:00,32.06134259827585,0.0916769737656421,True
2018-01-08 12:00:00,31.85812293149178,0.09157160792961233,True
2018-01-03 18:00:00,31.90610505795188,0.09147999911370899,True
2008-01-28 03:00:00,34.666551121452386,0.0914777354339576,True
2010-09-01 12:00:00,34.05322543663667,0.09146631652165571,True
2017-01-08 18:00:00,31.893512947372475,0.09144348109759609,True
2008-12-25 00:00:00,34.15529233231387,0.0913394772222064,True
2012-12-27 00:00:00,33.20723859368409,0.09121848063884155,True
2015-01-08 18:00:00,32.89057893516369,0.09108916064470222,True
2017-11-27 18:00:00,31.763933268644283,0.09100282083646652,True
2018-01-28 03:00:00,32.41218190209645,0.09096964029003508,True
2017-01-08 15:00:00,31.812667149774708,0.09087925958951838,True
2005-01-08 09:00:00,31.834205291040448,0.09069895299844148,True
2016-12-16 03:00:00,31.847682503545247,0.09031122950437917,True
2016-12-19 15:00:00,32.157814490578644,0.09030821660364471,True
2008-01-21 00:00:00,34.069830524517045,0.0901886536840708,True
2018-01-05 06:00:00,32.974298983308195,0.09017001500840724,True
2008-12-07 00:00:00,33.9386745472034,0.09010696559840616,True
2008-01-21 03:00:00,33.8147368451479,0.08999463620125318,True
2008-12-07 03:00:00,33.947921910461865,0.08981791102876038,True
2015-11-15 21:00:00,32.7171774935267,0.08964837346538833,True
2016-11-29 00:00:00,32.59842749618097,0.08954332047571907,True
2016-12-20 12:00:00,31.98151438436141,0.08945580860583967,True
2016-12-16 06:00:00,32.038794400929376,0.0893775777054698,True
2016-12-15 15:00:00,31.96408612782184,0.08899920554918442,True
2016-12-19 12:00:00,32.64621704987328,0.0889503313673777,True
2008-01-21 06:00:00,33.85563471115946,0.08860389615172581,True
2016-12-20 09:00:00,32.458566388196004,0.08856622128026578,True
2012-12-10 06:00:00,33.59320037644039,0.08842415068494776,True
2008-12-06 21:00:00,33.84661635717066,0.0881839163622212,True
2013-11-30 15:00:00,32.07017550051867,0.0879283210993836,True
2018-01-15 18:00:00,32.90040231347348,0.08785718544391634,True
2018-01-02 12:00:00,31.927539316732048,0.08785260568795844,True
2005-12-07 21:00:00,31.348881898729463,0.08771281322011241,True
2010-09-02 12:00:00,34.85631077904668,0.08754046776611994,True
2006-01-10 18:00:00,31.83262195774251,0.08753349923593161,True
2008-11-27 06:00:00,33.47203520938705,0.08722388470731922,True
2016-12-17 09:00:00,31.880521956671856,0.08710719304880656,True
2012-12-10 15:00:00,33.12684735254313,0.0869876119100361,True
2016-12-15 12:00:00,32.682939754828375,0.08691550168442386,True
2016-12-19 18:00:00,32.34926639063905,0.0868834607424547,True
2016-12-29 15:00:00,32.42053455284685,0.08686134253038336,True
2008-12-25 06:00:00,33.753384395784245,0.08680215427556616,True
2008-12-25 03:00:00,33.791544136179404,0.08675705796248061,True
2008-12-06 18:00:00,33.822839330675095,0.08671585861582623,True
2005-01-13 03:00:00,32.081221952185864,0.08659000225089063,True
2012-12-10 09:00:00,33.07886637433122,0.08646928718646457,True
2008-12-25 09:00:00,33.819560802219854,0.08624061209633475,True
2016-12-16 00:00:00,31.80174267915343,0.08614661421249807,True
2016-12-29 21:00:00,31.86088663965042,0.08608825791204668,True
2012-12-10 18:00:00,33.44740525498262,0.08603728781100503,True
2002-03-21 03:00:00,32.39645302832286,0.08595987175309046,True
2006-01-10 12:00:00,31.909569891903143,0.08590928509992245,True
2012-12-10 12:00:00,33.091333040719235,0.08572869721214156,True
2016-12-15 21:00:00,31.75856482939331,0.08571662047111431,True
2008-12-25 12:00:00,33.879060800889924,0.08567251787534115,True
2017-12-18 18:00:00,31.510161475889568,0.08555390596844577,True
2016-11-27 12:00:00,31.81569323471664,0.08533121490272733,True
2005-12-08 00:00:00,31.684622311733467,0.08513812027275845,True
2015-01-23 15:00:00,33.19259680657175,0.08478174811408748,True
2017-01-02 21:00:00,31.81929429364131,0.08476002029299659,True
2015-01-21 09:00:00,32.970444808127176,0.08456912540260683,True
2006-01-10 15:00:00,31.79467467967913,0.08442000634214232,True
2017-01-03 00:00:00,31.924674686381763,0.08431289737911067,True
2011-12-03 03:00:00,33.429248827629635,0.08405172795550384,True
2016-12-10 09:00:00,31.85531084612425,0.08395131280781762,True
2018-01-10 18:00:00,31.24939548929716,0.08382129140451793,True
2018-01-18 03:00:00,32.24344010898099,0.08381249345063875,True
2015-01-15 15:00:00,33.14155289911861,0.08376458002251672,True
2002-03-21 09:00:00,32.421471944580695,0.08355297453710134,True
2016-11-27 03:00:00,31.895033150377355,0.08343659793803532,True
2008-01-20 21:00:00,33.831590882862265,0.08343329676403075,True
2008-01-28 00:00:00,34.70517189353601,0.0833365422597397,True
2016-11-26 18:00:00,32.36990743326158,0.0832254045017994,True
2008-11-26 18:00:00,33.80224728342709,0.08308885055965895,True
2018-01-18 06:00:00,32.294275870428365,0.08295732028176159,True
2008-12-06 15:00:00,34.21926634884129,0.08288915700826412,True
2014-11-30 21:00:00,32.62104393558476,0.08286535137660504,True
2003-01-16 06:00:00,31.76703060118389,0.08282440893513486,True
2018-01-18 00:00:00,32.19260434753362,0.0826784892523768,True
2008-01-20 15:00:00,33.782910803039044,0.08256526173561402,True
2011-11-23 03:00:00,33.54486080835988,0.08249265918983985,True
2008-01-20 18:00:00,33.81259189104004,0.08248505861810759,True
2016-12-17 06:00:00,31.833415200968023,0.08241524807317765,True
2008-01-20 06:00:00,32.895008293000714,0.08223854828411244,True
2015-01-08 03:00:00,32.0499892193929,0.08215551745039076,True
2005-12-08 15:00:00,31.67622751679375,0.08201102229439419,True
2017-12-09 06:00:00,31.263806215543376,0.08199836932868003,True
2005-12-08 18:00:00,32.11965999275797,0.08199186794558513,True
2008-01-20 12:00:00,33.953957195115066,0.08191262365196403,True
2011-11-22 18:00:00,33.14344788597075,0.08181508518981147,True
2016-12-09 09:00:00,32.63882535639882,0.081611076834809,True
2003-01-16 03:00:00,32.012904493395425,0.08160059546226403,True
2018-01-06 21:00:00,31.640854327271963,0.08155694751398174,True
2008-12-11 00:00:00,33.29406802728869,0.08126390567947721,True
2015-11-22 12:00:00,32.099982024815375,0.08117571201031573,True
2016-12-29 18:00:00,31.814559246281835,0.08106607944523758,True
2016-11-27 06:00:00,32.18188362794043,0.08104957476739046,True
2007-12-06 00:00:00,33.14057748406298,0.08091502025296875,True
2017-01-08 12:00:00,31.739405293159397,0.0809025534928495,True
2018-01-27 06:00:00,32.29827352659921,0.08071240557663295,True
2016-12-10 00:00:00,32.455752075641215,0.08062966630471355,True
2016-11-27 00:00:00,31.863548466110643,0.08062151870283965,True
2012-12-10 21:00:00,33.24216173784776,0.08061590774499464,True
2003-01-16 00:00:00,32.43285686496113,0.0805473153340194,True
2013-10-08 18:00:00,33.72719329016014,0.08053819629269929,True
2007-12-06 15:00:00,33.29472748061746,0.08050144576033455,True
2005-12-08 12:00:00,31.6822487125606,0.08049693813128087,True
2015-11-22 15:00:00,32.14779972847551,0.08046686880318112,True
2008-11-27 12:00:00,33.73227191528202,0.08025531249454759,True
2008-12-11 09:00:00,33.715418112526734,0.07996374104549545,True
2016-11-26 21:00:00,31.77025529246984,0.07982400322579657,True
2017-01-13 18:00:00,31.96720596833977,0.07946427081726186,True
2008-12-11 06:00:00,34.23546634847919,0.0793755883047287,True
2016-12-10 06:00:00,31.789455928592048,0.07918624102122943,True
2016-12-20 06:00:00,31.91135248288884,0.07912979030222475,True
2012-12-10 00:00:00,32.767772623240944,0.0790777557823793,True
2016-12-10 03:00:00,31.76671933158791,0.07883172416311095,True
2016-11-29 03:00:00,32.250406530048394,0.07882032061139486,True
2007-12-06 12:00:00,32.86450333002699,0.07874910696428836,True
2005-12-08 03:00:00,31.95499973278493,0.07872685913592134,True
2008-12-11 15:00:00,33.927928313921946,0.07872047087500675,True
2008-12-11 12:00:00,33.82564413541721,0.07858570185327919,True
2005-12-08 09:00:00,31.689877516488647,0.07846810835758036,True
2005-12-08 06:00:00,31.82184350452997,0.07830030471675327,True
2005-11-30 18:00:00,32.38897862815757,0.07827294252402239,True
2008-12-11 03:00:00,33.93388763582264,0.07786966795810238,True
2013-01-21 03:00:00,32.61613305134077,0.07786212970405147,True
2016-12-17 03:00:00,31.77144143476542,0.07749538413053281,True
2017-01-16 06:00:00,32.09825528513847,0.0772572810484158,True
2007-12-06 06:00:00,32.90196637828524,0.07702641533837751,True
2007-12-06 03:00:00,33.07429014304748,0.07698035017021422,True
2007-12-06 18:00:00,32.87612010793449,0.07696639114581802,True
2012-12-10 03:00:00,33.20103859382268,0.07690950593615029,True
2008-11-26 21:00:00,33.83864413512664,0.07682592844007233,True
2009-12-06 03:00:00,33.8560941347366,0.07652375228695685,True
2007-12-06 09:00:00,32.88069007490592,0.07632362190791656,True
2016-01-06 15:00:00,32.00514973166399,0.07618004608635832,True
2008-01-20 09:00:00,33.8568552458307,0.07600592998163168,True
2015-01-27 06:00:00,33.08484970753081,0.07596462990823312,True
2017-01-08 09:00:00,32.83672685439813,0.07595409078243764,True
2015-01-26 21:00:00,32.74630252043897,0.07572998646764481,True
2004-12-10 00:00:00,31.724015946424327,0.07549121756907433,True
2015-01-15 12:00:00,32.598171940631126,0.07545240808317857,True
2007-12-25 09:00:00,33.72516788859517,0.07534921713447822,True
2013-12-01 18:00:00,32.59768305175317,0.07532388700413248,True
2016-11-26 12:00:00,32.69680527175983,0.07530640625060026,True
2007-12-05 12:00:00,33.312533035775026,0.07521179031778942,True
2013-01-21 00:00:00,32.46925771215794,0.07493138415885044,True
2008-12-11 18:00:00,34.10004412928389,0.07492752943201483,True
2007-12-05 18:00:00,32.88909415635073,0.07487160098978093,True
2015-01-27 03:00:00,32.984031766841326,0.07486698326100603,True
2005-12-06 18:00:00,32.51908453030324,0.07442735327409289,True
2007-12-06 21:00:00,32.98088859874342,0.07440610663333269,True
2007-11-19 15:00:00,31.013288642722696,0.07397470386106589,True
2018-01-28 06:00:00,32.53361750183016,0.07396705390285462,True
2008-11-27 15:00:00,33.55211423285528,0.07381642129841608,True
2010-09-01 21:00:00,34.796300803063744,0.07378923271284124,True
2003-01-18 12:00:00,31.866738623646608,0.07369695701302838,True
2015-01-08 15:00:00,32.72246099200953,0.07356907577583609,True
2010-01-02 21:00:00,33.77049969220533,0.07350949357980027,True
2008-12-07 09:00:00,33.78730524738526,0.07339537548821833,True
2018-01-07 00:00:00,31.75012164741352,0.07333251935192164,True
2017-12-26 18:00:00,30.971312127487067,0.07330795999314603,True
2007-11-20 03:00:00,31.533288921541747,0.07324137531651799,True
2001-12-18 00:00:00,31.873634193847757,0.07312873469825977,True
2010-04-15 12:00:00,34.72727744859747,0.0730740322635836,True
2016-11-26 15:00:00,32.06059189095466,0.07300626564838425,True
2015-01-27 00:00:00,32.89069971187041,0.0729371891097286,True
2007-12-05 15:00:00,32.908988600350504,0.07265786320129893,True
2008-01-28 15:00:00,34.60473504770838,0.07253531790913019,True
2006-01-02 00:00:00,32.45648543586156,0.07237806332571747,True
2003-01-16 09:00:00,31.79788862518552,0.07235670730949996,True
2008-01-19 03:00:00,33.77156635884817,0.07231941831218272,True
2016-12-17 00:00:00,31.92732751118123,0.07222781922162425,True
2007-11-19 12:00:00,31.00712994476833,0.07213019365777998,True
2016-12-20 03:00:00,31.845617145114613,0.07207983193497966,True
2003-01-16 12:00:00,31.75793992477975,0.07196987245657528,True
2015-01-08 06:00:00,32.21810716254706,0.07195311892379588,True
2008-12-11 21:00:00,33.967703582413755,0.07188089056800108,True
2016-12-30 00:00:00,31.952979266599016,0.07182594285275988,True
2018-01-28 12:00:00,32.6283531439472,0.07167863191597475,True
2008-11-27 00:00:00,33.568890237252205,0.07164692387479821,True
2008-01-19 12:00:00,33.70092747153817,0.07117862317456633,True
2018-01-12 18:00:00,31.7960392149227,0.0711491099447257,True
2016-11-27 09:00:00,32.03051382508861,0.0710538939702862,True
2018-01-28 09:00:00,32.47999972105026,0.07091063291792075,True
2016-01-06 12:00:00,31.85639727127688,0.07078359478110272,True
2015-11-22 09:00:00,32.07462195233338,0.07077365349459071,True
2007-12-12 12:00:00,33.55560525256416,0.0707711360786688,True
2008-11-27 03:00:00,33.609389779438445,0.0707108382526528,True
2015-01-26 00:00:00,32.92493182492638,0.07066527130447317,True
2015-11-22 06:00:00,32.68791894604983,0.07064350391048355,True
2015-01-23 18:00:00,33.18612820104664,0.07036070574116422,True
2003-01-16 18:00:00,32.02595019249068,0.07034277443915529,True
2007-11-29 12:00:00,31.08509868172301,0.0702959576206432,True
2014-12-01 06:00:00,32.82443304668492,0.07019100718411934,True
2005-12-06 21:00:00,31.71758549883335,0.07016447805261357,True
2015-01-26 03:00:00,33.05611534242046,0.07016079263305394,True
2015-01-25 21:00:00,32.892510822941034,0.07011546787871915,True
2012-12-04 03:00:00,32.98776082081202,0.07007144431254696,True
2015-01-15 18:00:00,33.24367052224927,0.06998074353246611,True
2002-03-21 00:00:00,32.41071638926554,0.06987944735122206,True
2016-11-29 09:00:00,32.02079504759831,0.06982215862046207,True
2014-11-30 15:00:00,32.94699204424527,0.06973907496785574,True
2015-01-25 18:00:00,33.24938859274197,0.06973091851282133,True
2016-12-20 00:00:00,31.780387229499784,0.06955888396799634,True
2010-01-27 12:00:00,34.60161078473967,0.06952917724038121,True
2008-06-25 21:00:00,34.882644616841915,0.06923418845249679,True
2007-12-05 00:00:00,32.981332874132626,0.06920773475770409,True
2008-01-27 21:00:00,34.72063733575153,0.0691826291756372,True
2016-11-29 06:00:00,32.059267532127,0.06918051559653692,True
2007-12-04 21:00:00,32.150948882981965,0.06912883491055528,True
2014-12-01 00:00:00,32.61433305138102,0.06909423333678548,True
2007-11-20 06:00:00,31.563683074864866,0.06907737465444855,True
2003-01-17 21:00:00,31.21059923684389,0.06906011146129842,True
2016-12-09 21:00:00,31.889138623145925,0.0688724768991251,True
2003-01-16 15:00:00,31.89194505863521,0.0684032937383822,True
2016-12-17 12:00:00,32.488500422933704,0.0683304316392488,True
2014-12-01 03:00:00,32.56787278305921,0.06822122264177906,True
2015-01-25 06:00:00,32.31464243775077,0.0682175984196495,True
2017-01-19 15:00:00,32.15681281092191,0.06820978406925697,True
2010-01-27 15:00:00,34.55216078584496,0.06792666246496966,True
2007-12-05 06:00:00,32.89371652861979,0.06775962730683245,True
2007-12-05 03:00:00,32.917638600157154,0.06775340654172429,True
2004-12-02 12:00:00,31.33665641327265,0.06750540756193035,True
2016-01-11 00:00:00,32.20775480987773,0.0674822894146562,True
2010-01-27 09:00:00,34.66629383414135,0.06747062587255526,True
2010-01-27 18:00:00,34.51075618519916,0.06739999925708759,True
2018-01-07 03:00:00,31.85938896755507,0.06737991894815641,True
2016-12-09 12:00:00,31.9750719545585,0.0671769736927283,True
2017-01-11 15:00:00,32.06413311979566,0.06714221223148943,True
2007-12-12 06:00:00,33.61845238920656,0.06709617483935156,True
2016-12-09 18:00:00,31.8284272769852,0.06705016487537974,True
2009-12-05 21:00:00,33.97574715191991,0.06704152558955455,True
2018-01-26 15:00:00,31.757271959426717,0.06703137643165173,True
2007-12-05 09:00:00,32.866021934644216,0.06694079761881798,True
2018-01-12 21:00:00,31.81570407485492,0.06693079276585004,True
2014-01-25 00:00:00,32.37592397262579,0.06690857135088622,True
2008-01-19 06:00:00,33.9008138034067,0.06677773611594671,True
2005-12-07 15:00:00,31.92902090941177,0.06677234688186494,True
2018-01-28 15:00:00,32.617660809212715,0.066696021265833,True
2008-01-19 09:00:00,33.75057191487298,0.06667367427735173,True
2003-01-18 21:00:00,32.02246091746324,0.06661826738058652,True
2017-12-10 00:00:00,31.287617765720096,0.06651274950719127,True
2007-11-20 12:00:00,31.749538626266236,0.06639711681726888,True
2018-01-18 09:00:00,32.345111631875746,0.06608689695423312,True
2010-09-02 15:00:00,34.89314411155673,0.06596962508898499,True
2016-12-09 15:00:00,31.860070887726536,0.06594667397642588,True
2008-01-19 15:00:00,33.748642917551386,0.06582114206348323,True
2015-12-22 06:00:00,32.75772193706491,0.06572657604153709,True
2015-12-10 03:00:00,32.801899713855235,0.06556979284543987,True
2008-11-26 06:00:00,34.25923301461463,0.06555600332973738,True
2016-12-19 21:00:00,31.971208262164502,0.06550110340053036,True
2017-01-09 12:00:00,32.47876902427927,0.06546367881079533,True
2004-12-03 00:00:00,31.76656722948921,0.06544888013876964,True
2011-11-22 03:00:00,34.15512190583059,0.06544483673987148,True
2005-12-07 12:00:00,31.702316405099506,0.06538523007870614,True
2007-12-12 03:00:00,33.59467191835762,0.06529420531809636,True
2013-01-21 06:00:00,32.899894156109326,0.06527127977120298,True
2013-11-22 18:00:00,33.44855340310511,0.06525517767179594,True
2015-01-23 21:00:00,33.17965959552153,0.0652409618281407,True
2015-01-08 12:00:00,32.55434304885537,0.06523502098238916,True
2007-11-19 06:00:00,30.939091092592072,0.0652149221991984,True
2004-12-02 21:00:00,31.796271958555,0.065180137844727,True
2008-11-17 00:00:00,33.685332799911016,0.0650175904991401,True
2016-01-07 09:00:00,32.762551167756904,0.06500713685502961,True
2015-11-22 03:00:00,32.29309972522781,0.06491864534546252,True
2010-01-19 00:00:00,33.894577467209764,0.06481785750917202,True
2012-12-09 21:00:00,32.56062679901589,0.06474295282481174,True
2013-01-21 09:00:00,32.62845112928353,0.06474264603770524,True
2005-12-07 00:00:00,32.040810319979514,0.06473863607977695,True
2015-01-08 09:00:00,32.386225105701214,0.06452188018530464,True
2017-12-30 15:00:00,32.302618012052086,0.06447199056794564,True
2007-11-20 00:00:00,31.758288626070648,0.06424397184024168,True
2015-01-25 15:00:00,33.31548581884931,0.06418344451119248,True
2015-01-24 00:00:00,32.682384616811504,0.06409774623990135,True
2017-01-26 18:00:00,32.63939141221261,0.06407679270936714,True
2018-01-03 15:00:00,32.41043955420074,0.06406804595876726,True
2011-01-27 15:00:00,34.62549411753917,0.06405885074354797,True
2017-12-09 18:00:00,31.60614551980321,0.06391570308412439,True
2004-12-02 18:00:00,32.000227509551785,0.06391222950490971,True
2013-01-21 12:00:00,32.773727492262715,0.06384556851393056,True
2011-01-27 18:00:00,34.562680637714486,0.06384437815474142,True
2007-12-12 00:00:00,33.53920178070859,0.06357378599823907,True
2004-12-03 03:00:00,31.77912195893832,0.06353141360781783,True
2015-01-15 21:00:00,33.02712748659878,0.06334105384196455,True
2018-01-07 06:00:00,31.968656287696625,0.06331681334605858,True
2018-01-08 09:00:00,32.952062168970606,0.06331338760909291,True
2015-11-29 00:00:00,32.126966395607845,0.06327416543783618,True
2015-11-21 15:00:00,32.9625626354342,0.06326612919626948,True
2007-11-19 09:00:00,31.20576086064283,0.06324217647852183,True
2017-01-01 18:00:00,31.619558435934795,0.06320501029762336,True
2016-11-28 21:00:00,31.8842830676989,0.06314585593447615,True
2011-01-27 21:00:00,34.52583300865566,0.06297513214506864,True
2016-11-29 15:00:00,32.40419242184206,0.06279832075865627,True
2006-11-30 21:00:00,31.610011972413787,0.06279181865399605,True
2017-11-19 09:00:00,32.204026378870395,0.0626570932697398,True
2017-12-09 21:00:00,31.502960374905825,0.06260883698178021,True
2005-12-05 21:00:00,32.31384805809738,0.06251026062194284,True
2008-11-20 15:00:00,33.72519413766244,0.06249932493427501,True
2018-01-16 12:00:00,33.01401467510049,0.06249856459388027,True
2016-11-28 18:00:00,31.793740690129344,0.06245519949333332,True
2002-03-21 12:00:00,32.42669484695827,0.06233056518356278,True
2002-03-20 12:00:00,31.69386312415497,0.06228578881459527,True
2015-12-22 15:00:00,32.22532630977731,0.06223863955082816,True
2011-11-22 06:00:00,33.69825419832465,0.06202316691924551,True
2011-01-27 12:00:00,34.702605226926714,0.06190178803234971,True
2010-04-15 15:00:00,34.652677450264896,0.06185231146700565,True
2015-12-22 12:00:00,32.12036681675939,0.061851185201097815,True
2004-12-03 09:00:00,31.82782195784979,0.06176186250268147,True
2006-11-30 18:00:00,31.041598642089927,0.061660676151999924,True
2015-12-14 00:00:00,32.17547195007921,0.06165706891861509,True
2017-12-09 00:00:00,31.833791072593964,0.06161349256586479,True
2015-11-22 00:00:00,32.162633361777594,0.061526318733760556,True
2015-11-28 18:00:00,31.97807751004688,0.0615175118586744,True
2007-11-19 18:00:00,31.15838386955813,0.06145228058748401,True
2007-11-29 09:00:00,31.079297645078697,0.06143085940813241,True
2015-12-22 09:00:00,32.054066397237285,0.06135030228013011,True
2005-12-07 09:00:00,31.676983166494374,0.0612219022412124,True
2013-11-23 18:00:00,32.68899971637875,0.06110778185520588,True
2018-01-08 06:00:00,32.84279484882905,0.061081710410932855,True
2016-12-14 15:00:00,32.481838609898055,0.06108083029105922,True
2007-12-08 21:00:00,33.21630526014811,0.06104425378158547,True
2015-11-28 21:00:00,32.05286480996255,0.061030135457857515,True
2011-11-22 15:00:00,33.60496080701653,0.060990737109402005,True
2015-12-13 21:00:00,32.07134183994727,0.06089367498073426,True
2017-01-19 12:00:00,31.986251202342896,0.060847562694209475,True
2018-01-07 09:00:00,32.07792360783818,0.06066879455521629,True
2016-12-14 18:00:00,31.76350419760588,0.06056717370542878,True
2003-01-18 18:00:00,31.85863543076756,0.06045970541939544,True
2016-12-15 00:00:00,31.884977512127826,0.060381964544299296,True
2015-12-06 12:00:00,32.211744548138505,0.06036489396393095,True
2010-01-27 06:00:00,34.75097744806774,0.06031683573317252,True
2006-12-01 03:00:00,31.82299418017992,0.06023386688673952,True
2015-12-06 09:00:00,32.014116398130234,0.06018046078856291,True
2006-12-01 00:00:00,31.83679201414647,0.06011912185263023,True
2016-01-02 00:00:00,32.190314266532326,0.06011479875228996,True
2016-01-01 15:00:00,32.798739503715666,0.06007813375939659,True
2016-11-28 15:00:00,31.785122200350106,0.060066117957528406,True
2015-11-21 18:00:00,32.62683860665705,0.060037241953152985,True
2015-12-10 12:00:00,32.20304235762623,0.05990196217908868,True
2017-12-08 18:00:00,31.7202023745679,0.05990090893794274,True
2016-12-14 21:00:00,31.79837631502275,0.05989955479672056,True
2013-01-21 15:00:00,32.90098966674703,0.059815924727537606,True
2015-11-28 15:00:00,32.65045579832135,0.05981515138524721,True
2012-12-04 06:00:00,33.496365345501225,0.05981437733084662,True
2003-01-18 15:00:00,31.80459182654229,0.05969685657110896,True
2015-12-17 15:00:00,32.795064879173175,0.05963150397271501,True
2015-12-10 09:00:00,32.097894570860824,0.059609033741717735,True
2006-12-01 18:00:00,31.665877517025084,0.05959014301009472,True
2004-12-02 15:00:00,31.868611378551467,0.05950393740506105,True
2016-11-30 00:00:00,31.932995461297388,0.05949454983593581,True
2007-11-20 09:00:00,31.49114756597565,0.05939087986075604,True
2015-12-13 18:00:00,32.03353861991834,0.05928092847303348,True
2008-01-19 00:00:00,33.757891463438995,0.05924606849134306,True
2016-01-06 18:00:00,32.49355579176674,0.05923987535830472,True
2015-12-14 18:00:00,32.74446513464014,0.05923633943389987,True
2009-01-27 09:00:00,34.574696034383415,0.05920836892723784,True
2011-11-22 09:00:00,33.64679969497025,0.059182589455408906,True
2009-01-27 12:00:00,34.55056078588072,0.05914108239496402,True
2014-01-22 00:00:00,32.39846497710999,0.05910949542341433,True
2015-12-13 15:00:00,32.64350936851423,0.059057588868179835,True
2005-12-07 06:00:00,31.689877516488647,0.05904467571626385,True
2013-11-22 21:00:00,32.94213304405411,0.05904129028824928,True
2001-12-14 09:00:00,31.398708685716706,0.0590372719476572,True
2017-11-19 06:00:00,32.118687832380985,0.059028977040391103,True
2015-12-16 12:00:00,32.70174737691253,0.05899411703369104,True
2018-01-08 03:00:00,32.733527528687496,0.0589829017008046,True
2018-01-07 12:00:00,32.18719092797973,0.05897879122132353,True
2008-06-24 09:00:00,34.05729443053972,0.058972259230831756,True
2015-01-21 15:00:00,33.193151022812735,0.05894580385471844,True
2007-12-08 09:00:00,33.2882552585399,0.05879508423071841,True
2015-01-08 00:00:00,32.007116398286705,0.05876924621163308,True
2003-01-14 03:00:00,31.76794429478907,0.05870486597571954,True
2017-12-08 15:00:00,32.4414183689041,0.05870325661953448,True
2016-01-01 21:00:00,32.115654423321125,0.058658741661227386,True
2011-11-22 12:00:00,33.68673060384655,0.05856136117328485,True
2008-12-25 21:00:00,33.85060737840582,0.05854582447035411,True
2015-12-18 00:00:00,32.15224972837604,0.05851372239401682,True
2004-12-03 06:00:00,32.0725076130413,0.058479975988028496,True
2015-12-10 06:00:00,32.074888091259346,0.05845500697441573,True
2006-01-04 18:00:00,32.163078541693324,0.05840961310723612,True
2015-12-16 21:00:00,32.17151523466094,0.05834041776259602,True
2017-12-08 21:00:00,31.76187087112231,0.058292728264215755,True
2015-12-14 03:00:00,32.656499036833075,0.058278296057979406,True
2016-12-22 12:00:00,31.92134417798164,0.058221877926131226,True
2005-12-07 03:00:00,31.762427514867028,0.058199814352657996,True
2015-12-10 18:00:00,32.53685516310156,0.05818552647733196,True
2006-12-01 06:00:00,31.680823543325747,0.05809320194734785,True
2015-12-06 03:00:00,32.70187193831325,0.057993318702573425,True
2017-11-21 00:00:00,31.978572425290047,0.05797918175677069,True
2012-12-23 00:00:00,33.27721591238142,0.057907797994689855,True
2016-11-28 12:00:00,32.278313740096806,0.057875302360716675,True
2018-01-07 15:00:00,32.29645824812128,0.057864897070671405,True
2012-12-04 09:00:00,33.20452748263358,0.057844983679604535,True
2016-01-01 18:00:00,32.07909973001107,0.057726162081406004,True
2009-01-27 06:00:00,34.61494411777497,0.057509550014183355,True
2018-01-08 00:00:00,32.62426020854595,0.05741815585592867,True
2007-12-08 18:00:00,32.80818444996616,0.057387764211910955,True
2017-11-21 03:00:00,32.00632195386001,0.057383230051663944,True
2001-12-14 15:00:00,31.65644973945804,0.05737721735337255,True
2016-01-07 12:00:00,32.16882750578329,0.05737223372398046,True
2016-12-19 09:00:00,31.747997055419454,0.057244608598203364,True
2009-12-06 06:00:00,33.894174361152146,0.05721449182372079,True
2016-12-17 21:00:00,31.888689869965905,0.05717208153426566,True
2015-12-20 12:00:00,32.80779415816792,0.05714233384292108,True
2015-12-16 18:00:00,32.0894608408906,0.05713051052254107,True
2016-12-22 09:00:00,31.79368928441309,0.057103043956077994,True
2018-01-07 18:00:00,32.40572556826284,0.05710058115992771,True
2017-12-10 03:00:00,31.82755008880372,0.05709383843452855,True
2015-12-25 03:00:00,32.76616638132061,0.057077055532610776,True
2016-12-25 09:00:00,31.898408281427013,0.05707271078863139,True
2006-12-01 09:00:00,31.659816406049448,0.05703986480228275,True
2017-11-19 03:00:00,32.1063657954677,0.057039099089220745,True
2015-11-21 21:00:00,32.257677503797325,0.05702943639822676,True
2013-10-08 21:00:00,33.738107933048674,0.056918874679000385,True
2016-12-25 00:00:00,32.49591083180574,0.05686928714110573,True
2014-11-30 12:00:00,32.97948537054655,0.056860371063590855,True
2008-01-03 09:00:00,33.73258858194161,0.05684667635592346,True
2018-01-07 21:00:00,32.51499288840439,0.056814016075979176,True
2016-11-29 12:00:00,32.08713306316485,0.056806679697531136,True
2015-12-17 21:00:00,32.08102946889054,0.056792425568735,True
2017-11-18 18:00:00,32.20211788646538,0.056785227595903764,True
2008-01-03 15:00:00,33.86088857907388,0.05675779338610885,True
2016-12-17 18:00:00,31.80816152745024,0.056655060306502004,True
2007-12-08 00:00:00,32.865177490218635,0.056524831810646894,True
2003-01-16 21:00:00,31.72843499597952,0.056477456336257406,True
2013-11-23 03:00:00,32.829180465209554,0.05645670492751037,True
2013-11-23 15:00:00,32.59500958242517,0.05641661793726409,True
2008-01-03 06:00:00,34.154255239183286,0.05636779367912505,True
2007-12-07 21:00:00,32.337358872551164,0.056354272656279916,True
2016-12-22 06:00:00,31.765227514804447,0.05631326983343595,True
2013-11-23 06:00:00,33.053771930447674,0.056249131329635826,True
2016-12-25 03:00:00,31.79371478051569,0.05623570586852837,True
2007-12-08 12:00:00,32.87211515120957,0.05623437997361223,True
2015-01-25 09:00:00,33.094387419182034,0.05620752844802016,True
2014-01-05 12:00:00,33.02777654496469,0.05619725133605617,True
2007-12-11 21:00:00,33.63830525071567,0.05615385780307804,True
2005-12-01 18:00:00,31.763247034368234,0.056101954174818926,True
2017-11-19 00:00:00,32.58676638533051,0.05609224167292637,True
2015-12-19 09:00:00,32.719716288196885,0.05601227630960147,True
2011-01-28 00:00:00,34.4917387532972,0.05600642473586228,True
2007-12-08 03:00:00,32.8726233565672,0.05600631615256951,True
2016-12-25 06:00:00,31.8194491510194,0.05596856405466753,True
2006-12-01 12:00:00,31.66005082013716,0.05587091582758067,True
2008-01-03 12:00:00,33.81816635780657,0.05580767286544824,True
2015-11-30 09:00:00,32.5985083603767,0.055801608693475245,True
2008-11-28 06:00:00,33.50307537385842,0.05577905811274821,True
2015-12-17 18:00:00,32.03816084203725,0.055681207923960065,True
2015-12-07 06:00:00,32.76857749237782,0.05566972763781706,True
2007-12-08 15:00:00,32.86808860126469,0.0556100165766608,True
2016-12-22 03:00:00,32.40693421187058,0.055602391199734605,True
2015-12-06 06:00:00,32.064116789829704,0.05559082525386784,True
2009-11-13 09:00:00,33.995960798277004,0.05547610371183892,True
2015-01-20 03:00:00,32.61777344169451,0.055458873120584604,True
2008-11-29 00:00:00,33.35353303485861,0.055455766876605916,True
2015-12-16 15:00:00,32.09098268770342,0.055444153619817416,True
2007-12-08 06:00:00,32.835188602000066,0.055435342979974336,True
2016-01-02 03:00:00,32.57832749663024,0.05537905997568191,True
2016-12-19 06:00:00,32.34494416851344,0.05537839561957332,True
2015-12-29 18:00:00,32.70566082711746,0.055236563457916735,True
2016-12-17 15:00:00,31.795694180790125,0.05519164143442521,True
2016-11-29 18:00:00,31.84397457560045,0.05513697356571701,True
2015-12-15 03:00:00,32.155734005342325,0.05511284666231633,True
2008-11-28 03:00:00,34.114070126638644,0.05510444154080898,True
2008-12-12 00:00:00,33.783530697920085,0.05506183786115065,True
2016-12-23 06:00:00,32.483288042972234,0.055061537525463944,True
2001-12-13 18:00:00,31.59549974082039,0.0550011777782992,True
2015-01-25 12:00:00,32.90578860042203,0.05500048879115319,True
2013-10-24 03:00:00,33.464999699033804,0.05491563667977364,True
2015-12-10 15:00:00,32.42762749999865,0.05491251511153382,True
2013-10-24 00:00:00,33.387504622466174,0.054792193106659504,True
2015-12-20 21:00:00,32.15526639497529,0.054785769372897294,True
2013-11-23 00:00:00,32.78618304753987,0.05474148114715075,True
2016-12-30 18:00:00,32.517866386870544,0.054631155803691135,True
2017-11-18 21:00:00,32.287956327765464,0.05456532205751855,True
2010-01-27 21:00:00,34.494621480716084,0.05451518814935062,True
2015-12-11 21:00:00,32.735649715336045,0.054487270470793735,True
2001-12-14 06:00:00,31.582088573892307,0.05447449319831309,True
2001-12-14 03:00:00,31.59994974072092,0.05447262140154811,True
2015-11-30 03:00:00,32.488232217061075,0.05443826042400592,True
2015-12-17 00:00:00,32.632090851208574,0.054362330864354144,True
2015-12-27 06:00:00,32.1799330610906,0.054351257656284305,True
2015-12-26 21:00:00,32.661399716995646,0.05430327383438035,True
2016-01-09 03:00:00,32.731405270986464,0.05429998846004151,True
2010-04-03 18:00:00,34.704391098551824,0.054299879669863216,True
2016-12-30 03:00:00,32.37741639000985,0.0542895730176575,True
2015-01-20 00:00:00,32.455353152121674,0.0542393796686492,True
2013-10-31 03:00:00,33.39569650192965,0.054217023693465094,True
2007-11-18 12:00:00,31.41851641144293,0.05420354447761046,True
2016-12-27 03:00:00,31.91847654519548,0.05412621016308409,True
2016-01-06 06:00:00,32.674411957759425,0.054119870011712444,True
2013-10-24 06:00:00,33.51974448589721,0.054062238054191566,True
2016-12-08 06:00:00,32.45804972154088,0.05401704881348011,True
2006-01-19 18:00:00,32.365577481455325,0.0538823220954419,True
2015-11-29 03:00:00,32.58847749640338,0.053812059594874895,True
2009-11-13 06:00:00,33.948336422924264,0.053724249077087796,True
2016-12-18 15:00:00,32.49753860954713,0.05371278789421149,True
2015-12-13 00:00:00,32.770605449986135,0.053688029211280755,True
2016-12-23 09:00:00,31.743076380293587,0.053635589077275246,True
2013-10-31 06:00:00,33.450188588253745,0.05362590775147692,True
2006-01-10 21:00:00,31.82491985063497,0.05361871570411033,True
2016-01-07 03:00:00,32.15897256483934,0.05360389755256882,True
2018-01-13 00:00:00,31.835368934787137,0.053603596550845234,True
2015-12-25 12:00:00,32.20107827134594,0.053527715570556855,True
2015-12-09 18:00:00,31.95357751059449,0.053516876273339384,True
2015-12-15 00:00:00,32.07083385717996,0.05350051236858594,True
2009-01-27 03:00:00,34.66362189446472,0.053495612092651926,True
2014-01-04 18:00:00,32.61290527363515,0.05348853104995458,True
2015-12-27 03:00:00,32.10857309704989,0.0534701529304322,True
2010-01-13 18:00:00,33.238055646425714,0.05346649045189955,True
2013-10-24 09:00:00,33.5658441412242,0.053461714303457586,True
2001-12-14 00:00:00,31.86155529042913,0.05345742946532672,True
2013-10-31 00:00:00,33.330838590921424,0.05342349647431346,True
2016-12-26 18:00:00,32.395601021638015,0.05341743642892503,True
2015-12-20 18:00:00,32.08043306331461,0.05341437184259151,True
2015-12-11 00:00:00,32.08956639644379,0.05340333001489802,True
2013-11-30 12:00:00,33.06831637456703,0.05337726950606443,True
2017-11-18 09:00:00,32.947771801635014,0.05337454938721187,True
2001-12-13 15:00:00,31.024962723175125,0.05336014218003847,True
2015-12-21 03:00:00,32.532421942100754,0.053354345457493665,True
2006-01-04 00:00:00,31.752527515088307,0.05334851080133675,True
2006-12-01 15:00:00,32.01925528690426,0.05329682996274417,True
2008-01-19 18:00:00,33.775734510570175,0.053251939065988164,True
2016-12-15 03:00:00,32.23987679926828,0.05324179202004281,True
2015-12-11 03:00:00,32.20631038782835,0.05316292774450824,True
2016-12-11 21:00:00,31.76854418139698,0.053124227251329904,True
2015-12-09 00:00:00,32.71294050629852,0.0531219962546773,True
2005-11-30 15:00:00,31.56188475430185,0.053112756168749276,True
2015-12-21 12:00:00,32.21978859679438,0.053090785967164246,True
2014-01-04 21:00:00,33.01930898089565,0.05305502494387994,True
2008-01-03 18:00:00,34.09550914440027,0.053047074365728766,True
2015-12-26 06:00:00,32.75908304814559,0.05304192396016161,True
2016-01-07 00:00:00,32.069888619105846,0.05304048905456808,True
2016-12-12 03:00:00,31.87132901902423,0.05303747289045657,True
2011-01-27 09:00:00,34.75562211687525,0.05303557864422528,True
2010-01-09 00:00:00,33.71923381231867,0.05299479572898672,True
2017-11-18 15:00:00,32.1900161981972,0.05297742277090974,True
2014-01-04 12:00:00,32.18900001382375,0.052962267740913394,True
2013-10-31 09:00:00,33.49264047054404,0.05294436623071848,True
2016-12-04 09:00:00,31.758799737170328,0.0529110937258544,True
2016-12-09 03:00:00,31.801831330780185,0.05290003492962545,True
2006-01-04 15:00:00,31.72909973783419,0.05287711369734984,True
2018-01-31 09:00:00,31.464489530505137,0.05286989162890273,True
2013-10-24 15:00:00,33.591627473981234,0.05286065659230743,True
2015-12-21 15:00:00,32.74834971505217,0.0528317443207025,True
2016-12-12 00:00:00,31.814365649299344,0.05275072731249837,True
2015-12-23 09:00:00,32.77290408630856,0.05273531110009773,True
2015-12-25 09:00:00,32.10438861833471,0.052728705116178595,True
2016-12-27 00:00:00,31.852799735069283,0.0527098358997958,True
2015-12-09 09:00:00,32.13852195090511,0.05270160207812948,True
2015-12-14 21:00:00,32.05160801750777,0.0527005218709082,True
2014-01-04 15:00:00,32.517966452236834,0.052635528252265196,True
2013-10-23 21:00:00,33.24982192606562,0.052602004752223944,True
2015-12-19 18:00:00,32.17884510131212,0.05258703243576818,True
2015-12-24 09:00:00,32.180895073081125,0.052570187575429486,True
2016-12-09 06:00:00,31.87528862345549,0.05255565278279654,True
2013-11-23 12:00:00,32.58419971872121,0.05254919689658928,True
2016-12-11 18:00:00,32.37450958735372,0.052544705044093296,True
2015-11-16 00:00:00,33.01670143578077,0.05248196530878925,True
2015-12-21 09:00:00,32.11095083645613,0.05247870488778268,True
2016-01-09 12:00:00,32.3370414523121,0.0524687002868199,True
2015-12-12 06:00:00,32.15394417278262,0.052450833180497466,True
2015-12-15 21:00:00,32.750149715011936,0.0524287256027711,True
2009-11-13 12:00:00,34.02896710384556,0.05242856934371284,True
2006-01-02 03:00:00,31.76602751478656,0.05242781659686717,True
2015-12-22 18:00:00,32.53661967443323,0.05238991719581769,True
2008-01-27 18:00:00,34.59869411813819,0.05235433673971572,True
2014-01-16 21:00:00,32.429505277734464,0.05234119051122062,True
2016-01-04 12:00:00,32.77268044736886,0.052332151914806634,True
2015-12-18 03:00:00,32.45207925970167,0.0523316283410115,True
2015-12-10 00:00:00,32.2686663924406,0.05218538720552736,True
2016-01-06 09:00:00,32.11101514148409,0.05213788801492373,True
2016-12-04 12:00:00,31.828378639519038,0.052129141799200286,True
2015-12-19 15:00:00,32.14595063895906,0.05212695116338674,True
2016-12-20 15:00:00,31.84133306865891,0.05211116827067225,True
2015-12-18 12:00:00,32.139702482014826,0.05209052135525005,True
2015-12-25 06:00:00,32.05543809046019,0.05208991544609374,True
2015-12-06 15:00:00,32.55207194166155,0.05206783020713126,True
2013-11-02 03:00:00,33.366805256784176,0.052062169021144765,True
2008-11-28 09:00:00,33.49383303172265,0.052001138864000505,True
2013-01-13 00:00:00,33.17242164142681,0.051948521853055374,True
2015-11-29 18:00:00,32.660799717009056,0.051945619784657684,True
2016-12-04 06:00:00,32.40556591857086,0.051941370354331926,True
2013-10-24 12:00:00,33.57676636320228,0.05193871514678796,True
2015-11-30 06:00:00,32.54656638622905,0.051918733871224164,True
2013-10-31 15:00:00,33.52955991083431,0.05191298775527797,True
2016-12-26 03:00:00,32.503527498302155,0.051896959960734665,True
2006-01-03 21:00:00,31.778238625624727,0.0518967362366197,True
2016-01-09 09:00:00,32.194339409974944,0.051889044936319774,True
2016-12-25 12:00:00,32.28972915792725,0.051886490330607805,True
2013-12-23 06:00:00,33.115471929068576,0.05185129650130123,True
2015-12-27 00:00:00,32.05171084173437,0.05183066652117241,True
2015-12-18 06:00:00,32.47520527671298,0.05181654949059925,True
2006-01-03 18:00:00,32.519970257727394,0.05181518457234707,True
2017-12-08 00:00:00,32.397225524540985,0.051805020927927256,True
2016-12-09 00:00:00,31.781979314662298,0.051774454901539715,True
2015-01-16 00:00:00,33.158199705891306,0.051755853625911466,True
2015-12-24 00:00:00,32.599916385036586,0.05174316953552451,True
2010-11-13 09:00:00,33.90966948775237,0.05172280114139921,True
2015-12-18 09:00:00,32.05952978541513,0.05170250025119969,True
2007-12-03 00:00:00,32.721794160090184,0.05169152358351982,True
2015-10-19 15:00:00,33.95703302136933,0.05164510132606596,True
2013-11-02 06:00:00,33.42190035913085,0.05163008097916037,True
2015-12-18 15:00:00,32.24995528174773,0.05161396902673626,True
2016-11-29 21:00:00,31.867833284006903,0.05160250288116212,True
2015-12-13 09:00:00,32.13577711390325,0.05159922015523473,True
2015-12-09 21:00:00,32.181743138998584,0.05158860388351157,True
2015-12-19 12:00:00,32.091166396408035,0.05158056461937064,True
2016-12-23 12:00:00,31.84552968692259,0.05154520076291519,True
2016-12-23 15:00:00,31.91343447947669,0.05152778097371885,True
2015-12-21 06:00:00,32.06250944975857,0.05152438551498732,True
2013-01-02 21:00:00,32.642929233537544,0.05151177858231787,True
2013-03-12 03:00:00,33.76406635901581,0.051483245275320964,True
2015-12-24 06:00:00,32.10438829392272,0.051472380269690955,True
2008-01-02 21:00:00,33.510469987366534,0.05142661267352644,True
2015-12-04 09:00:00,32.72936412225619,0.05142244152970541,True
2015-12-09 06:00:00,32.095506411326035,0.051407922850899866,True
2008-01-03 00:00:00,33.836921912942906,0.051251089164980765,True
2016-11-28 09:00:00,32.41786335266854,0.0512290406746271,True
2013-10-31 12:00:00,33.52401080882591,0.05121330915986638,True
2001-12-07 09:00:00,31.692771960868395,0.05120725911898272,True
2002-03-20 15:00:00,31.68656084989611,0.05116637333222089,True
2017-12-05 18:00:00,32.36825150744202,0.051152475080455485,True
2016-01-04 21:00:00,32.203127505016624,0.05111203134535652,True
2017-12-05 21:00:00,31.73652533826881,0.05109192379447295,True
2013-11-02 00:00:00,33.30148505622398,0.051055001891142884,True
2001-12-06 21:00:00,31.4210759102314,0.05101269599743328,True
2013-11-02 09:00:00,33.46419414349625,0.050993047595674,True
2016-01-07 06:00:00,32.32941692871712,0.050969655880757636,True
2015-11-30 00:00:00,32.53833305307974,0.05095715384495294,True
2015-12-04 18:00:00,32.12101436871385,0.05092575626397291,True
2016-12-04 15:00:00,31.898671095546323,0.050901094068920086,True
2010-12-07 03:00:00,33.8862441340627,0.05085791787675433,True
2018-01-15 15:00:00,32.88146691986898,0.05076993175242277,True
2015-12-30 03:00:00,32.20849156873702,0.05073165661169769,True
2015-12-12 03:00:00,32.08079417441765,0.05073064504897388,True
2016-12-18 00:00:00,32.22661639338049,0.05071215738726115,True
2015-12-07 09:00:00,32.041149730859324,0.0506567869251958,True
2006-01-04 12:00:00,31.747088626320988,0.0506509722381955,True
2015-12-24 03:00:00,32.054044175015555,0.05063882538028832,True
2015-11-17 00:00:00,32.434266388739154,0.05063861719488054,True
2016-12-19 00:00:00,31.880385695413644,0.050598730912649305,True
2015-11-30 21:00:00,32.64743860619661,0.05056820477701882,True
2008-11-13 12:00:00,34.009738575746816,0.050560548875017375,True
2016-12-27 06:00:00,32.40035600790338,0.05055515811448454,True
2016-01-02 18:00:00,32.765971936880504,0.05054818549535924,True
2003-01-19 00:00:00,31.87586640122036,0.05050444489206783,True
2013-12-23 15:00:00,32.58311082985666,0.05049515362123913,True
2015-11-16 21:00:00,32.300642067401554,0.05047518436451792,True
2016-12-18 12:00:00,31.92758306673108,0.05042408214850813,True
2016-01-09 06:00:00,32.16984740392141,0.05042293202614214,True
2011-11-23 06:00:00,33.87319413435438,0.05037900685544759,True
2015-12-20 15:00:00,32.10979186789219,0.050299748082709074,True
2015-11-14 15:00:00,32.64457745786384,0.050290160411891896,True
2015-12-27 09:00:00,32.642533576276215,0.05021122714610957,True
2017-11-15 03:00:00,32.45222650107409,0.05020934340249541,True
2017-12-06 00:00:00,31.78456679176145,0.05019158704004367,True
2013-01-12 21:00:00,32.94019415520856,0.05018246624847768,True
2013-10-30 21:00:00,33.21498950054033,0.050176436650520476,True
2015-12-07 15:00:00,32.15416639499987,0.05015284769337477,True
2014-01-22 03:00:00,32.796505269531366,0.05015262431859178,True
2017-12-06 03:00:00,31.85924713085997,0.050111807337043145,True
2015-11-28 00:00:00,32.76181180183836,0.05009460415313309,True
2015-12-10 21:00:00,32.0592219526776,0.05007966041179083,True
2013-01-12 18:00:00,32.87400150195281,0.05006760246397731,True
2001-12-14 12:00:00,31.875295092252927,0.05006636484846512,True
2016-12-18 18:00:00,31.783301593411867,0.05005236505614412,True
2017-11-29 09:00:00,32.53058860880841,0.0500421269988776,True
2005-12-01 03:00:00,31.722838551787945,0.04997963376363107,True
2016-12-26 21:00:00,32.12420037835365,0.04992211914984533,True
2016-01-04 18:00:00,32.12240528459867,0.049919327936927015,True
2014-12-01 09:00:00,32.674886546531035,0.04991334052662548,True
2015-10-19 18:00:00,33.143888595100066,0.04990194832851134,True
2013-11-02 15:00:00,33.511655253546515,0.049862897711331754,True
2012-12-29 15:00:00,33.135410817511804,0.04985296186983373,True
2016-01-05 15:00:00,32.803298113070696,0.049852338889875975,True
2015-12-13 06:00:00,32.06336535427942,0.0498077281399491,True
2015-12-09 03:00:00,32.078216396697485,0.049778087598251926,True
2015-12-21 00:00:00,32.409394245349134,0.04977701135545283,True
2015-12-25 15:00:00,32.52762194220805,0.049761383093643585,True
2005-11-30 21:00:00,31.75948147880722,0.04975701026049127,True
2016-12-18 21:00:00,31.804549394850827,0.0497516518823057,True
2014-01-22 06:00:00,32.6463774951092,0.049724423910353054,True
2015-10-19 21:00:00,33.24370158721936,0.04972434564876436,True
2010-09-01 15:00:00,34.24704968155361,0.04970352632258046,True
2006-01-04 03:00:00,31.98051224624386,0.049687040236078686,True
2016-12-08 21:00:00,32.33135857559675,0.04966186120269028,True
2015-12-12 00:00:00,32.07452840879193,0.049627871174223896,True
2017-11-30 06:00:00,31.83874417982789,0.04961112272156226,True
2001-12-13 21:00:00,31.7366501130408,0.04960593995516612,True
2015-10-20 06:00:00,33.49162192066097,0.04958571079954828,True
2005-12-01 00:00:00,31.71779418253133,0.04958347843746331,True
2015-12-18 18:00:00,32.708307271778885,0.04956641615174589,True
2015-10-20 00:00:00,33.37583858991559,0.04955455361303936,True
2015-10-20 03:00:00,33.424494521031434,0.04955257128075213,True
2003-11-25 03:00:00,31.800994180671665,0.04954098257478158,True
2015-12-30 00:00:00,32.10966258700167,0.04950559809146493,True
2014-01-22 09:00:00,32.73322891523845,0.049502334904418986,True
2009-01-27 15:00:00,34.537451035606864,0.04942567019009004,True
2016-12-07 12:00:00,32.00705791809691,0.04939410837247717,True
2016-12-08 15:00:00,31.823323045751444,0.0493643199926718,True
2016-01-06 21:00:00,32.13678649342756,0.04932473637438776,True
2005-01-21 18:00:00,32.196122289753696,0.049282765339837525,True
2012-01-17 06:00:00,33.66682191674495,0.0492750456220543,True
2015-11-28 09:00:00,32.126666395614535,0.049271055062924674,True
2015-12-09 12:00:00,32.562116385881474,0.04926161016552737,True
2013-12-23 09:00:00,32.480837783315266,0.049241198601045436,True
2016-12-08 12:00:00,31.80974236860041,0.04923860308179829,True
2014-12-27 15:00:00,32.54024416414814,0.04921279444221659,True
2013-11-02 12:00:00,33.50594642566804,0.04920610829798128,True
2016-12-24 06:00:00,31.902833067284277,0.04917633487926272,True
2017-01-04 09:00:00,32.48884154923223,0.049141080296273135,True
2006-01-04 06:00:00,31.923449733490127,0.04912488493689302,True
2015-11-25 03:00:00,32.72783860439952,0.04910612818001896,True
2016-12-08 09:00:00,31.771383070222413,0.049103807091327015,True
2015-12-19 21:00:00,32.58182457684405,0.049045640633765215,True
2008-11-29 03:00:00,33.53164263539732,0.049038900274788,True
2015-10-20 09:00:00,33.48069790294778,0.04899738227981621,True
2017-01-01 12:00:00,32.472527498995056,0.04898063205779746,True
2014-12-27 09:00:00,32.30428305831117,0.04897837636621584,True
2009-11-13 15:00:00,33.935538577405325,0.048934416682474516,True
2008-11-28 21:00:00,33.40918440347772,0.04890286164360088,True
2015-11-30 18:00:00,32.19100831857501,0.0488995716706047,True
2015-12-04 15:00:00,32.075710841197946,0.04881618767879904,True
2016-12-11 03:00:00,32.43275762665504,0.048811115616988594,True
2017-11-18 12:00:00,32.36122750148281,0.04880128015729661,True
2016-12-18 09:00:00,31.82645433722941,0.04879949689822972,True
2015-12-07 12:00:00,32.096494230183445,0.04878548882564803,True
2012-12-29 09:00:00,33.03342748645797,0.04874929645946283,True
2016-01-09 15:00:00,32.75159415942409,0.04873226956891624,True
2005-12-01 06:00:00,32.012238620394434,0.04871403117463044,True
2017-01-01 15:00:00,31.8764004289862,0.04870934495651068,True
2016-12-18 06:00:00,31.76613862589519,0.048707330824434986,True
2017-12-07 21:00:00,31.82253661121177,0.04868847292935172,True
2013-12-23 12:00:00,32.52870527551716,0.04868103977058754,True
2016-01-02 12:00:00,32.180102222084564,0.04867500902318177,True
2016-12-14 00:00:00,32.40712750045686,0.04866490204067881,True
2017-10-17 15:00:00,33.11138737172107,0.04864390690536038,True
2015-12-05 12:00:00,32.72767749329201,0.04863748712105391,True
2006-01-04 09:00:00,31.75336737993441,0.04862749843020981,True
2010-04-15 18:00:00,34.75227189248324,0.04862596330009016,True
2016-12-24 03:00:00,31.83750312524169,0.04859578527514523,True
2015-12-03 18:00:00,32.628873741746695,0.04857053955565401,True
2016-12-25 18:00:00,31.817202705655,0.04855493413505545,True
2018-01-27 03:00:00,32.01528869877515,0.04855059779931946,True
2015-12-29 21:00:00,32.14414043137553,0.048544917305988075,True
2001-12-07 06:00:00,31.637871962095502,0.048532777255673766,True
2016-01-02 15:00:00,32.286816392034915,0.04850484964935172,True
2016-01-01 00:00:00,32.721293712481845,0.048469067609214725,True
2016-12-07 03:00:00,32.399460833961555,0.04846661147372134,True
2014-01-22 18:00:00,33.185121927511766,0.04846282148482337,True
2015-10-27 03:00:00,33.301539439033945,0.048457581045217704,True
2012-12-29 06:00:00,33.48947747626445,0.048451246793270265,True
2003-01-15 21:00:00,31.90877897910105,0.04841774032311437,True
2016-12-24 00:00:00,31.792521958638805,0.048414886517935365,True
2013-11-23 09:00:00,32.7146004691022,0.048398213354364325,True
2014-12-01 12:00:00,32.45618861047138,0.048378403480137167,True
2015-12-26 03:00:00,32.22470182885872,0.048339461861211845,True
2016-12-07 06:00:00,31.73458940393768,0.048327911711436675,True
2005-12-01 12:00:00,31.72793643819689,0.048320683302150995,True
2015-12-14 12:00:00,32.16218958163552,0.04831307601433075,True
2016-01-02 09:00:00,32.10236556873454,0.04829966722784777,True
2008-11-13 09:00:00,33.90790157237334,0.048293485841618924,True
2015-12-15 06:00:00,32.48364416541325,0.04828072498799042,True
2016-12-26 12:00:00,31.90517195612089,0.04827240462055289,True
2012-01-16 21:00:00,33.913596658703845,0.04823791724039215,True
2013-12-15 00:00:00,32.54549416403079,0.04822812124507436,True
2001-11-15 06:00:00,32.20522372128574,0.04821877661109782,True
2016-12-15 09:00:00,31.77361852125195,0.048211538945850965,True
2014-12-27 12:00:00,32.455764050000376,0.048185624687570996,True
2015-12-26 00:00:00,32.14288306191874,0.04814662810636831,True
2017-12-15 12:00:00,32.25744849947344,0.048128200378278356,True
2010-11-13 12:00:00,34.03406079742541,0.04808213589118482,True
2012-01-17 03:00:00,33.63382328664829,0.048051852081560556,True
2010-08-31 15:00:00,34.16180015812665,0.04804927471065791,True
2005-12-08 21:00:00,31.660421132404103,0.04804335597468073,True
2015-12-11 06:00:00,32.68009971657768,0.04803968533822836,True
2016-12-07 09:00:00,31.767766403636585,0.04803914950391363,True
2016-12-26 00:00:00,31.94141099651659,0.04802388014727476,True
2016-12-24 09:00:00,32.41092194481649,0.048019533560523325,True
2015-10-27 00:00:00,33.24710525945967,0.047911538604550136,True
2015-10-27 06:00:00,33.34624414613264,0.04790235366477949,True
2015-12-13 03:00:00,32.049855286220286,0.047889300416535906,True
2003-11-24 03:00:00,31.22132687578946,0.04787553965872583,True
2015-11-28 06:00:00,32.063835524535705,0.04786491751502567,True
2016-01-08 12:00:00,32.85099971275776,0.047860918646543724,True
2012-12-29 12:00:00,33.07659415215978,0.04780534793775925,True
2016-01-03 09:00:00,32.615555273575914,0.04777143105760358,True
2015-12-23 18:00:00,32.13842585481116,0.047756366112267315,True
2016-12-12 21:00:00,32.44004235737018,0.04775603202638346,True
2017-10-17 09:00:00,33.05468921437779,0.04774191461843303,True
2007-11-18 15:00:00,31.71580503420167,0.047741323035050784,True
2007-11-20 15:00:00,31.622069472027263,0.04771699605870212,True
2008-01-03 03:00:00,33.896829182297395,0.04771416442048567,True
2014-01-22 12:00:00,32.87546082332212,0.04771259029316194,True
2015-12-14 09:00:00,32.04242443532255,0.04770312359369069,True
2008-12-07 12:00:00,33.90200524482152,0.04769479466624686,True
2008-01-21 09:00:00,33.87508857875648,0.047677566073785496,True
2017-10-17 03:00:00,32.988368628606246,0.04767525909378692,True
2013-01-12 15:00:00,33.52071080889968,0.04765059485489671,True
2008-12-10 21:00:00,33.44741874704581,0.04763507620330974,True
2015-11-29 21:00:00,31.95411491035339,0.0476298288944438,True
2014-12-27 06:00:00,32.99364515894369,0.04760362984638054,True
2017-11-20 21:00:00,32.02856315105407,0.04760030452041854,True
2017-10-17 06:00:00,33.039055264109955,0.04759091420826417,True
2017-12-07 18:00:00,31.747047594846748,0.047590006302828496,True
2016-12-13 21:00:00,31.89353434424728,0.04754445805074789,True
2015-11-28 12:00:00,32.290755280835754,0.04750370390632362,True
2016-01-04 15:00:00,32.13409826974697,0.0474985088118653,True
2015-12-25 21:00:00,32.051733783572026,0.047480761907391145,True
2016-12-22 15:00:00,32.32950583199265,0.04747357834806969,True
2014-01-17 15:00:00,32.91764971126802,0.04746334490713042,True
2014-12-15 03:00:00,33.00605951209813,0.04743674312519429,True
2017-12-05 03:00:00,32.36254416812005,0.047416073661078285,True
2015-11-29 12:00:00,32.13865406013002,0.04741368815043605,True
2015-12-22 00:00:00,32.12835528446569,0.04741338790248557,True
2001-12-07 03:00:00,31.85875697801537,0.04734342551024209,True
2013-11-01 21:00:00,33.187227483020266,0.047341952675664614,True
2016-12-26 06:00:00,31.794325157251706,0.04733110513634414,True
2014-12-19 00:00:00,32.47849416552836,0.04730442168506543,True
2006-01-02 21:00:00,31.75154743848186,0.04728337183336126,True
2012-12-29 00:00:00,33.00157306066628,0.047270687482071985,True
2004-12-02 09:00:00,31.24538982947966,0.047257281807072886,True
2015-10-27 09:00:00,33.383697673824,0.04724985382146492,True
2015-12-13 12:00:00,32.37188305680019,0.047171243657154124,True
2016-12-11 00:00:00,31.90486640057216,0.04717028552263182,True
2012-12-04 12:00:00,33.50607747589341,0.04715705753319514,True
2017-01-07 06:00:00,32.484466387617104,0.04715673879331954,True
2008-11-28 12:00:00,33.505387969735985,0.04714662489324648,True
2005-12-01 15:00:00,31.73786084874947,0.04713753321168586,True
2016-12-13 18:00:00,31.802460847305547,0.04712995741275204,True
2006-01-03 00:00:00,32.05034417509825,0.04710681892552498,True
2003-11-24 21:00:00,32.08874417423994,0.047037597148640024,True
2017-01-04 12:00:00,31.87996640112872,0.04701682808930444,True
2015-12-24 12:00:00,32.647238606201064,0.047011775792281864,True
2001-11-15 03:00:00,32.209745678126694,0.04700596777922596,True
2015-12-30 21:00:00,32.758919159260365,0.04699604325382228,True
2012-01-17 00:00:00,33.63161080642086,0.04697872680752678,True
2015-12-03 15:00:00,32.17117195017532,0.04693614177798181,True
2016-01-02 06:00:00,32.37231786648602,0.04691941924739537,True
2015-12-07 21:00:00,32.4781997210905,0.04690909791254523,True
2015-11-22 18:00:00,32.245749726286164,0.04690497559833043,True
2015-11-29 09:00:00,32.030816397756965,0.04689757381698668,True
2016-12-23 21:00:00,32.24007651822184,0.04688880179896735,True
2010-11-13 06:00:00,33.80591080252495,0.04688525148530388,True
2017-01-10 03:00:00,32.510223858305736,0.046876241907265956,True
2015-12-08 00:00:00,32.072651357540174,0.04687463069335059,True
2015-11-30 12:00:00,32.197921949577406,0.04686828347501143,True
2013-12-14 15:00:00,33.03937936320182,0.046826468317335994,True
2015-12-31 21:00:00,32.216412993385575,0.04681094084810703,True
2016-01-06 00:00:00,32.208643469594485,0.0467644842035893,True
2016-01-03 18:00:00,32.229662563202425,0.04673254464098199,True
2014-01-05 06:00:00,32.59451275703945,0.04673052380713828,True
2015-12-26 15:00:00,32.172610839032046,0.04672936240800708,True
2015-10-27 15:00:00,33.4253557831233,0.046728578240986515,True
2007-12-12 15:00:00,33.5972055341202,0.04672441942236539,True
2016-01-03 15:00:00,32.178860838892355,0.046718151765341734,True
2016-12-13 06:00:00,31.859758547174263,0.046717987864065565,True
2009-12-05 18:00:00,33.81933280296323,0.0467055410185598,True
2016-12-18 03:00:00,32.09947427123675,0.046682688583594936,True
2016-12-25 21:00:00,31.991612190595426,0.04665968375553841,True
2016-12-26 09:00:00,31.821105291333257,0.04665468895290056,True
2002-03-20 21:00:00,32.333014412311286,0.0466335506132855,True
2017-10-17 00:00:00,32.963544154686645,0.046622221674956645,True
2015-12-03 06:00:00,32.641638606326254,0.04659674393243143,True
2001-12-06 18:00:00,31.64912751739949,0.04659227548515022,True
2017-11-20 03:00:00,32.811049713650725,0.04658881889835805,True
2014-01-05 00:00:00,32.545394164033034,0.04658483156618022,True
2015-12-04 12:00:00,32.07565528564362,0.04656942305586277,True
2017-11-20 18:00:00,32.49849575884099,0.04655639820516008,True
2013-11-07 06:00:00,33.333436519300264,0.04655101299713178,True
2016-12-10 21:00:00,31.82407414436657,0.04652705374156854,True
2015-12-01 21:00:00,32.16332750590621,0.04650812956011005,True
2016-12-10 12:00:00,32.13828182745368,0.046494400643576315,True
2013-01-26 03:00:00,33.5471647090176,0.04649434043367136,True
2015-12-17 09:00:00,32.129174728891805,0.04648156108091017,True
2015-12-31 06:00:00,32.179480619098285,0.04647526853106958,True
2014-12-23 00:00:00,32.51325317376044,0.046464054359824584,True
2017-01-04 15:00:00,31.93319875729625,0.04644642642140957,True
2015-12-23 06:00:00,32.20981386850353,0.046440858342374707,True
2016-12-25 15:00:00,32.102478186722735,0.04643502449173356,True
2013-11-07 03:00:00,33.258838592530736,0.04643386924738651,True
2013-01-20 21:00:00,32.53893305306633,0.04641918203138087,True
2014-12-14 09:00:00,32.43713305534175,0.046418646199020655,True
2017-10-17 12:00:00,33.10072192939827,0.04641741650114038,True
2003-11-24 09:00:00,31.90430451035426,0.04638565786696876,True
2013-12-12 00:00:00,32.52924971994944,0.04634172101950178,True
2015-12-15 15:00:00,32.1263219511778,0.046336007081937955,True
2012-12-29 18:00:00,33.477293951632554,0.046327733979613234,True
2015-12-31 18:00:00,32.12719905124485,0.04631486191026304,True
2016-12-07 21:00:00,31.81639865357284,0.04630248059884906,True
2012-12-05 00:00:00,33.61134969576262,0.04629408799985823,True
2005-12-01 09:00:00,31.77277751463568,0.04629288201236024,True
2016-12-13 15:00:00,31.76487415388684,0.04628951115671154,True
2014-01-16 18:00:00,32.23704972648062,0.046278216325143284,True
2016-12-10 18:00:00,31.77250982756684,0.04627418594509854,True
2015-12-03 12:00:00,32.12404961562768,0.046261451247655995,True
2015-12-16 06:00:00,32.14239417304078,0.046240668245648396,True
2016-12-07 15:00:00,32.2951298394088,0.04622424021031324,True
2014-01-22 15:00:00,32.97101757743411,0.046214939928366186,True
2003-01-17 18:00:00,32.00639794255887,0.04617760689177689,True
2015-12-08 03:00:00,32.127749728923675,0.046153714570253586,True
2016-12-08 03:00:00,31.91899396396813,0.04613993485429667,True
2012-01-16 18:00:00,33.66126636131356,0.04613522921713097,True
2016-12-12 06:00:00,32.28206639214108,0.04611632268275455,True
2013-11-09 06:00:00,33.32231636888969,0.04611362360299661,True
2010-12-06 21:00:00,33.76977630720859,0.04610973885970458,True
2006-01-02 18:00:00,31.731933071104184,0.046106034144400135,True
2014-12-15 18:00:00,32.15549099996389,0.04609594310597747,True
2008-11-28 18:00:00,33.4895385873742,0.04605521632648575,True
2001-06-21 21:00:00,32.21819306023544,0.046045329359811885,True
2009-11-24 03:00:00,33.41095358723461,0.04604028929697584,True
2003-11-24 15:00:00,31.848709452737804,0.04602468197987895,True
2016-01-03 12:00:00,32.116342910808505,0.045975890704972884,True
2014-01-05 03:00:00,32.551849719444284,0.04597043493655383,True
2015-12-15 18:00:00,32.19244022099909,0.045959339078485484,True
2013-11-07 09:00:00,33.34888303496254,0.0459488922606158,True
2015-12-29 12:00:00,32.19563363545232,0.04594285019082424,True
2006-01-01 03:00:00,31.752199662242784,0.04593806516935186,True
2015-12-12 09:00:00,32.51670595177717,0.0459357669181902,True
2017-01-04 18:00:00,31.950856027909783,0.04593566780197032,True
2003-11-24 06:00:00,31.97724417673217,0.045911373872136285,True
2015-12-30 06:00:00,32.608505273733485,0.045907313554943874,True
2013-01-21 18:00:00,33.146677483926624,0.04590421506748583,True
2013-12-14 21:00:00,32.47649048689446,0.045888690719432766,True
2012-12-11 00:00:00,33.078883345929626,0.045885610602150975,True
2017-01-03 18:00:00,32.444867849912384,0.04588206190666816,True
2012-01-16 09:00:00,33.05266651859499,0.04588160198357874,True
2006-01-02 12:00:00,32.01752195360967,0.04584542829778862,True
2015-12-03 09:00:00,32.07216639683272,0.04583319365258051,True
2015-12-23 15:00:00,32.12075528463556,0.045833134308776675,True
2015-12-25 18:00:00,32.42145527791439,0.045831670802246524,True
2016-12-21 21:00:00,31.859333068256568,0.04579227950157985,True
2013-11-09 03:00:00,33.230971477553176,0.045790664306740635,True
2015-12-23 03:00:00,32.112414936898304,0.045787191395583085,True
2018-01-28 18:00:00,32.66189416142905,0.04574527710764158,True
2014-12-14 00:00:00,33.012388598039344,0.045743689237144156,True
2016-01-05 00:00:00,32.546879599435265,0.04572589675957496,True
2016-12-06 06:00:00,31.78253306997319,0.045723419962688694,True
2016-12-06 09:00:00,31.85789714539824,0.04572318687722541,True
2015-10-20 15:00:00,33.52108355663908,0.04571887499918157,True
2015-12-17 12:00:00,32.2538663927714,0.0457132249240697,True
2015-12-07 18:00:00,32.35682239495949,0.045690440047938624,True
2016-01-03 21:00:00,32.6916022415731,0.04568213317344534,True
2017-12-03 06:00:00,31.85135378406581,0.04567613843683703,True
2014-12-18 21:00:00,32.373533056763314,0.04564467314247997,True
2016-12-15 06:00:00,32.04881639735462,0.04562827806592598,True
2016-01-03 03:00:00,32.19921690451893,0.0456242507359205,True
2001-12-07 00:00:00,31.733010848857884,0.045617050998366576,True
2016-12-13 00:00:00,31.77746193134874,0.045599448348264314,True
2016-01-05 21:00:00,32.12827728146443,0.045595368967775045,True
2017-01-19 09:00:00,32.65921269243604,0.045583422148951266,True
2013-12-17 12:00:00,33.05641081927757,0.045582386732185176,True
2015-12-09 15:00:00,32.46736743905033,0.04557954811479752,True
2003-11-24 12:00:00,31.812938624849128,0.04557485516903597,True
2015-12-21 21:00:00,32.06426202501995,0.045567298808071685,True
2017-12-09 03:00:00,32.14904441079152,0.04556523226230169,True
2016-12-13 03:00:00,31.7843813864302,0.045556514499208986,True
2017-12-03 03:00:00,31.77730909523803,0.04555642552656293,True
2017-12-07 15:00:00,31.76385714446469,0.045555897798578444,True
2016-12-06 12:00:00,32.36146639036636,0.04555186463648865,True
2015-12-07 00:00:00,32.069849730217825,0.04553746664068954,True
2013-11-07 12:00:00,33.397516423325555,0.045523179835752284,True
2015-10-27 12:00:00,33.39722192277097,0.04552202130250772,True
2003-11-24 18:00:00,31.76228682417948,0.04550539526902908,True
2015-11-29 15:00:00,32.214471949207486,0.04549589873620895,True
2013-11-09 09:00:00,33.34703603800682,0.045493855384396174,True
2015-12-12 21:00:00,32.20240894581412,0.04548379556871211,True
2015-12-01 18:00:00,32.07503861899074,0.045473386358626404,True
2008-11-13 15:00:00,34.112737019443074,0.04542421970451995,True
2003-01-17 12:00:00,31.797688625189995,0.04540101051280687,True
2015-12-31 12:00:00,32.571771941221215,0.045400156510024756,True
2015-10-26 21:00:00,33.131128708379634,0.04536334272443958,True
2012-01-16 12:00:00,33.592860807287,0.04534858865357583,True
2015-12-14 15:00:00,32.25438861498196,0.04534808909484615,True
2003-11-25 00:00:00,31.79451662750556,0.04534621549313973,True
2015-12-15 09:00:00,32.43391329596354,0.045323725852694466,True
2003-01-17 15:00:00,31.820599735789,0.04532177013782395,True
2014-01-17 00:00:00,32.80524971378036,0.045319566789445855,True
2016-01-12 00:00:00,32.76892629116882,0.04531747007468674,True
2015-12-26 12:00:00,32.11118741683445,0.04530883266105498,True
2015-12-12 18:00:00,32.10375528501554,0.04528898754792071,True
2017-01-15 00:00:00,32.36109416815245,0.04526897541213069,True
2001-12-06 15:00:00,31.653026156768128,0.04526732692283904,True
2015-12-08 06:00:00,32.19846639400969,0.045239059140595936,True
2015-11-28 03:00:00,32.11170528483785,0.045205482333776484,True
2015-12-17 06:00:00,32.06136801701532,0.045202306125099095,True
2014-12-22 21:00:00,32.321349724596374,0.04516332528516829,True
2015-12-22 03:00:00,32.214354607158725,0.04516105565974261,True
2016-12-21 12:00:00,32.478436184309004,0.04516018737634721,True
2017-11-30 09:00:00,31.92592751121252,0.04515717201983977,True
2013-11-09 12:00:00,33.382066367554174,0.04514052341490543,True
2006-01-02 06:00:00,31.749555292932524,0.045134042751776446,True
2014-12-18 15:00:00,32.843816379584986,0.04512932941940614,True
2013-01-12 06:00:00,32.97112748785048,0.045128880885233036,True
2014-01-22 21:00:00,32.886188412536214,0.04510186050421501,True
2014-12-22 15:00:00,32.99393859845173,0.045095644333217964,True
2016-12-08 00:00:00,31.8544869290052,0.04508873005252227,True
2015-12-07 03:00:00,32.275812863752336,0.045086574779504236,True
2005-11-30 12:00:00,31.724739616919543,0.04503194455151795,True
2017-12-04 21:00:00,31.787112198999967,0.04502823944561225,True
2013-12-18 15:00:00,33.09901637388083,0.04499421308133652,True
2005-12-06 00:00:00,31.79222195864552,0.04496660460564724,True
2017-01-05 12:00:00,32.542327497434904,0.0449636472504785,True
2013-11-07 18:00:00,33.41145241164515,0.044960547746159076,True
2013-12-14 18:00:00,32.44347749964438,0.044915993490582284,True
2017-12-04 18:00:00,31.724861037363954,0.04486513569783414,True
2013-11-09 18:00:00,33.41254414465072,0.04485105145503175,True
2013-12-20 18:00:00,32.581083577649714,0.044843328668709076,True
2016-12-06 03:00:00,31.74422751527384,0.044842337474046604,True
2017-12-03 00:00:00,31.753035418857035,0.04481180831152207,True
2015-12-23 00:00:00,32.069560841335395,0.0448110341986116,True
2015-12-29 09:00:00,32.10409826746401,0.04480254353329814,True
2016-12-23 00:00:00,31.860149775108976,0.04479995352363114,True
2016-01-05 18:00:00,32.103021951698594,0.044756195146911516,True
2014-01-17 18:00:00,32.70100527166596,0.044750040848137745,True
2015-12-15 12:00:00,32.07780528559556,0.04474788731697628,True
2015-12-31 03:00:00,32.10751611545897,0.04474044714765035,True
2012-12-04 15:00:00,33.43395393131225,0.04469444716911776,True
2017-12-05 00:00:00,31.877403713338985,0.04469068541622271,True
2006-01-02 15:00:00,31.74523119393008,0.04467179882910893,True
2015-12-23 12:00:00,32.09618861851801,0.04465053882938609,True
2017-01-11 21:00:00,32.50598628203098,0.04464840957883258,True
2016-01-08 21:00:00,32.23569972651079,0.04464230178424838,True
2015-12-14 06:00:00,32.210156797788784,0.044603154520134206,True
2003-01-15 18:00:00,31.296096325459335,0.04460281448324739,True
2014-12-14 06:00:00,32.39103305637216,0.044599424619830436,True
2016-11-16 12:00:00,32.395616389603035,0.04458965802542194,True
2013-11-07 00:00:00,33.14435218367831,0.044585924899186245,True
2014-12-18 18:00:00,32.37448738819207,0.04457369976503884,True
2017-01-06 09:00:00,31.91879417803863,0.04456062078755799,True
2015-12-16 03:00:00,32.06732750805198,0.04452057533766441,True
2011-11-22 00:00:00,34.09109412948394,0.04451249354444069,True
2013-12-23 18:00:00,32.88693553961894,0.04450870082060909,True
2015-11-25 12:00:00,32.19182194971376,0.04449463961593084,True
2013-12-17 21:00:00,32.54393860851001,0.04448469142735357,True
2012-01-16 15:00:00,33.622962882932896,0.04446409145827037,True
2016-01-13 03:00:00,32.81304415805058,0.044395415036310545,True
2016-12-22 21:00:00,31.7916223145308,0.04438782845679688,True
2009-11-22 21:00:00,33.073154031100486,0.04437733948709686,True
2011-11-13 18:00:00,33.82599396204054,0.04433267979597681,True
2017-10-16 21:00:00,32.89090526742137,0.044302533658080394,True
2017-12-06 21:00:00,32.410063877864594,0.04430049678686617,True
2003-01-17 09:00:00,31.20960639656209,0.04429415042248332,True
2016-01-03 00:00:00,32.08396084101353,0.04428796843366332,True
2017-01-06 12:00:00,32.02679224818704,0.04427977656885464,True
2014-12-14 03:00:00,32.362778108198235,0.04425349895733968,True
2001-06-21 18:00:00,32.219244171323034,0.04422802695315534,True
2016-01-12 09:00:00,32.3467775018058,0.044202985010419193,True
2015-12-26 09:00:00,32.10217750727302,0.04419641160496049,True
2015-12-31 15:00:00,32.13233306215455,0.044168609019797876,True
2008-11-28 15:00:00,33.819699691105626,0.044130553340680265,True
2015-12-04 21:00:00,32.448121943985015,0.0441278809529336,True
2015-11-30 15:00:00,32.1915997274965,0.04412376676840498,True
2017-11-20 15:00:00,32.15775701053523,0.044118886319872715,True
2016-01-07 21:00:00,32.56147194145144,0.044094939643125095,True
2012-12-28 21:00:00,32.79253066644561,0.0440831478690134,True
2015-11-25 09:00:00,32.07878861890692,0.04407092058142343,True
2001-12-07 12:00:00,31.612929845535888,0.044032878481334733,True
2017-01-06 06:00:00,31.86960075510191,0.044014891167469164,True
2016-12-11 12:00:00,31.863838444499965,0.043999831637387,True
2008-01-28 18:00:00,34.59527745154789,0.04399509067716652,True
2016-12-21 18:00:00,31.795767514895765,0.04398982263761248,True
2017-01-07 09:00:00,31.914267333794765,0.04395306869090324,True
2014-01-08 18:00:00,32.49375527629835,0.043950472190842124,True
2011-11-13 15:00:00,33.74841611336316,0.043901926357585275,True
2013-11-07 15:00:00,33.41036636692161,0.04389726571305909,True
2015-11-29 06:00:00,32.285404433497725,0.043878836214307396,True
2014-12-11 03:00:00,32.93471628339127,0.043871371347852316,True
2014-01-17 09:00:00,32.73893860415142,0.04384239625481557,True
2015-12-05 21:00:00,32.12948276191796,0.04383658347974604,True
2013-12-28 06:00:00,32.62526638446997,0.04383418946774511,True
2014-12-15 00:00:00,32.44642749957844,0.0438019248877315,True
2015-12-31 00:00:00,32.09088861863646,0.043797067964169295,True
2014-12-14 12:00:00,32.763873763922184,0.04378253620986079,True
2016-12-23 03:00:00,31.9246497334633,0.04378184158831626,True
2013-12-20 09:00:00,33.07531138574854,0.043769069171267196,True
2015-12-20 09:00:00,32.22400481151795,0.04376428427037811,True
2015-11-25 18:00:00,32.50407194273442,0.043755318781792125,True
2014-01-17 06:00:00,32.66857429310648,0.043750047741134085,True
2011-11-23 09:00:00,33.519982723564155,0.0437261210418069,True
2014-01-17 12:00:00,33.008312166579444,0.04372508480797989,True
2015-12-22 21:00:00,32.357155238800104,0.0436958885914771,True
2008-12-07 15:00:00,34.16236633877036,0.04369146949671647,True
2013-01-12 03:00:00,32.967089875328114,0.043685557513305065,True
2014-12-11 12:00:00,32.48356873663045,0.04365479162282622,True
2006-01-01 00:00:00,31.295709311601424,0.04364837824136915,True
2015-12-29 06:00:00,32.13219545100335,0.043632689325844166,True
2014-12-25 21:00:00,32.46523861026909,0.04363052927999509,True
2016-12-19 03:00:00,32.01010528710878,0.04361480146748547,True
2012-12-18 21:00:00,33.66112981213985,0.04360210810680254,True
2013-12-26 03:00:00,33.10535866398849,0.04359998317223818,True
2007-11-29 06:00:00,31.192394194274936,0.04357943627073492,True
2015-10-22 03:00:00,33.334566368615874,0.04357281220207177,True
2017-12-04 09:00:00,31.813955479816983,0.043545203178946425,True
2015-12-28 00:00:00,31.78529106413664,0.0435266719592322,True
2016-12-23 18:00:00,32.14111922015025,0.04352066090062599,True
2017-11-30 03:00:00,31.81348153002166,0.043477072901494024,True
2015-10-22 06:00:00,33.41713889314142,0.0434522894932038,True
2012-12-19 06:00:00,33.14277748401381,0.043437334791212395,True
2015-12-20 06:00:00,32.118421951354385,0.04343200709344676,True
2014-12-26 03:00:00,32.80335630515977,0.04341874038458053,True
2016-12-01 12:00:00,31.82282983686908,0.04341552681784715,True
2016-12-22 18:00:00,32.01723889128537,0.04341539613480798,True
2017-01-06 03:00:00,32.353780475626955,0.04341317914620635,True
2016-12-13 12:00:00,32.23329972656443,0.04340299059302131,True
2010-11-13 15:00:00,34.00338159390693,0.04338699114581597,True
2016-12-30 12:00:00,31.90427573814104,0.04336438047615048,True
2015-12-05 06:00:00,32.11588306252224,0.043359894663319,True
2013-12-20 15:00:00,32.47631638779925,0.04334286044314939,True
2015-12-21 18:00:00,32.156137907958176,0.043341481291096336,True
2016-12-01 09:00:00,32.37013305683931,0.043329743820212,True
2015-10-20 12:00:00,33.51528858679864,0.04332810143351875,True
2014-01-17 03:00:00,32.55117749723709,0.04332048840594228,True
2013-01-21 21:00:00,33.02754415325614,0.04331661069213766,True
2017-12-08 09:00:00,31.829277513372823,0.04330968160439918,True
2016-01-08 18:00:00,32.17101639462324,0.043308111860047946,True
2017-12-06 06:00:00,32.20944417154209,0.0433056439525385,True
2016-12-01 15:00:00,31.85980191148016,0.04329908883959678,True
2013-12-28 00:00:00,32.416294767519226,0.043242291837570626,True
2015-12-05 09:00:00,32.18201639437738,0.04323570799660405,True
2013-11-09 15:00:00,33.39958938303553,0.04322299164193816,True
2015-12-08 09:00:00,32.678187936454265,0.043187654323956694,True
2015-12-27 18:00:00,32.12361879808507,0.04318668120621558,True
2007-11-19 21:00:00,31.378788634553143,0.043185491559130845,True
2015-12-28 06:00:00,32.09020311140541,0.04318107390515485,True
2010-12-07 00:00:00,33.645629405624696,0.043179880969648844,True
2014-12-26 12:00:00,32.53317749763942,0.043148310161986766,True
2016-01-12 03:00:00,32.19604972739705,0.04310744841734477,True
2013-12-26 12:00:00,32.601016460087074,0.04309932769146099,True
2017-01-10 06:00:00,31.90064417844431,0.04307604677502724,True
2015-12-16 00:00:00,32.10851182643368,0.043068739794409575,True
2017-12-02 21:00:00,32.31800367947341,0.04306119553252741,True
2011-11-23 18:00:00,33.73743302627778,0.043060145564401874,True
2010-12-07 06:00:00,33.81140524684658,0.04304941878316047,True
2016-01-12 06:00:00,32.245496438309964,0.04301251341414046,True
2015-12-29 03:00:00,32.73499415979513,0.04301143291703409,True
2016-12-11 09:00:00,31.77464418126063,0.042998448220732316,True
2017-12-07 12:00:00,32.24563305962209,0.04299014280432357,True
2008-11-13 18:00:00,33.94426330898981,0.04297493508239032,True
2015-12-28 09:00:00,32.18750408194239,0.04295186419579765,True
2017-12-08 03:00:00,31.96247103557556,0.04294302310062938,True
2015-12-17 03:00:00,32.26377194810555,0.04292931746655413,True
2016-12-14 09:00:00,31.85114417955072,0.04291534407838745,True
2017-01-20 12:00:00,32.731529259194524,0.04289890519674572,True
2015-12-06 21:00:00,32.0868052853944,0.04289733771807851,True
2015-11-16 18:00:00,32.30694416936281,0.042880246722927375,True
2016-12-20 18:00:00,31.883244385359458,0.04284859557839822,True
2015-12-12 15:00:00,32.09760555428025,0.042848037857981136,True
2016-12-21 09:00:00,31.90689417830461,0.042843841381385805,True
2015-12-23 21:00:00,32.33863350647716,0.04284097062267145,True
2015-12-28 03:00:00,32.0624441748278,0.042814689058074784,True
2016-10-22 00:00:00,33.115315812349294,0.042797077885240245,True
2014-01-14 03:00:00,33.01957748676754,0.04273637521595761,True
2015-12-06 18:00:00,32.26140528149178,0.04271709269784749,True
2013-11-09 00:00:00,33.151088594939154,0.042700735782069656,True
2016-10-20 03:00:00,33.14928836975416,0.042691735655280304,True
2015-11-25 06:00:00,32.08244534397138,0.042684715544752456,True
2013-12-18 18:00:00,32.435938610923984,0.0426732688890424,True
2015-12-05 03:00:00,32.08398306323525,0.042662651560125345,True
2016-12-11 06:00:00,31.81072195823201,0.0426498695328036,True
2016-12-30 09:00:00,31.80532471585468,0.04263479531174809,True
2013-01-12 09:00:00,33.1023418527337,0.042620076918001445,True
2014-11-17 18:00:00,32.778455269934824,0.04259363986757849,True
2009-01-27 00:00:00,34.71180500568122,0.04259179670797998,True
2015-10-22 09:00:00,33.44529969947413,0.04256837662341907,True
2010-01-14 15:00:00,34.05300919372073,0.042557032734604,True
2006-01-02 09:00:00,31.833889297199,0.04254831983792835,True
2016-01-05 12:00:00,32.27335658146106,0.042543618296120154,True
2017-12-08 06:00:00,31.80141562362088,0.0425426660428045,True
2017-01-10 09:00:00,31.943771545116437,0.042520712678746464,True
2016-10-20 00:00:00,33.07381081888866,0.042515647704583555,True
2016-12-01 18:00:00,31.896288051777248,0.04251066057141202,True
2014-01-14 12:00:00,32.71113954639235,0.04246265149615963,True
2006-01-12 18:00:00,32.04803861959424,0.04245853247796054,True
2014-12-11 09:00:00,32.37231083456841,0.04244890006974679,True
2015-12-27 21:00:00,32.20839119053581,0.04243949133686596,True
2017-01-18 18:00:00,32.70294432886167,0.04242374444026992,True
2009-11-13 03:00:00,33.833321913023376,0.04241073689457362,True
2013-12-15 18:00:00,33.06035526363386,0.042380712338188714,True
2013-12-17 15:00:00,32.49774548239473,0.04237958789944852,True
2015-12-05 00:00:00,32.440019758954136,0.042375585972946314,True
2013-12-17 18:00:00,32.478644165525004,0.042372825783854456,True
2013-12-18 00:00:00,32.94928799062173,0.042363928199901354,True
2015-12-05 18:00:00,32.04484417522119,0.0423635996650857,True
2014-01-09 12:00:00,33.08482499097807,0.04235157771465786,True
2016-12-07 18:00:00,32.136913889938874,0.04235062188551721,True
2014-12-22 18:00:00,32.36588183927831,0.04234994706289914,True
2017-12-04 06:00:00,31.75159923228078,0.04234678581989017,True
2017-11-27 09:00:00,31.783755292168102,0.0423433260915065,True
2016-01-05 09:00:00,32.16634417250545,0.04233843725930034,True
2017-12-07 06:00:00,31.82053862467925,0.042325203757426384,True
2001-06-22 00:00:00,32.26094616789405,0.042273742096956175,True
2017-12-04 03:00:00,31.728930567258946,0.042263072586294456,True
2013-12-28 03:00:00,32.52751083109942,0.04225254967467863,True
2016-12-10 15:00:00,32.17521949972575,0.04224754750181502,True
2015-12-20 03:00:00,32.05233298400665,0.04224297781186097,True
2017-12-04 00:00:00,32.37906916775068,0.042230887181936086,True
2016-10-22 03:00:00,33.16754970568232,0.042210327257308874,True
2017-01-19 18:00:00,32.27358305899737,0.042200109998104154,True
2008-01-02 18:00:00,33.36395078824894,0.0421941665698341,True
2014-12-15 12:00:00,32.46283305476729,0.042165549772092054,True
2014-12-14 18:00:00,32.348513988253465,0.04215896101916505,True
2014-12-26 09:00:00,32.421705503134014,0.042144789148349834,True
2016-10-21 21:00:00,33.06448304131937,0.04213013244492918,True
2016-12-05 09:00:00,32.415876609097104,0.04212026199122948,True
2016-12-21 15:00:00,32.023316308798044,0.042101776028906156,True
2014-12-14 21:00:00,32.34429416852796,0.042093363335815766,True
2016-01-02 21:00:00,32.117562172883346,0.042079850623094564,True
2016-12-04 18:00:00,32.194794090170205,0.041999123008873304,True
2015-10-22 12:00:00,33.48361126017935,0.04199728119512266,True
2014-12-25 12:00:00,33.00960332102532,0.0419966823183708,True
2014-12-30 03:00:00,33.01309970913456,0.04197038454077767,True
2017-11-28 18:00:00,32.1643190024827,0.041958310101481336,True
2014-10-23 03:00:00,33.40313708118973,0.04193630145714765,True
2015-01-03 18:00:00,32.880899712089445,0.04192941892074079,True
2010-01-13 21:00:00,33.65852736174392,0.04192767012611794,True
2014-01-14 09:00:00,32.58713305198898,0.041899418346049,True
2016-12-14 06:00:00,31.783556671740023,0.041864722921920824,True
2016-01-01 09:00:00,32.17763768747644,0.04186003663640574,True
2012-12-29 03:00:00,33.24956665688461,0.04183662626947586,True
2013-12-20 12:00:00,32.47711083222595,0.04183612744474775,True
2017-12-01 09:00:00,31.814298715521677,0.041831559394316674,True
2013-12-15 03:00:00,32.94102193296783,0.04180047440421358,True
2016-01-06 03:00:00,32.334468375096804,0.041796741429651674,True
2014-12-11 06:00:00,32.35750527934379,0.04179642639965365,True
2015-12-04 03:00:00,32.10820042380507,0.04178957249074058,True
2005-11-30 00:00:00,31.782224394181004,0.04178558076725118,True
2016-10-20 06:00:00,33.2084774825453,0.04178387061704071,True
2016-12-06 00:00:00,32.24556016400083,0.041779776817973055,True
2016-11-25 21:00:00,31.86453105471757,0.04177393012516577,True
2015-12-01 12:00:00,32.713577493607175,0.041754340260436604,True
2014-01-05 09:00:00,32.6272386066481,0.041743172019240785,True
2008-12-12 03:00:00,33.8700274677585,0.04173637877452602,True
2017-01-06 15:00:00,32.46629416580104,0.041695392304804756,True
2012-12-13 12:00:00,33.15536637262131,0.04166661233143648,True
2017-01-14 12:00:00,31.84971640180486,0.04165862217489308,True
2016-10-22 06:00:00,33.18504989361508,0.04165326473008594,True
2001-11-15 09:00:00,32.21974417131188,0.0416426403329692,True
2014-12-25 18:00:00,32.392822738871835,0.041640893916914404,True
2003-01-17 00:00:00,31.780665149839223,0.041628017862034926,True
2015-12-19 03:00:00,32.13721010034664,0.04160684827438804,True
2016-01-05 06:00:00,32.1192211903015,0.04160551158307424,True
2015-10-22 00:00:00,33.237114864202745,0.0416041751084314,True
2017-12-05 12:00:00,31.858944746269778,0.04160381294668649,True
2014-12-26 15:00:00,32.946837919232394,0.04158227518936203,True
2017-12-07 00:00:00,31.757223660108064,0.04157918216659526,True
2015-12-16 09:00:00,32.290738238794106,0.04157183612228156,True
2012-12-19 00:00:00,33.08459581292021,0.04156956495895608,True
2015-10-22 18:00:00,33.521551802434146,0.04156878386822142,True
2016-10-22 12:00:00,33.211699704695484,0.04153982378424687,True
2005-11-29 21:00:00,31.749410848491305,0.0415367777531494,True
2011-01-28 03:00:00,34.470116343234345,0.04149638271670093,True
2010-01-14 18:00:00,33.526199697665874,0.041496126768481925,True
2015-11-25 21:00:00,32.058654470172804,0.04148457858748382,True
2013-12-27 21:00:00,32.96546637686591,0.041458015967982466,True
2016-12-14 03:00:00,31.854713227089988,0.041455453662919604,True
2013-12-26 09:00:00,32.5226386089861,0.04145337138379975,True
2014-10-23 06:00:00,33.44379969950766,0.04144461136534437,True
2017-12-01 06:00:00,31.77941127312643,0.04141214520571333,True
2014-10-23 00:00:00,33.306699702572075,0.04140913188343146,True
2017-01-07 15:00:00,32.0087606182275,0.041403245160152036,True
2017-12-01 12:00:00,31.906798674776468,0.0413815842537686,True
2015-11-26 03:00:00,32.20188993442281,0.0413650225732867,True
2012-12-04 18:00:00,33.37739894400863,0.041360606090817334,True
2013-12-26 06:00:00,32.48841083197337,0.04133923848360281,True
2017-12-04 15:00:00,32.17813349799344,0.041334786061308235,True
2015-12-29 00:00:00,32.221010837950224,0.04133012807714684,True
2015-01-04 03:00:00,32.57982159974437,0.041326317023283037,True
2016-01-16 00:00:00,32.88683907365882,0.041315159659934333,True
2017-01-05 21:00:00,31.94895814132838,0.041294887789870685,True
2016-01-09 00:00:00,32.407730979276465,0.04129022153213689,True
2017-01-07 12:00:00,32.070594184688794,0.041282621861654864,True
2017-11-27 06:00:00,31.71130722122508,0.0412702276707544,True
2017-01-04 21:00:00,32.286532661882525,0.04126549722742454,True
2014-12-15 09:00:00,32.38164718087573,0.04123855399178865,True
2015-12-01 15:00:00,32.10509539797993,0.041232269504938156,True
2017-12-05 09:00:00,31.745876689411133,0.041197541943482276,True
2016-01-16 15:00:00,32.898977489463164,0.04119753329878064,True
2005-11-30 09:00:00,31.72408307127965,0.04115734636380162,True
2014-12-26 06:00:00,32.40478305606481,0.04112216246976903,True
2014-01-14 06:00:00,32.57577389308372,0.04111869315107989,True
2015-12-27 15:00:00,32.110016395986705,0.041104558932498515,True
2015-01-04 00:00:00,32.41298305588153,0.041098847925436756,True
2014-10-30 03:00:00,33.33360525752625,0.041093710518678946,True
2017-12-05 06:00:00,31.802889915758342,0.04108955242085596,True
2015-12-28 15:00:00,32.51268849582982,0.04108510688604191,True
2015-12-26 18:00:00,32.31172378368341,0.04108128081622711,True
2015-12-12 12:00:00,32.41224987905912,0.041073910881824084,True
2016-10-20 09:00:00,33.20844766395186,0.04106186859526811,True
2016-01-05 03:00:00,32.420044960485605,0.04104525613183346,True
2017-12-07 03:00:00,31.773026493821327,0.04102366868274103,True
2016-12-21 06:00:00,31.82653306898971,0.041019316373847835,True
2014-12-27 18:00:00,32.769833047905315,0.040988952156321194,True
2012-12-19 03:00:00,33.092555262914125,0.040975264686166836,True
2017-11-26 18:00:00,31.7689459831898,0.04094345660290988,True
2014-12-30 12:00:00,32.5025441649908,0.040934373538514666,True
2015-11-26 00:00:00,32.15147750617109,0.04092341169580672,True
2005-11-30 03:00:00,32.06722195249879,0.04090400129759127,True
2016-10-20 15:00:00,33.2238767526837,0.04090225704980742,True
2017-01-18 15:00:00,32.86139653792221,0.040894415054618286,True
2014-01-14 15:00:00,32.96480526576956,0.040891891935439836,True
2014-10-23 09:00:00,33.4976862744495,0.0408868943676746,True
2015-12-28 21:00:00,32.12183456005476,0.04088319650536458,True
2013-12-12 03:00:00,32.59528724681806,0.04087588034338978,True
2017-11-26 21:00:00,31.86803497064959,0.040870995470632374,True
2016-01-08 15:00:00,32.21801369997008,0.04086051450614517,True
2016-12-30 15:00:00,31.96185044488252,0.04085664255213696,True
2014-12-18 00:00:00,33.028649708786986,0.04081027154747577,True
2016-11-25 18:00:00,31.795556650677515,0.04075178914501584,True
2017-12-01 03:00:00,32.365593041400764,0.0407071447458789,True
2014-10-30 00:00:00,33.28300630970827,0.040681662963867424,True
2017-11-25 15:00:00,31.865440227341143,0.04067838319343031,True
2013-01-12 00:00:00,33.55929414137059,0.04067660182686329,True
2014-12-14 15:00:00,32.622366384534786,0.040666600370988175,True
2011-11-23 12:00:00,33.579116363149765,0.040650396411201065,True
2014-01-08 15:00:00,32.332316391017905,0.04064932727421522,True
2013-12-23 21:00:00,32.74168860408995,0.04063633535995432,True
2014-12-15 06:00:00,32.38886638975392,0.04063588026364985,True
2016-12-26 15:00:00,32.10950823044996,0.040627785250133476,True
2016-01-13 12:00:00,32.35802729840449,0.0405868895199246,True
2013-01-13 03:00:00,33.36568859014246,0.04055071734836984,True
2001-11-15 00:00:00,32.214933060308304,0.0405241153282608,True
2015-12-24 21:00:00,32.148744172898844,0.04052186065912891,True
2014-12-17 06:00:00,32.493848486172816,0.04051756288982852,True
2016-01-01 06:00:00,32.097527124235214,0.04051728107818704,True
2013-10-23 18:00:00,33.196585863225415,0.04051709346649275,True
2007-09-21 12:00:00,32.044849730776626,0.04051453276598085,True
2014-12-19 03:00:00,32.907533271584846,0.040511623087067364,True
