2004-02-13 17:00:00,3.8486754010242894,Anomaly Score,Anomaly
2018-01-26 16:00:00,19.993442858953443,-0.22039435628728254,True
2018-01-26 20:00:00,19.02541486194604,-0.22039435628728254,True
2018-01-26 19:00:00,19.363710455348087,-0.22039435628728254,True
2018-01-26 17:00:00,19.694021609066244,-0.22039435628728254,True
2018-01-26 18:00:00,19.50126204098143,-0.22039435628728254,True
2018-01-24 08:00:00,19.59968336215324,-0.22039435628728254,True
2018-01-24 07:00:00,19.23500639612651,-0.22039435628728254,True
2018-01-24 06:00:00,19.633134156064123,-0.22039435628728254,True
2018-01-18 11:00:00,19.91813301510599,-0.22039435628728254,True
2018-01-18 12:00:00,19.67882434082044,-0.22039435628728254,True
2018-01-16 15:00:00,19.063393573517505,-0.22039435628728254,True
2018-01-19 15:00:00,19.79862223555685,-0.22039435628728254,True
2018-01-19 16:00:00,19.580662657629272,-0.22039435628728254,True
2018-01-19 17:00:00,20.290540828066927,-0.22039435628728254,True
2018-01-18 14:00:00,20.11876909375732,-0.22039435628728254,True
2018-01-18 13:00:00,19.84120867022861,-0.22039435628728254,True
2018-01-19 12:00:00,20.029677978014647,-0.22039435628728254,True
2018-01-19 13:00:00,19.61180697039516,-0.22039435628728254,True
2018-01-19 14:00:00,20.13263663694517,-0.22039435628728254,True
2017-11-20 14:00:00,19.200926062890648,-0.22039435628728254,True
2018-01-19 18:00:00,19.62306531402948,-0.22039435628728254,True
2018-01-17 14:00:00,18.97016705939119,-0.22039435628728254,True
2018-01-23 21:00:00,21.31045188288012,-0.22039435628728254,True
2018-01-23 20:00:00,23.116579919448448,-0.22039435628728254,True
2018-01-23 15:00:00,21.606596042680103,-0.22039435628728254,True
2018-01-22 19:00:00,21.37061398438053,-0.22039435628728254,True
2018-01-22 18:00:00,21.146705035430927,-0.22039435628728254,True
2017-11-21 05:00:00,19.04012753390816,-0.22039435628728254,True
2017-11-21 00:00:00,19.33867455376848,-0.22039435628728254,True
2017-11-21 02:00:00,18.974676241154004,-0.22039435628728254,True
2018-01-25 18:00:00,20.20799331147012,-0.22039435628728254,True
2018-01-25 19:00:00,19.926056231943782,-0.22039435628728254,True
2018-01-26 14:00:00,20.01034069660137,-0.22039435628728254,True
2018-01-26 13:00:00,19.864347098286053,-0.22039435628728254,True
2018-01-26 12:00:00,19.68461750338227,-0.22039435628728254,True
2018-01-26 15:00:00,19.818121416515343,-0.22039435628728254,True
2018-01-26 11:00:00,19.848540098820013,-0.22039435628728254,True
2018-01-25 16:00:00,20.24895632617568,-0.22039435628728254,True
2018-01-24 15:00:00,19.322405878598254,-0.22039435628728254,True
2018-01-24 14:00:00,19.815717462969165,-0.22039435628728254,True
2018-01-25 17:00:00,20.03853874420417,-0.22039435628728254,True
2018-01-17 11:00:00,19.26096140095744,-0.22039435628728254,True
2018-01-16 17:00:00,19.018170818551592,-0.22039435628728254,True
2018-01-22 17:00:00,21.04290867353011,-0.22039435628728254,True
2018-01-22 16:00:00,21.149916384216144,-0.22039435628728254,True
2018-01-22 14:00:00,21.271396313593627,-0.22039435628728254,True
2018-01-22 13:00:00,21.019224317361733,-0.22039435628728254,True
2018-01-22 12:00:00,21.03818245354204,-0.22039435628728254,True
2018-01-23 22:00:00,21.630619198785453,-0.22039435628728254,True
2018-01-24 03:00:00,20.060940661068702,-0.22039435628728254,True
2018-01-17 13:00:00,19.45506375495868,-0.22039435628728254,True
2018-01-17 12:00:00,18.95748244539863,-0.22039435628728254,True
2018-01-22 11:00:00,21.119108588193,-0.22039435628728254,True
2017-11-20 17:00:00,19.02762463419616,-0.22039435628728254,True
2017-11-20 22:00:00,18.841011630003475,-0.22039435628728254,True
2017-11-16 14:00:00,18.47136631748293,-0.21827449266459498,True
2018-01-15 12:00:00,18.658533746781945,-0.21827449266459498,True
2018-01-15 11:00:00,18.439253871104547,-0.21827449266459498,True
2018-01-16 16:00:00,18.52555371444981,-0.21827449266459498,True
2018-01-27 21:00:00,18.788257781885942,-0.21827449266459498,True
2018-01-27 20:00:00,18.542387806498347,-0.21827449266459498,True
2018-01-27 18:00:00,18.79164182051089,-0.21827449266459498,True
2018-01-12 17:00:00,18.531718813404165,-0.21827449266459498,True
2018-01-15 14:00:00,18.788873734304847,-0.21827449266459498,True
2017-11-21 15:00:00,18.451150441791047,-0.21827449266459498,True
2017-11-16 19:00:00,18.53194753878245,-0.21827449266459498,True
2017-11-20 12:00:00,18.580994955261765,-0.21827449266459498,True
2018-01-24 16:00:00,18.687239660798067,-0.21827449266459498,True
2017-11-20 16:00:00,18.696754423298437,-0.21827449266459498,True
2017-11-20 21:00:00,18.756012747533244,-0.21827449266459498,True
2018-01-16 18:00:00,18.73636510831891,-0.21827449266459498,True
2018-01-17 10:00:00,18.557446821962596,-0.21827449266459498,True
2017-11-21 03:00:00,18.70465706848191,-0.21827449266459498,True
2017-11-21 12:00:00,18.435725959461188,-0.21827449266459498,True
2017-11-21 10:00:00,18.59389495126576,-0.21827449266459498,True
2018-01-27 22:00:00,18.502459959728167,-0.21827449266459498,True
2018-01-26 21:00:00,18.687119268543988,-0.21827449266459498,True
2017-11-21 07:00:00,18.475693722312236,-0.21827449266459498,True
2018-01-15 13:00:00,18.18415585637428,-0.2161603583685101,True
2017-11-16 16:00:00,18.140425535309056,-0.2161603583685101,True
2017-11-21 01:00:00,18.18575312071605,-0.2161603583685101,True
2018-01-05 15:00:00,18.14127693895013,-0.2161603583685101,True
2017-11-20 15:00:00,18.322886953572684,-0.2161603583685101,True
2017-11-20 20:00:00,18.279893440326337,-0.2161603583685101,True
2017-11-21 08:00:00,18.12675440785863,-0.2161603583685101,True
2017-11-21 20:00:00,18.263151445163075,-0.2161603583685101,True
2017-12-09 22:00:00,18.1481750431009,-0.2161603583685101,True
2018-01-15 09:00:00,18.252798483808228,-0.2161603583685101,True
2018-01-12 16:00:00,18.089341660214863,-0.2161603583685101,True
2018-01-10 18:00:00,18.2936656108234,-0.2161603583685101,True
2018-01-10 19:00:00,18.059226168064207,-0.2161603583685101,True
2016-11-20 20:00:00,18.144932941470326,-0.2161603583685101,True
2017-11-21 22:00:00,18.074497578506307,-0.2161603583685101,True
2018-01-15 08:00:00,18.11042225506132,-0.2161603583685101,True
2017-11-21 17:00:00,18.38376084350844,-0.2161603583685101,True
2017-11-17 00:00:00,18.08191665258257,-0.2161603583685101,True
2017-11-16 17:00:00,18.24579117043832,-0.2161603583685101,True
2018-01-12 18:00:00,18.16418062544809,-0.2161603583685101,True
2018-01-15 10:00:00,18.395174712555136,-0.2161603583685101,True
2018-01-26 22:00:00,18.348823675141936,-0.2161603583685101,True
2018-01-10 16:00:00,18.31538709811103,-0.2161603583685101,True
2016-11-16 05:00:00,17.92347266557463,-0.21563271818625185,True
2016-11-20 15:00:00,18.01882560932741,-0.21563271818625185,True
2018-01-09 13:00:00,17.969625104466132,-0.21563271818625185,True
2017-11-16 21:00:00,18.025773183471387,-0.21563271818625185,True
2018-01-05 17:00:00,17.974288792167414,-0.21563271818625185,True
2018-01-04 14:00:00,17.890510462861773,-0.21563271818625185,True
2018-01-15 07:00:00,17.968046026314404,-0.21563271818625185,True
2018-01-26 23:00:00,18.01052808173989,-0.21563271818625185,True
2017-12-09 20:00:00,18.02658922276034,-0.21563271818625185,True
2017-11-20 18:00:00,18.01864625130609,-0.21563271818625185,True
2017-11-20 23:00:00,17.993485371242627,-0.21563271818625185,True
2018-01-27 19:00:00,17.992605030990727,-0.21563271818625185,True
2017-11-20 09:00:00,17.955879110724922,-0.21563271818625185,True
2018-01-05 18:00:00,17.92888956115651,-0.21563271818625185,True
2018-01-11 15:00:00,17.896417008557414,-0.21563271818625185,True
2017-11-21 13:00:00,17.917746211814595,-0.21563271818625185,True
2017-11-22 03:00:00,18.01829957698257,-0.21563271818625185,True
2017-11-16 22:00:00,17.826398961975105,-0.2145785082005166,True
2016-11-16 03:00:00,17.846954919586473,-0.2145785082005166,True
2018-01-04 12:00:00,17.84312742975835,-0.2145785082005166,True
2017-12-30 21:00:00,17.836877157931458,-0.2145785082005166,True
2018-01-15 06:00:00,17.825669797567496,-0.2145785082005166,True
2016-11-21 01:00:00,17.850145260251754,-0.2145785082005166,True
2017-11-21 04:00:00,17.870353615285985,-0.2145785082005166,True
2018-01-17 09:00:00,17.853932242967744,-0.2145785082005166,True
2018-01-08 14:00:00,17.813101384010107,-0.2140519379144551,True
2018-01-08 15:00:00,17.787003420434008,-0.2140519379144551,True
2018-01-10 17:00:00,17.803971074303707,-0.2140519379144551,True
2017-12-09 21:00:00,17.732412824403546,-0.2140519379144551,True
2018-01-09 12:00:00,17.77564179309658,-0.2140519379144551,True
2017-12-30 18:00:00,17.7218288887427,-0.2140519379144551,True
2017-11-22 01:00:00,17.78424941391211,-0.2140519379144551,True
2018-01-08 12:00:00,17.818588124890606,-0.2140519379144551,True
2017-11-16 12:00:00,17.797942970810038,-0.2140519379144551,True
2016-11-20 18:00:00,17.775547071098174,-0.2140519379144551,True
2018-01-02 13:00:00,17.78381071429921,-0.2140519379144551,True
2016-11-16 00:00:00,17.791189248438585,-0.2140519379144551,True
2018-01-03 19:00:00,17.728320263193297,-0.2140519379144551,True
2017-11-17 02:00:00,17.762010886132387,-0.2140519379144551,True
2017-11-21 06:00:00,17.687724547672317,-0.21352572377814638,True
2018-01-27 00:00:00,17.672232488337837,-0.21352572377814638,True
2018-01-15 05:00:00,17.683293568820588,-0.21352572377814638,True
2017-11-21 18:00:00,17.668450408646212,-0.21352572377814638,True
2017-12-30 13:00:00,17.69986228186653,-0.21352572377814638,True
2017-11-20 13:00:00,17.662946388951386,-0.21352572377814638,True
2017-12-30 16:00:00,17.689527405526718,-0.21352572377814638,True
2018-01-04 15:00:00,17.670663685898205,-0.21352572377814638,True
2017-11-20 11:00:00,17.70037556111991,-0.21352572377814638,True
2017-11-21 09:00:00,17.62588522700305,-0.21299986555070594,True
2018-01-02 11:00:00,17.634143612943394,-0.21299986555070594,True
2016-11-15 22:00:00,17.591480538240692,-0.21299986555070594,True
2017-12-30 19:00:00,17.645767437477435,-0.21299986555070594,True
2017-12-30 14:00:00,17.609988482028317,-0.21299986555070594,True
2017-11-21 19:00:00,17.590689287394472,-0.21299986555070594,True
2017-12-10 11:00:00,17.602229893552575,-0.21299986555070594,True
2017-12-09 23:00:00,17.55749457244622,-0.21299986555070594,True
2017-11-21 14:00:00,17.614604462157487,-0.21299986555070594,True
2018-01-05 16:00:00,17.58146969829955,-0.21299986555070594,True
2018-01-03 20:00:00,17.344515294992718,-0.21142442391519234,True
2017-11-16 09:00:00,17.343102967423597,-0.21142442391519234,True
2017-11-22 06:00:00,17.301299288209655,-0.21142442391519234,True
2018-01-08 13:00:00,17.351669894683805,-0.21142442391519234,True
2017-12-29 16:00:00,17.28353331333916,-0.21142442391519234,True
2017-11-22 00:00:00,17.303649195563413,-0.21142442391519234,True
2018-01-27 15:00:00,17.3708669816214,-0.21142442391519234,True
2017-12-30 17:00:00,17.28325544547656,-0.21142442391519234,True
2017-12-29 17:00:00,17.283738855600213,-0.21142442391519234,True
2018-01-02 14:00:00,17.282350934309285,-0.21142442391519234,True
2016-11-16 01:00:00,17.313602834577,-0.21142442391519234,True
2017-11-21 11:00:00,17.298727771197907,-0.21142442391519234,True
2018-01-04 13:00:00,17.329769253286248,-0.21142442391519234,True
2018-01-27 01:00:00,17.333936894935785,-0.21142442391519234,True
2016-11-16 02:00:00,17.34618914257369,-0.21142442391519234,True
2017-11-17 05:00:00,17.34919194424916,-0.21142442391519234,True
2017-11-20 10:00:00,17.396826605183552,-0.21089998691763656,True
2016-11-16 10:00:00,17.530519301180387,-0.21089998691763656,True
2016-11-16 15:00:00,17.465768225577957,-0.21089998691763656,True
2016-11-20 23:00:00,17.414805282128672,-0.21089998691763656,True
2016-11-16 08:00:00,17.433834204627804,-0.21089998691763656,True
2018-01-09 14:00:00,17.46384780292455,-0.21089998691763656,True
2018-01-15 04:00:00,17.540917340073676,-0.21089998691763656,True
2018-01-15 03:00:00,17.398541111326765,-0.21089998691763656,True
2016-11-20 22:00:00,17.397955791491327,-0.21089998691763656,True
2017-11-16 20:00:00,17.394058545162668,-0.21089998691763656,True
2017-11-16 18:00:00,17.489097638525156,-0.21089998691763656,True
2017-12-29 15:00:00,17.524503038946314,-0.21089998691763656,True
2017-12-30 20:00:00,17.51496988096728,-0.21089998691763656,True
2017-11-22 08:00:00,17.447346317925224,-0.21089998691763656,True
2017-11-16 15:00:00,17.523301128832053,-0.21089998691763656,True
2016-11-20 13:00:00,17.46073328932767,-0.21089998691763656,True
2016-11-20 17:00:00,17.482461576510342,-0.21089998691763656,True
2018-01-03 18:00:00,17.495054509542907,-0.21089998691763656,True
2017-12-29 18:00:00,17.55024647596214,-0.21089998691763656,True
2017-11-22 13:00:00,17.223049791040975,-0.20932880320682012,True
2017-11-21 16:00:00,17.242402190564643,-0.20932880320682012,True
2017-11-22 18:00:00,17.141673921269938,-0.20932880320682012,True
2017-11-17 03:00:00,17.16809067144057,-0.20932880320682012,True
2017-11-16 23:00:00,17.123392694490768,-0.20932880320682012,True
2017-11-21 23:00:00,17.142333129603713,-0.20932880320682012,True
2017-11-16 11:00:00,17.265519111793967,-0.20932880320682012,True
2017-11-14 13:00:00,17.109378605425714,-0.20932880320682012,True
2017-11-14 15:00:00,17.219242938764996,-0.20932880320682012,True
2017-11-14 18:00:00,17.13523593006013,-0.20932880320682012,True
2018-01-15 02:00:00,17.256164882579856,-0.20932880320682012,True
2018-01-15 01:00:00,17.11378865383295,-0.20932880320682012,True
2016-11-16 13:00:00,17.20352709075089,-0.20932880320682012,True
2017-11-16 13:00:00,17.140933052044378,-0.20932880320682012,True
2017-12-30 15:00:00,17.263257348681883,-0.20932880320682012,True
2017-01-26 12:00:00,17.200236163851148,-0.20932880320682012,True
2017-01-26 10:00:00,17.14767404629641,-0.20932880320682012,True
2017-01-26 07:00:00,17.17237354541947,-0.20932880320682012,True
2018-01-02 12:00:00,17.212922666846747,-0.20932880320682012,True
2018-01-17 08:00:00,17.150417663972895,-0.20932880320682012,True
2013-10-07 20:00:00,17.242658569938502,-0.20932880320682012,True
2018-01-27 02:00:00,16.995641301533738,-0.20880578359801016,True
2017-11-29 20:00:00,17.011421584639074,-0.20880578359801016,True
2017-12-29 19:00:00,17.07667605005925,-0.20880578359801016,True
2017-12-12 14:00:00,17.060742191507455,-0.20880578359801016,True
2017-11-20 07:00:00,17.022544050778027,-0.20880578359801016,True
2017-11-14 20:00:00,17.09579748035686,-0.20880578359801016,True
2017-12-11 15:00:00,17.0200796172535,-0.20880578359801016,True
2017-12-12 12:00:00,16.991669188299113,-0.20880578359801016,True
2016-11-20 16:00:00,17.047371103868688,-0.20880578359801016,True
2016-11-21 11:00:00,17.00650030664289,-0.20880578359801016,True
2016-11-16 07:00:00,17.056082154274495,-0.20880578359801016,True
2018-01-12 15:00:00,17.078039476607547,-0.20880578359801016,True
2016-11-16 20:00:00,17.05005322578025,-0.20880578359801016,True
2016-11-16 06:00:00,17.006997955354976,-0.20880578359801016,True
2017-11-22 05:00:00,17.002547374582253,-0.20880578359801016,True
2017-11-21 21:00:00,17.000846317851565,-0.20880578359801016,True
2016-11-21 13:00:00,16.90921495508527,-0.20828311773742592,True
2017-11-22 15:00:00,16.857141503478683,-0.20828311773742592,True
2016-11-16 12:00:00,16.95076531785436,-0.20828311773742592,True
2016-11-16 17:00:00,16.915064584046164,-0.20828311773742592,True
2016-11-20 21:00:00,16.93042448309107,-0.20828311773742592,True
2017-11-30 18:00:00,16.897037386853007,-0.20828311773742592,True
2017-11-30 01:00:00,16.907537096973893,-0.20828311773742592,True
2016-11-21 08:00:00,16.92551276752159,-0.20828311773742592,True
2017-11-17 01:00:00,16.909855337411067,-0.20828311773742592,True
2017-12-12 16:00:00,16.889678219735554,-0.20828311773742592,True
2016-11-20 10:00:00,16.932294552618092,-0.20828311773742592,True
2018-01-15 00:00:00,16.971412425086037,-0.20828311773742592,True
2017-12-12 17:00:00,16.899924407949232,-0.20828311773742592,True
2017-11-30 06:00:00,16.915078574564426,-0.20828311773742592,True
2016-11-21 18:00:00,16.920480065715378,-0.20828311773742592,True
2016-11-21 16:00:00,16.981382735392362,-0.20828311773742592,True
2017-11-17 07:00:00,16.824751051797744,-0.20723884630405554,True
2018-01-14 23:00:00,16.829036196339125,-0.20723884630405554,True
2016-11-16 18:00:00,16.846770051670347,-0.20723884630405554,True
2017-11-22 04:00:00,16.8454792535502,-0.20723884630405554,True
2017-11-22 10:00:00,16.831326596987186,-0.20723884630405554,True
2016-11-21 02:00:00,16.69344370760189,-0.2061959869945681,True
2017-11-22 11:00:00,16.811150908239526,-0.2061959869945681,True
2017-11-22 02:00:00,16.687648373975126,-0.2061959869945681,True
2017-11-30 08:00:00,16.729704304963537,-0.2061959869945681,True
2013-10-07 19:00:00,16.71000106800329,-0.2061959869945681,True
2016-11-16 04:00:00,16.791415950228604,-0.2061959869945681,True
2017-11-29 15:00:00,16.813618054042617,-0.2061959869945681,True
2017-01-26 08:00:00,16.805244167842194,-0.2061959869945681,True
2017-01-26 05:00:00,16.70241535002385,-0.2061959869945681,True
2017-11-29 18:00:00,16.723271903191606,-0.2061959869945681,True
2017-11-30 16:00:00,16.7937392569069,-0.2061959869945681,True
2018-01-19 23:00:00,16.727839220286523,-0.2061959869945681,True
2018-01-20 01:00:00,16.689921118584536,-0.2061959869945681,True
2018-01-19 21:00:00,16.765757321988506,-0.2061959869945681,True
2018-01-20 00:00:00,16.708880169435528,-0.2061959869945681,True
2017-11-22 20:00:00,16.805459867266265,-0.2061959869945681,True
2018-01-19 22:00:00,16.746798271137514,-0.2061959869945681,True
2018-01-19 19:00:00,16.803675423690493,-0.2061959869945681,True
2017-11-16 10:00:00,16.748105881632537,-0.2061959869945681,True
2018-01-20 02:00:00,16.67096206773354,-0.2061959869945681,True
2018-01-19 20:00:00,16.7847163728395,-0.2061959869945681,True
2016-11-20 12:00:00,16.706188867955447,-0.2061959869945681,True
2016-11-20 19:00:00,16.81281321738714,-0.2061959869945681,True
2018-01-14 22:00:00,16.686659967592217,-0.2061959869945681,True
2017-12-13 15:00:00,16.686142649289017,-0.2061959869945681,True
2018-01-12 14:00:00,16.674138684420626,-0.2061959869945681,True
2017-11-14 16:00:00,16.763300032158735,-0.2061959869945681,True
2016-11-15 19:00:00,16.592220470237425,-0.20567508628944353,True
2017-12-13 17:00:00,16.615256570246274,-0.20567508628944353,True
2015-11-22 12:00:00,16.56123877464498,-0.20567508628944353,True
2016-11-15 23:00:00,16.554503995853164,-0.20567508628944353,True
2016-11-15 21:00:00,16.627454116212768,-0.20567508628944353,True
2016-11-15 20:00:00,16.54322304709697,-0.20567508628944353,True
2017-12-12 15:00:00,16.625776760380564,-0.20567508628944353,True
2017-12-12 18:00:00,16.554559361276482,-0.20567508628944353,True
2017-11-14 17:00:00,16.588329623046032,-0.20567508628944353,True
2017-11-23 01:00:00,16.554401840862155,-0.20567508628944353,True
2016-11-21 00:00:00,16.605752845892457,-0.20567508628944353,True
2017-12-01 04:00:00,16.56741765979208,-0.20567508628944353,True
2016-11-20 14:00:00,16.546320165150863,-0.20567508628944353,True
2018-01-14 21:00:00,16.54428373884531,-0.20567508628944353,True
2016-11-21 21:00:00,16.532924665214743,-0.20567508628944353,True
2017-12-12 13:00:00,16.565948795472202,-0.20567508628944353,True
2018-01-20 08:00:00,16.557207762627584,-0.20567508628944353,True
2017-11-30 03:00:00,16.603987719953818,-0.20567508628944353,True
2018-01-20 07:00:00,16.57616681347858,-0.20567508628944353,True
2018-01-20 09:00:00,16.538248711776593,-0.20567508628944353,True
2018-01-20 06:00:00,16.59512586432957,-0.20567508628944353,True
2017-11-17 04:00:00,16.589435499335245,-0.20567508628944353,True
2018-01-20 05:00:00,16.614084915180563,-0.20567508628944353,True
2017-11-30 13:00:00,16.63589349484109,-0.2051545378994084,True
2018-01-20 04:00:00,16.633043966031558,-0.2051545378994084,True
2016-11-16 11:00:00,16.63005106129809,-0.2051545378994084,True
2017-11-22 23:00:00,16.65785572573902,-0.2051545378994084,True
2017-11-22 16:00:00,16.632088685112752,-0.2051545378994084,True
2017-11-30 11:00:00,16.63708627980903,-0.2051545378994084,True
2018-01-27 03:00:00,16.657345708131686,-0.2051545378994084,True
2018-01-20 03:00:00,16.65200301688255,-0.2051545378994084,True
2017-01-26 09:00:00,16.636112941331152,-0.2051545378994084,True
2018-01-20 10:00:00,16.519289660925597,-0.2025570723410287,True
2018-01-20 13:00:00,16.46241250837262,-0.20152054399551889,True
2018-01-20 12:00:00,16.481371559223614,-0.20152054399551889,True
2018-01-20 11:00:00,16.500330610074606,-0.20152054399551889,True
2017-11-14 23:00:00,16.461448063254725,-0.20152054399551889,True
2016-11-21 09:00:00,16.5014974167887,-0.20152054399551889,True
2017-11-14 11:00:00,16.478814629092028,-0.20152054399551889,True
2017-11-17 10:00:00,16.472398954278223,-0.20152054399551889,True
2018-01-17 07:00:00,16.446903084978043,-0.1979037203732239,True
2016-11-21 23:00:00,16.44429573663885,-0.1979037203732239,True
2016-11-16 09:00:00,16.447097140407074,-0.1979037203732239,True
2017-11-30 21:00:00,16.441079940364332,-0.1979037203732239,True
2017-11-30 23:00:00,16.447369527131354,-0.1979037203732239,True
2018-01-20 14:00:00,16.443453457521628,-0.1979037203732239,True
2017-11-29 17:00:00,16.430332211934495,-0.19533074239114967,True
2017-11-29 22:00:00,16.430666290544607,-0.19533074239114967,True
2017-11-16 07:00:00,16.398947581254735,-0.1937911284433379,True
2018-01-20 17:00:00,16.38657630496865,-0.1937911284433379,True
2018-01-20 16:00:00,16.40553535581964,-0.1937911284433379,True
2018-01-20 15:00:00,16.424494406670636,-0.1937911284433379,True
2017-11-30 04:00:00,16.410115839595413,-0.1937911284433379,True
2018-01-14 20:00:00,16.401907510098397,-0.1937911284433379,True
2017-01-26 13:00:00,16.389887485365545,-0.1937911284433379,True
2017-11-29 23:00:00,16.383122840085456,-0.1937911284433379,True
2015-11-22 07:00:00,16.383812138868567,-0.1937911284433379,True
2018-01-20 18:00:00,16.367617254117654,-0.1937911284433379,True
2016-11-16 22:00:00,16.36598092263922,-0.1937911284433379,True
2016-11-16 16:00:00,16.37918503012904,-0.1937911284433379,True
2015-11-22 17:00:00,16.3762820758254,-0.1937911284433379,True
2017-11-22 07:00:00,16.357989108307393,-0.1937911284433379,True
2017-11-17 12:00:00,16.421361392600005,-0.1937911284433379,True
2017-11-14 10:00:00,16.426685830674547,-0.1937911284433379,True
2017-11-14 21:00:00,16.427907242639147,-0.1937911284433379,True
2017-11-14 12:00:00,16.332520456056443,-0.19327861785710965,True
2017-11-14 14:00:00,16.329212559719597,-0.19327861785710965,True
2017-11-14 22:00:00,16.323798946908187,-0.19327861785710965,True
2018-01-26 10:00:00,16.33209249216262,-0.19327861785710965,True
2017-11-23 04:00:00,16.320189726690796,-0.19327861785710965,True
2016-11-21 14:00:00,16.342902198308078,-0.19327861785710965,True
2016-11-16 14:00:00,16.330129902763193,-0.19327861785710965,True
2016-11-20 11:00:00,16.349334074830438,-0.19327861785710965,True
2018-01-20 19:00:00,16.348658203266663,-0.19327861785710965,True
2017-12-01 14:00:00,16.321296655290073,-0.19327861785710965,True
2017-12-01 09:00:00,16.339040321551682,-0.19327861785710965,True
2018-01-20 20:00:00,16.32969915241567,-0.19327861785710965,True
2016-11-17 01:00:00,16.35356407497558,-0.19327861785710965,True
2018-01-27 04:00:00,16.319050114729635,-0.19327861785710965,True
2015-11-22 05:00:00,16.259667923067113,-0.19225463637130946,True
2017-11-23 06:00:00,16.28489439950255,-0.19225463637130946,True
2018-01-20 21:00:00,16.310740101564676,-0.19225463637130946,True
2017-11-22 09:00:00,16.272802457945748,-0.19225463637130946,True
2018-01-12 13:00:00,16.270237892233705,-0.19225463637130946,True
2018-01-14 19:00:00,16.259531281351485,-0.19225463637130946,True
2018-01-20 23:00:00,16.272821999862693,-0.19225463637130946,True
2017-12-13 18:00:00,16.278770175918428,-0.19225463637130946,True
2017-11-14 19:00:00,16.275216071519345,-0.19225463637130946,True
2018-01-20 22:00:00,16.291781050713684,-0.19225463637130946,True
2018-01-14 18:00:00,16.117155052604577,-0.19072125984483557,True
2017-11-20 19:00:00,16.21501446261629,-0.19072125984483557,True
2017-01-26 06:00:00,16.146520771010007,-0.19072125984483557,True
2015-11-22 02:00:00,16.237667747032575,-0.19072125984483557,True
2017-11-17 08:00:00,16.204092359222837,-0.19072125984483557,True
2017-12-01 16:00:00,16.11851934593523,-0.19072125984483557,True
2017-11-29 13:00:00,16.163696168975857,-0.19072125984483557,True
2017-12-13 16:00:00,16.131369892110545,-0.19072125984483557,True
2018-01-21 00:00:00,16.253862949011697,-0.19072125984483557,True
2015-01-26 14:00:00,16.174177789038165,-0.19072125984483557,True
2016-11-20 08:00:00,16.200092804301345,-0.19072125984483557,True
2017-12-14 13:00:00,16.193122837796533,-0.19072125984483557,True
2017-11-15 01:00:00,16.190467608888692,-0.19072125984483557,True
2018-01-21 01:00:00,16.234903898160706,-0.19072125984483557,True
2018-01-21 02:00:00,16.21594484730971,-0.19072125984483557,True
2018-01-21 07:00:00,16.12114959305475,-0.19072125984483557,True
2018-01-21 06:00:00,16.14010864390574,-0.19072125984483557,True
2018-01-21 05:00:00,16.159067694756732,-0.19072125984483557,True
2018-01-21 04:00:00,16.178026745607728,-0.19072125984483557,True
2017-12-01 02:00:00,16.229082318607873,-0.19072125984483557,True
2017-12-14 11:00:00,16.135549605632825,-0.19072125984483557,True
2016-11-22 02:00:00,16.15890441610984,-0.19072125984483557,True
2013-10-07 21:00:00,16.173240604446352,-0.19072125984483557,True
2016-11-22 04:00:00,16.202690115773052,-0.19072125984483557,True
2017-11-22 21:00:00,16.235325851618327,-0.19072125984483557,True
2017-11-20 08:00:00,16.21788802448485,-0.19072125984483557,True
2017-01-26 11:00:00,16.255285490618032,-0.19072125984483557,True
2018-01-21 03:00:00,16.19698579645872,-0.19072125984483557,True
2017-11-30 09:00:00,16.194474248991767,-0.19072125984483557,True
2017-11-17 15:00:00,16.193882222204824,-0.19072125984483557,True
2017-11-17 17:00:00,16.24206708234436,-0.19072125984483557,True
2015-11-22 10:00:00,16.23875062434091,-0.19072125984483557,True
2017-12-01 19:00:00,16.244343042661047,-0.19072125984483557,True
2016-11-21 15:00:00,16.15755158278219,-0.19072125984483557,True
2016-11-21 19:00:00,16.108339879538324,-0.18919099254652327,True
2018-01-21 08:00:00,16.102190542203754,-0.18919099254652327,True
2017-11-22 12:00:00,15.966354304532814,-0.18817253858272642,True
2015-11-16 18:00:00,15.953175748809972,-0.18817253858272642,True
2017-11-30 15:00:00,15.963284027326912,-0.18817253858272642,True
2017-12-01 21:00:00,15.985249502842558,-0.18817253858272642,True
2018-01-21 13:00:00,16.00739528794879,-0.18817253858272642,True
2018-01-21 14:00:00,15.988436237097796,-0.18817253858272642,True
2016-11-16 23:00:00,16.01165543682841,-0.18817253858272642,True
2015-11-16 13:00:00,15.994978363207922,-0.18817253858272642,True
2018-01-27 05:00:00,15.980754521327588,-0.18817253858272642,True
2018-01-21 17:00:00,15.93155908454482,-0.18817253858272642,True
2018-01-21 15:00:00,15.969477186246804,-0.18817253858272642,True
2015-11-22 22:00:00,15.966681937123376,-0.18817253858272642,True
2018-01-21 16:00:00,15.95051813539581,-0.18817253858272642,True
2016-11-17 03:00:00,15.979090997222508,-0.18817253858272642,True
2017-11-30 19:00:00,15.997192609444106,-0.18817253858272642,True
2017-11-23 02:00:00,15.95199806167128,-0.18817253858272642,True
2017-12-02 07:00:00,15.990905019717124,-0.18817253858272642,True
2015-11-22 00:00:00,16.010376893772953,-0.18817253858272642,True
2018-01-14 17:00:00,15.974778823857667,-0.18817253858272642,True
2017-12-02 17:00:00,16.003517792173895,-0.18817253858272642,True
2018-01-21 11:00:00,16.045313389650776,-0.18766382817178962,True
2017-12-01 07:00:00,16.076458452775913,-0.18766382817178962,True
2015-11-22 15:00:00,16.032865791736015,-0.18766382817178962,True
2015-11-22 09:00:00,16.066352296895886,-0.18766382817178962,True
2017-11-17 06:00:00,16.065800510001598,-0.18766382817178962,True
2017-11-22 17:00:00,16.03267447492301,-0.18766382817178962,True
2017-11-22 14:00:00,16.04229519433067,-0.18766382817178962,True
2017-11-30 14:00:00,16.082333578926946,-0.18766382817178962,True
2016-11-16 19:00:00,16.015500077126323,-0.18766382817178962,True
2015-01-26 15:00:00,16.05143212740141,-0.18766382817178962,True
2016-11-21 10:00:00,16.034113520957508,-0.18766382817178962,True
2015-01-26 12:00:00,16.073708497331893,-0.18766382817178962,True
2016-11-21 20:00:00,16.068734982059663,-0.18766382817178962,True
2018-01-21 09:00:00,16.083231491352763,-0.18766382817178962,True
2018-01-21 10:00:00,16.064272440501767,-0.18766382817178962,True
2018-01-21 12:00:00,16.026354338799784,-0.18766382817178962,True
2015-11-23 03:00:00,15.88884643075572,-0.18613976042883518,True
2017-11-17 09:00:00,15.871362442858286,-0.18613976042883518,True
2017-01-26 02:00:00,15.888747755771291,-0.18613976042883518,True
2018-01-12 12:00:00,15.866337100046785,-0.18613976042883518,True
2017-11-23 16:00:00,15.899838276342075,-0.18613976042883518,True
2017-11-30 05:00:00,15.88734909500978,-0.18613976042883518,True
2017-01-26 03:00:00,15.862320606081614,-0.18613976042883518,True
2017-11-22 19:00:00,15.90181454936048,-0.18613976042883518,True
2017-11-29 16:00:00,15.874145367157135,-0.18613976042883518,True
2017-12-02 02:00:00,15.864358495588254,-0.18613976042883518,True
2017-12-02 00:00:00,15.917441460690306,-0.18613976042883518,True
2017-11-30 20:00:00,15.900051267024436,-0.18613976042883518,True
2018-01-03 17:00:00,15.878649960174409,-0.18613976042883518,True
2018-01-26 09:00:00,15.882979122082691,-0.18613976042883518,True
2017-11-23 09:00:00,15.869152975967976,-0.18613976042883518,True
2017-11-29 19:00:00,15.86918007160884,-0.18613976042883518,True
2017-12-14 12:00:00,15.865545264852548,-0.18613976042883518,True
2018-01-21 18:00:00,15.912600033693826,-0.18613976042883518,True
2018-01-21 20:00:00,15.87468193199184,-0.18613976042883518,True
2018-01-21 19:00:00,15.893640982842832,-0.18613976042883518,True
2016-11-22 09:00:00,15.900725504266276,-0.18613976042883518,True
2017-12-01 06:00:00,15.879254064155846,-0.18613976042883518,True
2016-11-30 02:00:00,15.852463581200707,-0.18563242490261234,True
2017-11-29 10:00:00,15.856601164187582,-0.18563242490261234,True
2018-01-21 21:00:00,15.855722881140847,-0.18563242490261234,True
2017-12-01 11:00:00,15.85868921516429,-0.18563242490261234,True
2016-11-22 14:00:00,15.852907388616671,-0.18563242490261234,True
2017-12-01 12:00:00,15.76297092967326,-0.18512543251656854,True
2018-01-28 00:00:00,15.809252819916091,-0.18512543251656854,True
2016-11-16 21:00:00,15.837030162391825,-0.18512543251656854,True
2017-12-01 01:00:00,15.831938617071335,-0.18512543251656854,True
2017-12-02 12:00:00,15.78895302779624,-0.18512543251656854,True
2017-12-02 22:00:00,15.789154308124331,-0.18512543251656854,True
2016-11-21 17:00:00,15.764845448155985,-0.18512543251656854,True
2017-01-26 04:00:00,15.775756954384216,-0.18512543251656854,True
2017-11-23 11:00:00,15.827367658892651,-0.18512543251656854,True
2015-11-16 16:00:00,15.773511207933712,-0.18512543251656854,True
2017-12-30 12:00:00,15.808663509861338,-0.18512543251656854,True
2017-11-20 06:00:00,15.757141868449972,-0.18512543251656854,True
2017-11-16 08:00:00,15.797204055007148,-0.18512543251656854,True
2016-11-29 21:00:00,15.806549460940769,-0.18512543251656854,True
2017-11-17 14:00:00,15.708096408135203,-0.18512543251656854,True
2017-11-29 21:00:00,15.823810917312183,-0.18512543251656854,True
2018-01-22 00:00:00,15.798845728587867,-0.18512543251656854,True
2018-01-22 01:00:00,15.779886677736876,-0.18512543251656854,True
2017-11-17 22:00:00,15.758479116635742,-0.18512543251656854,True
2018-01-14 16:00:00,15.832402595110755,-0.18512543251656854,True
2017-12-02 05:00:00,15.772419496012684,-0.18512543251656854,True
2017-12-01 17:00:00,15.833542103290483,-0.18512543251656854,True
2018-01-21 22:00:00,15.836763830289854,-0.18512543251656854,True
2018-01-21 23:00:00,15.81780477943886,-0.18512543251656854,True
2018-01-22 02:00:00,15.760927626885882,-0.18512543251656854,True
2017-11-14 08:00:00,15.825667633764546,-0.18512543251656854,True
2018-01-22 05:00:00,15.704050474332904,-0.18512543251656854,True
2017-11-30 02:00:00,15.71928488880704,-0.18461878303861856,True
2015-01-26 16:00:00,15.662964193295204,-0.18461878303861856,True
2016-11-30 19:00:00,15.651740173041697,-0.18461878303861856,True
2017-11-17 13:00:00,15.659698522708045,-0.18461878303861856,True
2015-11-22 08:00:00,15.664871324006803,-0.18461878303861856,True
2018-01-22 07:00:00,15.666132372630916,-0.18461878303861856,True
2018-01-22 04:00:00,15.723009525183896,-0.18461878303861856,True
2017-11-30 10:00:00,15.659441998586011,-0.18461878303861856,True
2015-11-22 14:00:00,15.714893886750936,-0.18461878303861856,True
2016-11-30 07:00:00,15.72852480601774,-0.1841124762368337,True
2017-11-23 14:00:00,15.645371508549871,-0.1841124762368337,True
2018-01-17 06:00:00,15.743388505983194,-0.1841124762368337,True
2017-11-23 03:00:00,15.75041429886872,-0.1841124762368337,True
2018-01-22 03:00:00,15.741968576034887,-0.1841124762368337,True
2018-01-14 15:00:00,15.690026366363847,-0.1841124762368337,True
2017-11-17 20:00:00,15.7301593828836,-0.1841124762368337,True
2016-11-21 12:00:00,15.730903008331683,-0.1841124762368337,True
2017-11-22 22:00:00,15.738636275107416,-0.1841124762368337,True
2015-11-22 19:00:00,15.746379063896716,-0.1841124762368337,True
2016-11-22 01:00:00,15.732576994726765,-0.1841124762368337,True
2016-11-22 07:00:00,15.692450774025763,-0.1841124762368337,True
2017-12-14 14:00:00,15.646976494560592,-0.1841124762368337,True
2016-11-22 19:00:00,15.694670275055426,-0.1841124762368337,True
2018-01-22 06:00:00,15.68509142348191,-0.1841124762368337,True
2018-01-22 08:00:00,15.647173321779924,-0.1841124762368337,True
2018-01-03 15:00:00,15.693325522989896,-0.1841124762368337,True
2017-12-15 13:00:00,15.6845314915956,-0.1841124762368337,True
2017-12-15 14:00:00,15.736558832263857,-0.1841124762368337,True
2017-12-28 20:00:00,15.632903577924171,-0.18360651187944266,True
2017-12-02 20:00:00,15.644316221603852,-0.18360651187944266,True
2018-01-27 06:00:00,15.642458927925537,-0.18360651187944266,True
2016-11-15 17:00:00,15.599135151700112,-0.18360651187944266,True
2017-12-18 18:00:00,15.63242618299771,-0.18360651187944266,True
2017-12-03 03:00:00,15.6416208869258,-0.18360651187944266,True
2017-11-30 07:00:00,15.636303268476016,-0.18360651187944266,True
2017-11-30 00:00:00,15.63821711787116,-0.18360651187944266,True
2017-12-08 16:00:00,15.60153278434716,-0.18360651187944266,True
2016-11-22 06:00:00,15.63178403126813,-0.18360651187944266,True
2015-11-23 10:00:00,15.594752260172312,-0.18360651187944266,True
2017-12-02 15:00:00,15.600465268179269,-0.18360651187944266,True
2018-01-22 10:00:00,15.60925522007794,-0.18360651187944266,True
2018-01-22 09:00:00,15.628214270928932,-0.18360651187944266,True
2017-12-02 10:00:00,15.6390287615041,-0.18360651187944266,True
2015-11-23 08:00:00,15.589719108330073,-0.18209067115826605,True
2017-11-30 17:00:00,15.585423293056175,-0.18209067115826605,True
2017-12-18 16:00:00,15.580370160769926,-0.18209067115826605,True
2017-12-02 19:00:00,15.58177955447544,-0.18209067115826605,True
2016-11-30 09:00:00,15.592865267766006,-0.18209067115826605,True
2017-12-18 15:00:00,15.5640661279429,-0.1815860742638673,True
2017-12-30 11:00:00,15.56361088334431,-0.1815860742638673,True
2016-11-29 16:00:00,15.574926430774653,-0.1815860742638673,True
2017-11-23 21:00:00,15.562939444412777,-0.1815860742638673,True
2017-12-03 20:00:00,15.565319886785412,-0.1815860742638673,True
2015-11-22 20:00:00,15.500067455085542,-0.1800743303848067,True
2016-11-22 00:00:00,15.535396790451616,-0.1800743303848067,True
2016-11-22 16:00:00,15.530038828144107,-0.1800743303848067,True
2016-11-29 19:00:00,15.478988283865853,-0.1800743303848067,True
2017-12-03 08:00:00,15.492391270536432,-0.1800743303848067,True
2016-11-30 17:00:00,15.51406656592706,-0.1800743303848067,True
2017-11-18 03:00:00,15.541309624618346,-0.1800743303848067,True
2017-12-08 21:00:00,15.513853542428222,-0.1800743303848067,True
2018-01-14 14:00:00,15.547650137616936,-0.1800743303848067,True
2016-11-30 12:00:00,15.479608986763106,-0.1800743303848067,True
2016-11-30 14:00:00,15.496842840118106,-0.1800743303848067,True
2017-11-16 06:00:00,15.492594451597462,-0.1800743303848067,True
2015-11-16 11:00:00,15.544328470512244,-0.1800743303848067,True
2017-11-29 12:00:00,15.475057371855009,-0.1800743303848067,True
2017-11-24 02:00:00,15.501762077938617,-0.1800743303848067,True
2017-01-14 09:00:00,15.537608274288312,-0.1800743303848067,True
2017-12-01 00:00:00,15.538193481241676,-0.1800743303848067,True
2017-12-03 18:00:00,15.43710148943311,-0.17957109725757658,True
2017-12-03 15:00:00,15.412513642376297,-0.17957109725757658,True
2017-11-23 18:00:00,15.3094414298167,-0.17957109725757658,True
2017-11-23 08:00:00,15.297518362959076,-0.17957109725757658,True
2017-11-23 00:00:00,15.423793929624445,-0.17957109725757658,True
2017-11-23 19:00:00,15.466539969022046,-0.17957109725757658,True
2017-11-23 07:00:00,15.408277393661445,-0.17957109725757658,True
2016-12-01 05:00:00,15.36972321615385,-0.17957109725757658,True
2017-01-26 00:00:00,15.389595956205625,-0.17957109725757658,True
2017-01-22 12:00:00,15.46931056207302,-0.17957109725757658,True
2015-01-26 13:00:00,15.281527513324384,-0.17957109725757658,True
2017-12-03 00:00:00,15.314638005788426,-0.17957109725757658,True
2015-11-22 04:00:00,15.375431283556413,-0.17957109725757658,True
2017-12-28 19:00:00,15.377064051646006,-0.17957109725757658,True
2017-01-14 12:00:00,15.29737787513826,-0.17957109725757658,True
2017-01-14 04:00:00,15.388854407619723,-0.17957109725757658,True
2017-01-14 02:00:00,15.42852701724422,-0.17957109725757658,True
2016-11-17 04:00:00,15.295016854305617,-0.17957109725757658,True
2017-12-01 05:00:00,15.456521386974671,-0.17957109725757658,True
2012-11-18 15:00:00,15.336542979272464,-0.17957109725757658,True
2018-01-27 07:00:00,15.304163334523489,-0.17957109725757658,True
2017-11-14 09:00:00,15.387371810277877,-0.17957109725757658,True
2017-11-17 11:00:00,15.304712737388,-0.17957109725757658,True
2016-11-17 00:00:00,15.398395506166734,-0.17957109725757658,True
2015-11-23 00:00:00,15.368123507843132,-0.17957109725757658,True
2018-01-03 14:00:00,15.29255545357727,-0.17957109725757658,True
2017-12-19 16:00:00,15.44008854736441,-0.17957109725757658,True
2015-11-16 15:00:00,15.385128062260414,-0.17957109725757658,True
2017-11-29 08:00:00,15.320507221917415,-0.17957109725757658,True
2016-11-20 09:00:00,15.287762377770507,-0.17957109725757658,True
2016-11-21 22:00:00,15.293002146721436,-0.17957109725757658,True
2017-12-01 22:00:00,15.386281968718947,-0.17957109725757658,True
2017-12-01 18:00:00,15.366925397047009,-0.17957109725757658,True
2018-01-14 13:00:00,15.40527390887003,-0.17957109725757658,True
2017-12-09 02:00:00,15.447811168007371,-0.17957109725757658,True
2017-11-30 12:00:00,15.422950309697612,-0.17957109725757658,True
2017-12-08 19:00:00,15.333646583576607,-0.17957109725757658,True
2018-01-12 11:00:00,15.462436307859862,-0.17957109725757658,True
2017-12-03 10:00:00,15.301301061484423,-0.17957109725757658,True
2017-01-14 07:00:00,15.33572842312724,-0.17957109725757658,True
2015-11-22 13:00:00,15.44619802720309,-0.17957109725757658,True
2015-11-22 03:00:00,15.44933026467875,-0.17957109725757658,True
2017-12-30 10:00:00,15.318558256827284,-0.17957109725757658,True
2016-11-30 04:00:00,15.464878152393036,-0.17957109725757658,True
2016-12-01 00:00:00,15.311222976285968,-0.17957109725757658,True
2015-11-23 05:00:00,15.413343885224643,-0.17957109725757658,True
2017-11-15 00:00:00,15.369130394500468,-0.17957109725757658,True
2017-12-19 14:00:00,15.40587412016106,-0.17957109725757658,True
2017-11-15 03:00:00,15.33579796564662,-0.17957109725757658,True
2018-01-26 08:00:00,15.433865752002763,-0.17957109725757658,True
2016-11-22 11:00:00,15.24223522297204,-0.1790682044958375,True
2016-11-22 12:00:00,15.263696298543588,-0.1790682044958375,True
2016-11-23 02:00:00,15.23503056572916,-0.1790682044958375,True
2018-01-14 12:00:00,15.262897680123118,-0.1790682044958375,True
2017-11-29 14:00:00,15.278380513711324,-0.1790682044958375,True
2015-11-16 23:00:00,15.270547407708571,-0.1790682044958375,True
2017-12-03 13:00:00,15.278329320957244,-0.1790682044958375,True
2017-12-03 05:00:00,15.238556705106731,-0.1790682044958375,True
2017-11-15 04:00:00,15.217474836325012,-0.1790682044958375,True
2017-12-02 14:00:00,15.222894601366036,-0.1790682044958375,True
2017-12-01 03:00:00,15.220247628565485,-0.1790682044958375,True
2017-12-01 08:00:00,15.258920679387884,-0.1790682044958375,True
2016-11-23 00:00:00,15.267907615842404,-0.1790682044958375,True
2016-11-29 23:00:00,15.273622564475977,-0.1790682044958375,True
2016-11-29 18:00:00,15.22728254795607,-0.1790682044958375,True
2017-11-17 18:00:00,15.358896136435565,-0.1790682044958375,True
2017-12-04 01:00:00,15.23026247389268,-0.1790682044958375,True
2017-11-30 22:00:00,15.269933825841036,-0.1790682044958375,True
2015-11-23 13:00:00,15.23833788578604,-0.1790682044958375,True
2016-11-22 17:00:00,15.221302612117244,-0.1790682044958375,True
2016-11-17 02:00:00,15.151307633711117,-0.17856565186938034,True
2017-11-15 02:00:00,15.25374747133336,-0.17856565186938034,True
2015-11-22 06:00:00,15.248726836225408,-0.17856565186938034,True
2017-12-08 18:00:00,15.205816493505363,-0.17856565186938034,True
2017-12-01 10:00:00,15.143682207444352,-0.17856565186938034,True
2017-01-22 07:00:00,15.151197286660704,-0.17856565186938034,True
2017-11-18 01:00:00,15.339439189858206,-0.17856565186938034,True
2016-11-30 05:00:00,15.2082417635427,-0.17856565186938034,True
2015-11-16 21:00:00,15.349382971396537,-0.17856565186938034,True
2017-12-19 13:00:00,15.152192922907302,-0.17856565186938034,True
2017-12-03 01:00:00,15.152612431771262,-0.17856565186938034,True
2016-11-22 21:00:00,15.248137974850476,-0.17856565186938034,True
2016-11-22 03:00:00,15.155671857112242,-0.17856565186938034,True
2017-12-02 04:00:00,15.148210539151876,-0.17856565186938034,True
2017-11-20 05:00:00,15.144888083110724,-0.17856565186938034,True
2016-11-17 06:00:00,15.352823803910596,-0.17856565186938034,True
2017-01-26 15:00:00,15.20292208580022,-0.17856565186938034,True
2016-11-30 22:00:00,15.158600312596985,-0.17856565186938034,True
2015-11-16 14:00:00,15.200669315000615,-0.17806343914815248,True
2017-12-02 08:00:00,15.106664880678544,-0.17806343914815248,True
2015-11-23 01:00:00,15.165747047702975,-0.17806343914815248,True
2018-01-14 11:00:00,15.12052145137621,-0.17806343914815248,True
2016-11-20 07:00:00,15.198070543232603,-0.17806343914815248,True
2017-11-23 13:00:00,15.175231677785996,-0.17806343914815248,True
2015-11-22 16:00:00,15.199870357223991,-0.17806343914815248,True
2017-01-13 23:00:00,15.12395703142822,-0.17806343914815248,True
2017-12-02 03:00:00,15.186906635130091,-0.17806343914815248,True
2017-12-04 06:00:00,15.183828350290776,-0.17806343914815248,True
2017-11-17 16:00:00,15.134691507134216,-0.17806343914815248,True
2016-11-30 00:00:00,15.193977906936633,-0.17806343914815248,True
2015-11-22 18:00:00,15.17346116425989,-0.17806343914815248,True
2017-12-20 17:00:00,15.174315942581472,-0.17806343914815248,True
2017-01-13 21:00:00,15.108870489837344,-0.17806343914815248,True
2017-12-09 04:00:00,15.11163834246313,-0.17806343914815248,True
2017-11-18 00:00:00,15.199057217403212,-0.17806343914815248,True
2017-12-18 17:00:00,15.186507638135485,-0.17806343914815248,True
2015-11-21 21:00:00,15.186952151642473,-0.17806343914815248,True
2016-11-22 05:00:00,15.129745154921658,-0.17806343914815248,True
2015-11-16 20:00:00,15.18073904489239,-0.17806343914815248,True
2017-01-13 16:00:00,15.13360574418476,-0.17806343914815248,True
2017-11-15 06:00:00,15.128217842909647,-0.17806343914815248,True
2015-11-23 18:00:00,15.19331742054729,-0.17806343914815248,True
2017-12-18 14:00:00,15.194275987216036,-0.17806343914815248,True
2017-12-18 19:00:00,15.175452324018474,-0.17806343914815248,True
2015-11-23 15:00:00,15.192897027448044,-0.17806343914815248,True
2017-12-01 15:00:00,15.178317690470308,-0.17806343914815248,True
2015-11-22 11:00:00,15.167873351618494,-0.17806343914815248,True
2015-01-26 11:00:00,15.108117043646672,-0.17806343914815248,True
2016-12-01 10:00:00,15.101339079315991,-0.17655883811764594,True
2016-11-17 08:00:00,15.097101975941063,-0.17655883811764594,True
2016-12-01 15:00:00,15.100766583747651,-0.17655883811764594,True
2016-11-15 18:00:00,15.098394857206292,-0.17655883811764594,True
2017-12-08 14:00:00,15.099353966880429,-0.17655883811764594,True
2015-11-23 06:00:00,15.072306950809743,-0.17455744815416452,True
2017-11-23 05:00:00,15.065156075486687,-0.17455744815416452,True
2017-11-20 04:00:00,15.067938989462071,-0.17455744815416452,True
2017-12-30 09:00:00,15.073505630310258,-0.17455744815416452,True
2016-12-01 03:00:00,15.062545479245893,-0.17455744815416452,True
2017-11-29 11:00:00,15.083124762617102,-0.17455744815416452,True
2016-12-01 20:00:00,15.07095645282525,-0.17455744815416452,True
2017-12-08 23:00:00,15.04193287547124,-0.17256146732013733,True
2017-12-02 09:00:00,15.058304233045464,-0.17256146732013733,True
2017-12-01 13:00:00,15.04288878774441,-0.17256146732013733,True
2018-01-12 10:00:00,15.058535515672942,-0.17256146732013733,True
2017-11-24 07:00:00,15.00907135884461,-0.17256146732013733,True
2016-11-30 10:00:00,15.009555174848783,-0.17256146732013733,True
2012-11-18 20:00:00,15.02234445987839,-0.17256146732013733,True
2015-01-26 02:00:00,15.025717268329077,-0.17256146732013733,True
2017-11-24 00:00:00,14.97665826023878,-0.17206331557405352,True
2018-01-17 05:00:00,15.039873926988346,-0.17206331557405352,True
2017-11-23 23:00:00,15.001185307692213,-0.17206331557405352,True
2017-12-04 16:00:00,15.038254374675756,-0.17206331557405352,True
2017-12-03 23:00:00,15.035008263715248,-0.17206331557405352,True
2018-01-26 07:00:00,14.984752381922831,-0.17206331557405352,True
2018-01-14 10:00:00,14.978145222629298,-0.17206331557405352,True
2012-11-18 17:00:00,14.972444594851966,-0.17206331557405352,True
2017-01-13 18:00:00,14.969977000537815,-0.17206331557405352,True
2015-11-22 01:00:00,14.976554403950212,-0.17206331557405352,True
2018-01-27 08:00:00,14.965867741121436,-0.17206331557405352,True
2017-01-07 17:00:00,15.026787830066295,-0.17206331557405352,True
2017-12-08 11:00:00,14.98496169724338,-0.17206331557405352,True
2016-11-17 13:00:00,14.970054981480716,-0.17206331557405352,True
2017-12-20 15:00:00,15.03847675097581,-0.17206331557405352,True
2015-11-16 10:00:00,14.996793174078386,-0.17206331557405352,True
2017-12-02 18:00:00,14.955790802433958,-0.17106802263998389,True
2017-12-01 20:00:00,14.94759286296793,-0.17106802263998389,True
2015-11-16 08:00:00,14.952038725422332,-0.17106802263998389,True
2015-12-01 18:00:00,14.93635549262934,-0.1689786203348489,True
2017-12-04 11:00:00,14.913410573401835,-0.1689786203348489,True
2017-12-01 23:00:00,14.939234398183208,-0.1689786203348489,True
2015-01-17 00:00:00,14.906729965524605,-0.1689786203348489,True
2017-01-22 09:00:00,14.892483260153131,-0.1689786203348489,True
2017-01-14 14:00:00,14.913682804485068,-0.1689786203348489,True
2016-11-29 14:00:00,14.938838216903784,-0.1689786203348489,True
2017-12-09 00:00:00,14.911077339084883,-0.1689786203348489,True
2016-11-23 05:00:00,14.936271680732446,-0.1689786203348489,True
2018-01-03 13:00:00,14.891785384164644,-0.1689786203348489,True
2017-12-03 06:00:00,14.935208619116144,-0.1689786203348489,True
2017-12-19 06:00:00,14.93453105891354,-0.1689786203348489,True
2015-10-26 19:00:00,14.886541457707796,-0.1689786203348489,True
2017-12-19 15:00:00,14.911633065282814,-0.1689786203348489,True
2017-01-22 10:00:00,14.916009061321338,-0.168482891874131,True
2017-11-24 04:00:00,14.918170025932028,-0.168482891874131,True
2017-11-23 12:00:00,14.918630019731696,-0.168482891874131,True
2015-01-26 05:00:00,14.916748568139784,-0.168482891874131,True
2015-11-16 19:00:00,14.923511282588253,-0.168482891874131,True
2017-01-22 02:00:00,14.918552153099313,-0.168482891874131,True
2018-01-03 21:00:00,14.918489054156954,-0.168482891874131,True
2017-01-08 05:00:00,14.86416684265992,-0.16798749870306673,True
2016-11-23 07:00:00,14.859303332730114,-0.16798749870306673,True
2016-12-01 08:00:00,14.876784629261662,-0.16798749870306673,True
2016-11-17 18:00:00,14.884709186765445,-0.16798749870306673,True
2016-12-01 17:00:00,14.861297403679204,-0.16798749870306673,True
2017-12-20 16:00:00,14.877378849656296,-0.16798749870306673,True
2015-12-01 13:00:00,14.859902946391818,-0.16798749870306673,True
2017-01-08 03:00:00,14.863466099510036,-0.16798749870306673,True
2017-12-09 05:00:00,14.855914599465434,-0.16798749870306673,True
2015-01-17 01:00:00,14.852978152298412,-0.16798749870306673,True
2017-12-04 18:00:00,14.85470860739185,-0.16798749870306673,True
2012-11-18 18:00:00,14.879991156442456,-0.16798749870306673,True
2017-01-08 08:00:00,14.880520149910764,-0.16798749870306673,True
2015-11-23 20:00:00,14.882181304511407,-0.16798749870306673,True
2017-01-26 01:00:00,14.874237029571717,-0.16798749870306673,True
2017-11-23 17:00:00,14.852715846766811,-0.16749244059488022,True
2016-11-30 15:00:00,14.847142816131324,-0.16650332866080508,True
2015-11-23 07:00:00,14.849501217618991,-0.16650332866080508,True
2015-11-16 17:00:00,14.850380805577991,-0.16650332866080508,True
2017-12-02 13:00:00,14.841284780777762,-0.16305195810856266,True
2015-11-30 22:00:00,14.819592981760238,-0.16010662277843346,True
2015-11-30 17:00:00,14.821149209049151,-0.16010662277843346,True
2015-10-26 18:00:00,14.827684408064716,-0.16010662277843346,True
2017-12-28 18:00:00,14.83472674722531,-0.16010662277843346,True
2017-12-30 08:00:00,14.82845300379323,-0.16010662277843346,True
2016-11-17 11:00:00,14.82320381245484,-0.16010662277843346,True
2017-01-07 22:00:00,14.833953908919206,-0.16010662277843346,True
2018-01-14 09:00:00,14.83576899388239,-0.16010662277843346,True
2017-12-04 21:00:00,14.810423301426995,-0.1596168949596446,True
2017-12-04 04:00:00,14.814112718548555,-0.1596168949596446,True
2015-11-23 11:00:00,14.796726302206965,-0.1591274983719302,True
2016-11-17 05:00:00,14.789182777064404,-0.1591274983719302,True
2016-12-01 02:00:00,14.802939183103929,-0.1591274983719302,True
2016-11-20 05:00:00,14.780701916360275,-0.1591274983719302,True
2015-11-21 22:00:00,14.797568809786704,-0.1591274983719302,True
2012-11-18 10:00:00,14.779739189426715,-0.15863843279125966,True
2017-01-14 06:00:00,14.779174603529912,-0.15863843279125966,True
2017-01-22 05:00:00,14.77766069087394,-0.15863843279125966,True
2015-11-24 06:00:00,14.77708642258175,-0.15863843279125966,True
2017-12-05 19:00:00,14.68427897453646,-0.1581496979937539,True
2017-01-08 00:00:00,14.687866378571712,-0.1581496979937539,True
2015-01-26 00:00:00,14.685185175658262,-0.1581496979937539,True
2017-11-24 17:00:00,14.686877727153073,-0.1581496979937539,True
2016-12-01 07:00:00,14.773187612883866,-0.1581496979937539,True
2016-12-02 01:00:00,14.688559573115723,-0.1581496979937539,True
2017-11-16 04:00:00,14.773708726845868,-0.1581496979937539,True
2017-12-03 11:00:00,14.686703742787849,-0.1581496979937539,True
2017-12-08 09:00:00,14.77391281506057,-0.1581496979937539,True
2017-11-16 05:00:00,14.7610366752221,-0.15766129375568516,True
2017-12-21 15:00:00,14.703260915169125,-0.15766129375568516,True
2018-01-12 09:00:00,14.65463472348602,-0.15766129375568516,True
2017-01-02 06:00:00,14.757510233580977,-0.15766129375568516,True
2016-11-22 08:00:00,14.690645301047857,-0.15766129375568516,True
2016-11-22 15:00:00,14.708390261246238,-0.15766129375568516,True
2016-11-22 10:00:00,14.701892389688876,-0.15766129375568516,True
2017-12-22 11:00:00,14.66282962346298,-0.15766129375568516,True
2016-11-20 06:00:00,14.71144467476912,-0.15766129375568516,True
2016-11-17 16:00:00,14.755671531556258,-0.15766129375568516,True
2015-11-16 09:00:00,14.713580904553742,-0.15766129375568516,True
2015-11-16 12:00:00,14.65223819619612,-0.15766129375568516,True
2016-12-02 03:00:00,14.745094614991013,-0.15766129375568516,True
2017-12-08 06:00:00,14.713641835144031,-0.15766129375568516,True
2017-11-17 23:00:00,14.751232665661352,-0.15766129375568516,True
2017-12-02 21:00:00,14.756391531788658,-0.15766129375568516,True
2017-01-14 11:00:00,14.708524080675238,-0.15766129375568516,True
2017-12-04 03:00:00,14.651802182202518,-0.15766129375568516,True
2016-12-08 17:00:00,14.651768392216264,-0.15766129375568516,True
2018-01-14 08:00:00,14.693392765135478,-0.15766129375568516,True
2017-01-07 19:00:00,14.758102970186874,-0.15766129375568516,True
2015-11-24 01:00:00,14.693811631315112,-0.15766129375568516,True
2016-12-01 12:00:00,14.65561399516944,-0.15766129375568516,True
2016-11-22 18:00:00,14.682219050984434,-0.15766129375568516,True
2017-11-24 12:00:00,14.70362625326925,-0.15766129375568516,True
2015-12-01 03:00:00,14.69085804579596,-0.15766129375568516,True
2017-01-14 05:00:00,14.701007990580294,-0.15766129375568516,True
2016-11-30 20:00:00,14.759900550478148,-0.15766129375568516,True
2016-11-30 21:00:00,14.690760836351604,-0.15766129375568516,True
2016-11-29 20:00:00,14.65703585881406,-0.15766129375568516,True
2017-12-20 14:00:00,14.750516412422346,-0.15766129375568516,True
2015-12-01 01:00:00,14.666705079138586,-0.15766129375568516,True
2015-11-22 23:00:00,14.71426039692633,-0.15766129375568516,True
2017-01-07 07:00:00,14.745806873743224,-0.15766129375568516,True
2015-12-01 08:00:00,14.698275441021345,-0.15766129375568516,True
2015-01-26 04:00:00,14.764770826778214,-0.15766129375568516,True
2016-01-14 22:00:00,14.69583365432656,-0.15766129375568516,True
2016-01-15 03:00:00,14.75588074612434,-0.15766129375568516,True
2017-11-23 15:00:00,14.654604086934318,-0.15766129375568516,True
2017-12-03 17:00:00,14.700531679551515,-0.15766129375568516,True
2016-11-22 22:00:00,14.743224228627875,-0.1571732198534772,True
2017-01-13 06:00:00,14.734685194470677,-0.1571732198534772,True
2015-11-21 23:00:00,14.720834122928167,-0.1571732198534772,True
2015-11-17 01:00:00,14.74000007751273,-0.1571732198534772,True
2017-11-17 21:00:00,14.73539183502194,-0.1571732198534772,True
2016-11-30 06:00:00,14.719233670804494,-0.1571732198534772,True
2016-11-30 16:00:00,14.733848906335368,-0.1571732198534772,True
2017-11-23 10:00:00,14.716218687350295,-0.1571732198534772,True
2017-12-02 01:00:00,14.725454037447925,-0.1571732198534772,True
2015-11-23 17:00:00,14.716074800692498,-0.1571732198534772,True
2017-11-24 19:00:00,14.735224621893895,-0.1571732198534772,True
2017-12-03 16:00:00,14.723262941711724,-0.1571732198534772,True
2017-11-24 14:00:00,14.726539793680224,-0.1571732198534772,True
2017-11-24 09:00:00,14.742047537193208,-0.1571732198534772,True
2012-11-18 13:00:00,14.726231076705597,-0.1571732198534772,True
2017-01-07 12:00:00,14.731981897660566,-0.1571732198534772,True
2015-11-30 20:00:00,14.733228335099662,-0.1571732198534772,True
2016-11-30 03:00:00,14.644880787859435,-0.15668547606370486,True
2017-01-02 11:00:00,14.647421210696564,-0.15668547606370486,True
2017-12-02 16:00:00,14.64051839267733,-0.15668547606370486,True
2017-01-02 04:00:00,14.651119036845277,-0.15668547606370486,True
2016-11-23 12:00:00,14.644420789015536,-0.15668547606370486,True
2017-01-13 11:00:00,14.647446727299714,-0.15668547606370486,True
2013-10-07 22:00:00,14.64806646590604,-0.15668547606370486,True
2012-11-19 01:00:00,14.649911384549975,-0.15668547606370486,True
2015-11-30 15:00:00,14.640423936401062,-0.15668547606370486,True
2017-11-24 05:00:00,14.640277370370804,-0.15668547606370486,True
2017-12-04 09:00:00,14.649574583699904,-0.15668547606370486,True
2017-11-18 05:00:00,14.626791810861029,-0.15522422313701623,True
2016-12-02 18:00:00,14.627150431030747,-0.15522422313701623,True
2015-11-23 04:00:00,14.6341572531446,-0.15522422313701623,True
2018-01-27 09:00:00,14.627572147719386,-0.15522422313701623,True
2017-12-04 23:00:00,14.619346159041248,-0.15425170099206986,True
2012-11-18 22:00:00,14.613301121386971,-0.15425170099206986,True
2017-11-18 08:00:00,14.612075165887484,-0.15425170099206986,True
2017-01-22 14:00:00,14.60882500801834,-0.15425170099206986,True
2016-11-29 22:00:00,14.610682606152787,-0.15425170099206986,True
2017-01-14 00:00:00,14.608911893462286,-0.15425170099206986,True
2017-12-08 13:00:00,14.624192112954118,-0.15425170099206986,True
2017-01-13 19:00:00,14.611687132050054,-0.15425170099206986,True
2015-11-22 21:00:00,14.607103284458791,-0.15425170099206986,True
2017-12-22 16:00:00,14.624171902674048,-0.15425170099206986,True
2016-11-23 17:00:00,14.614456212522787,-0.15425170099206986,True
2017-01-02 09:00:00,14.6213970346691,-0.15425170099206986,True
2015-11-23 02:00:00,14.618713483648856,-0.15425170099206986,True
2016-11-29 17:00:00,14.593743147833123,-0.15328049394749277,True
2017-12-04 08:00:00,14.595127635545962,-0.15328049394749277,True
2017-12-02 06:00:00,14.594275309567974,-0.15328049394749277,True
2018-01-03 22:00:00,14.461714285206437,-0.15231060022493048,True
2017-12-05 09:00:00,14.519717493118856,-0.15231060022493048,True
2017-11-18 06:00:00,14.45828919200046,-0.15231060022493048,True
2016-11-30 11:00:00,14.515239517719614,-0.15231060022493048,True
2015-01-25 21:00:00,14.569485058801048,-0.15231060022493048,True
2015-01-25 23:00:00,14.489502860312768,-0.15231060022493048,True
2016-11-30 08:00:00,14.518568542665474,-0.15231060022493048,True
2017-01-14 01:00:00,14.48353180136701,-0.15231060022493048,True
2016-12-08 12:00:00,14.517663876946438,-0.15231060022493048,True
2017-12-03 22:00:00,14.57955742715238,-0.15231060022493048,True
2012-11-18 12:00:00,14.46016649992991,-0.15231060022493048,True
2014-10-29 18:00:00,14.50376047741859,-0.15231060022493048,True
2017-01-14 10:00:00,14.57625943452585,-0.15231060022493048,True
2017-01-12 20:00:00,14.500993526085198,-0.15231060022493048,True
2015-11-23 23:00:00,14.468607545048304,-0.15231060022493048,True
2016-12-08 07:00:00,14.462298187897346,-0.15231060022493048,True
2017-11-18 02:00:00,14.51608244400871,-0.15231060022493048,True
2016-01-14 17:00:00,14.515990630902795,-0.15231060022493048,True
2018-01-03 12:00:00,14.49101531475202,-0.15231060022493048,True
2017-12-02 23:00:00,14.574442087961025,-0.15231060022493048,True
2013-11-11 20:00:00,14.4739340654982,-0.15231060022493048,True
2015-11-16 22:00:00,14.520627522679431,-0.15231060022493048,True
2016-12-01 22:00:00,14.575503302256756,-0.15231060022493048,True
2016-01-15 08:00:00,14.464581761047786,-0.15231060022493048,True
2017-12-20 13:00:00,14.462556073868884,-0.15231060022493048,True
2017-12-05 14:00:00,14.483523092301926,-0.15231060022493048,True
2016-12-09 20:00:00,14.476771765759691,-0.15231060022493048,True
2016-11-23 03:00:00,14.490678008630915,-0.15231060022493048,True
2017-01-13 13:00:00,14.488590271280607,-0.15231060022493048,True
2017-12-21 17:00:00,14.511045296354387,-0.15231060022493048,True
2015-12-01 16:00:00,14.452447367500374,-0.15231060022493048,True
2017-01-07 02:00:00,14.47606864357908,-0.15231060022493048,True
2015-11-24 03:00:00,14.459259838577571,-0.15231060022493048,True
2017-01-22 13:00:00,14.50591591352484,-0.15231060022493048,True
2016-12-01 01:00:00,14.431301688103096,-0.1518261453043268,True
2014-12-02 03:00:00,14.430624460458386,-0.1518261453043268,True
2017-12-04 19:00:00,14.43534973947664,-0.1518261453043268,True
2017-12-05 04:00:00,14.43842865432857,-0.1518261453043268,True
2017-12-08 17:00:00,14.562730852621556,-0.1518261453043268,True
2017-12-23 12:00:00,14.429318762672713,-0.1518261453043268,True
2015-11-17 02:00:00,14.451624112280586,-0.1518261453043268,True
2016-12-09 08:00:00,14.433980921650722,-0.1518261453043268,True
2017-12-04 13:00:00,14.563668371282466,-0.1518261453043268,True
2016-11-30 01:00:00,14.561931331458808,-0.1518261453043268,True
2017-01-06 16:00:00,14.4333152188108,-0.1518261453043268,True
2016-11-23 10:00:00,14.44888598913886,-0.1518261453043268,True
2016-11-22 20:00:00,14.425390764249263,-0.1518261453043268,True
2014-10-31 19:00:00,14.427837531443956,-0.1518261453043268,True
2017-12-22 07:00:00,14.438983819903376,-0.1518261453043268,True
2017-11-14 07:00:00,14.445534818370357,-0.1518261453043268,True
2017-11-29 09:00:00,14.444989977552614,-0.1518261453043268,True
2017-01-19 05:00:00,14.431633810393553,-0.1518261453043268,True
2017-12-08 20:00:00,14.430105257137122,-0.1518261453043268,True
2017-01-22 04:00:00,14.442347278398818,-0.1518261453043268,True
2017-12-22 15:00:00,14.438453459619264,-0.1518261453043268,True
2017-12-09 06:00:00,14.44079167017077,-0.1518261453043268,True
2017-01-01 08:00:00,14.563013709703776,-0.1518261453043268,True
2017-01-21 21:00:00,14.447161004066771,-0.1518261453043268,True
2017-01-22 00:00:00,14.413208327179287,-0.1513420180484334,True
2017-01-13 01:00:00,14.550243431646669,-0.1513420180484334,True
2016-11-22 13:00:00,14.588662579327927,-0.1513420180484334,True
2016-11-23 15:00:00,14.418855739058412,-0.1513420180484334,True
2015-11-17 04:00:00,14.550632531727372,-0.1513420180484334,True
2017-12-03 07:00:00,14.554823154500523,-0.1513420180484334,True
2016-11-17 09:00:00,14.418171434734347,-0.1513420180484334,True
2018-01-14 07:00:00,14.55101653638857,-0.1513420180484334,True
2016-12-01 13:00:00,14.584908850445082,-0.1513420180484334,True
2014-10-31 20:00:00,14.419429985534329,-0.1513420180484334,True
2017-12-04 14:00:00,14.42347545113276,-0.1513420180484334,True
2017-12-27 19:00:00,14.556785893552778,-0.1513420180484334,True
2017-12-30 07:00:00,14.583400377276204,-0.1513420180484334,True
2017-01-25 22:00:00,14.557645575410833,-0.1513420180484334,True
2016-12-08 22:00:00,14.584254797750312,-0.1513420180484334,True
2017-12-03 21:00:00,14.586549100101251,-0.1513420180484334,True
2016-12-02 08:00:00,14.5583514161233,-0.1513420180484334,True
2017-01-19 10:00:00,14.532172300749831,-0.1513420180484334,True
2017-01-06 21:00:00,14.42216872393957,-0.1513420180484334,True
2015-12-01 11:00:00,14.413261144638383,-0.1513420180484334,True
2018-01-26 06:00:00,14.535639011842903,-0.15085821823563195,True
2014-11-03 19:00:00,14.392795530146914,-0.15085821823563195,True
2017-01-02 01:00:00,14.394579102230091,-0.15085821823563195,True
2017-12-03 04:00:00,14.405953020735142,-0.15085821823563195,True
2017-01-13 14:00:00,14.390258162147491,-0.15085821823563195,True
2015-11-17 09:00:00,14.393361751813169,-0.15085821823563195,True
2016-12-09 03:00:00,14.526739199005323,-0.15085821823563195,True
2017-11-23 20:00:00,14.543625886022722,-0.15085821823563195,True
2017-12-02 11:00:00,14.542346116626112,-0.15085821823563195,True
2015-12-01 06:00:00,14.54120859366268,-0.15085821823563195,True
2015-11-24 04:00:00,14.40113294382956,-0.15085821823563195,True
2015-10-23 20:00:00,14.398426915769225,-0.15085821823563195,True
2018-01-14 06:00:00,14.408640307641658,-0.15085821823563195,True
2015-11-23 16:00:00,14.538492913286008,-0.15085821823563195,True
2017-01-07 15:00:00,14.41136196323258,-0.15085821823563195,True
2017-12-05 02:00:00,14.544068742570836,-0.15085821823563195,True
2016-12-31 20:00:00,14.393507342954194,-0.15085821823563195,True
2016-01-15 13:00:00,14.39216630619442,-0.15085821823563195,True
2017-01-01 13:00:00,14.400042057801883,-0.15085821823563195,True
2017-01-01 03:00:00,14.392293030370562,-0.15085821823563195,True
2017-12-03 02:00:00,14.40725809730561,-0.15085821823563195,True
2017-11-15 08:00:00,14.391399487375676,-0.15085821823563195,True
2016-11-22 23:00:00,14.386327768579037,-0.15027451807234093,True
2016-11-29 11:00:00,14.548626688233444,-0.14989160005357982,True
2017-01-25 21:00:00,14.547959692842454,-0.14989160005357982,True
2016-12-02 06:00:00,14.54594537206382,-0.14989160005357982,True
2016-12-01 18:00:00,14.545311857387109,-0.14989160005357982,True
2017-12-20 18:00:00,14.547921788040602,-0.14989160005357982,True
2015-12-01 23:00:00,14.381696435816728,-0.14979144027113545,True
2016-11-30 18:00:00,14.381443482771196,-0.14979144027113545,True
2015-11-30 18:00:00,14.360992540668654,-0.1483441663834264,True
2015-11-23 12:00:00,14.373013195900649,-0.1478623941900289,True
2015-11-23 09:00:00,14.34098765181982,-0.1478623941900289,True
2016-12-31 17:00:00,14.337745667448138,-0.1478623941900289,True
2016-12-31 22:00:00,14.353417665795543,-0.1478623941900289,True
2017-11-23 22:00:00,14.36759413035834,-0.1478623941900289,True
2015-11-23 22:00:00,14.34891026428,-0.1478623941900289,True
2015-12-01 10:00:00,14.354300864097636,-0.1478623941900289,True
2017-01-21 19:00:00,14.350349125415814,-0.1478623941900289,True
2017-12-27 17:00:00,14.366666094459712,-0.1478623941900289,True
2017-12-05 07:00:00,14.366191399914776,-0.1478623941900289,True
2017-12-03 19:00:00,14.36976264733024,-0.1478623941900289,True
2017-12-30 06:00:00,14.338347750759176,-0.1478623941900289,True
2016-01-15 10:00:00,14.372978656137304,-0.1478623941900289,True
2015-11-17 06:00:00,14.372547983965516,-0.1478623941900289,True
2017-01-06 19:00:00,14.354911358248238,-0.1478623941900289,True
2016-12-08 02:00:00,14.347756276433984,-0.1478623941900289,True
2012-11-18 16:00:00,14.362764179754386,-0.1478623941900289,True
2016-12-09 15:00:00,14.335893217812474,-0.1478623941900289,True
2012-11-19 03:00:00,14.363811410072556,-0.1478623941900289,True
2018-01-17 04:00:00,14.336359347993495,-0.1478623941900289,True
2017-01-07 20:00:00,14.379915750370436,-0.1478623941900289,True
2016-11-29 13:00:00,14.334097280756009,-0.14689982713352578,True
2017-12-27 16:00:00,14.334888199065928,-0.14689982713352578,True
2015-11-24 16:00:00,14.31600670091261,-0.14641903182978677,True
2016-12-31 15:00:00,14.325539024832835,-0.14641903182978677,True
2017-12-23 13:00:00,14.315233090726563,-0.14641903182978677,True
2017-11-25 00:00:00,14.322011812153384,-0.14641903182978677,True
2017-01-25 19:00:00,14.323881995988256,-0.14641903182978677,True
2013-11-06 21:00:00,14.318963914411386,-0.14641903182978677,True
2017-12-03 12:00:00,14.314534118772604,-0.14641903182978677,True
2016-12-31 05:00:00,14.310735282034956,-0.14641903182978677,True
2017-01-12 18:00:00,14.316521279451294,-0.14641903182978677,True
2017-01-25 23:00:00,14.314018671262682,-0.14641903182978677,True
2017-12-09 03:00:00,14.23999252083799,-0.14593856171554886,True
2016-12-08 19:00:00,14.235793013076544,-0.14593856171554886,True
2017-01-07 05:00:00,14.239751818428502,-0.14593856171554886,True
2017-11-18 13:00:00,14.23241037263208,-0.14545841657086755,True
2017-01-19 00:00:00,14.234551385871566,-0.14545841657086755,True
2016-11-17 23:00:00,14.233309531490738,-0.14545841657086755,True
2016-11-17 21:00:00,14.248277319174102,-0.14497859617594744,True
2016-12-08 05:00:00,14.308955123123734,-0.14497859617594744,True
2017-01-08 06:00:00,14.244290226907404,-0.14497859617594744,True
2017-11-24 22:00:00,14.24807041201288,-0.14497859617594744,True
2018-01-12 08:00:00,14.2507339312991,-0.14497859617594744,True
2017-01-22 08:00:00,14.240959945778757,-0.14497859617594744,True
2017-01-05 18:00:00,14.25348420107945,-0.14497859617594744,True
2015-12-02 09:00:00,14.24572973905557,-0.14497859617594744,True
2017-11-15 11:00:00,14.272608577512337,-0.14497859617594744,True
2017-01-14 03:00:00,14.243333999505069,-0.14497859617594744,True
2017-12-08 22:00:00,14.309091365787456,-0.14497859617594744,True
2016-01-15 01:00:00,14.30825088922406,-0.14497859617594744,True
2017-12-12 19:00:00,14.296240793987836,-0.14449910031114155,True
2017-12-26 16:00:00,14.2938183018911,-0.14449910031114155,True
2017-11-24 01:00:00,14.30316470129486,-0.14449910031114155,True
2015-12-01 15:00:00,14.289801864756653,-0.14449910031114155,True
2017-11-15 09:00:00,14.285256118997754,-0.14449910031114155,True
2017-11-15 05:00:00,14.294524665564143,-0.14449910031114155,True
2016-11-17 15:00:00,14.302974448796784,-0.14449910031114155,True
2013-11-11 19:00:00,14.214604979726124,-0.14449910031114155,True
2017-01-08 13:00:00,14.274741602129714,-0.14449910031114155,True
2016-01-14 20:00:00,14.303449765410337,-0.14449910031114155,True
2017-01-01 06:00:00,14.21704943903579,-0.14449910031114155,True
2017-01-13 09:00:00,14.274243908190778,-0.14449910031114155,True
2014-11-05 20:00:00,14.27996793821722,-0.14449910031114155,True
2016-12-02 23:00:00,14.214939974033896,-0.14449910031114155,True
2016-12-03 04:00:00,14.283014734527931,-0.14449910031114155,True
2015-11-24 11:00:00,14.214688673503272,-0.14449910031114155,True
2016-12-02 11:00:00,14.278128929343517,-0.14449910031114155,True
2016-11-30 13:00:00,14.291041013266268,-0.14449910031114155,True
2016-12-08 10:00:00,14.280404391950697,-0.14449910031114155,True
2015-11-21 19:00:00,14.21543382011456,-0.14449910031114155,True
2017-12-03 09:00:00,14.216568271758304,-0.14449910031114155,True
2017-11-29 05:00:00,14.275698644993986,-0.14449910031114155,True
2017-12-06 00:00:00,14.281223833498672,-0.14449910031114155,True
2016-12-09 05:00:00,14.214913043825929,-0.14449910031114155,True
2016-12-01 06:00:00,14.294803251085696,-0.14449910031114155,True
2018-01-27 10:00:00,14.289276554317336,-0.14449910031114155,True
2012-11-18 08:00:00,14.2995185015845,-0.14449910031114155,True
2012-11-18 19:00:00,14.301614308700955,-0.14449910031114155,True
2017-01-13 04:00:00,14.292915556119684,-0.14449910031114155,True
2016-11-23 22:00:00,14.288984047016584,-0.14449910031114155,True
2016-12-10 01:00:00,14.210539929503565,-0.14401992875695147,True
2016-12-08 15:00:00,14.21173368846608,-0.14401992875695147,True
2016-12-09 18:00:00,14.257719533038896,-0.14401992875695147,True
2017-01-07 00:00:00,14.229096186890464,-0.14401992875695147,True
2018-01-14 05:00:00,14.26626407889475,-0.14401992875695147,True
2014-12-02 08:00:00,14.2548643994296,-0.14401992875695147,True
2015-11-17 00:00:00,14.206436465622554,-0.14401992875695147,True
2017-01-13 20:00:00,14.229131959137346,-0.14401992875695147,True
2012-11-18 23:00:00,14.257948888774877,-0.14401992875695147,True
2017-01-06 14:00:00,14.227790156998305,-0.14401992875695147,True
2017-11-18 04:00:00,14.266718952360904,-0.14401992875695147,True
2017-01-08 07:00:00,14.259776699395632,-0.14401992875695147,True
2017-12-04 02:00:00,14.224516438469308,-0.14401992875695147,True
2017-01-14 13:00:00,14.25824329619048,-0.14401992875695147,True
2017-12-27 20:00:00,14.21066736924377,-0.14401992875695147,True
2017-11-29 07:00:00,14.267683052807891,-0.14401992875695147,True
2015-12-02 01:00:00,14.22622665072138,-0.14401992875695147,True
2017-12-22 06:00:00,14.210588363074304,-0.14401992875695147,True
2016-12-10 06:00:00,14.26692432854969,-0.14401992875695147,True
2016-12-31 10:00:00,14.206034405020914,-0.14401992875695147,True
2017-11-24 03:00:00,14.261546040282402,-0.14401992875695147,True
2017-11-14 06:00:00,14.18105548142783,-0.14354108129402732,True
2017-01-16 13:00:00,14.196225699208965,-0.14354108129402732,True
2016-11-17 14:00:00,14.187593914513776,-0.14354108129402732,True
2017-12-06 17:00:00,14.187243542208414,-0.14354108129402732,True
2017-12-08 15:00:00,14.196727573116156,-0.14354108129402732,True
2017-12-21 16:00:00,14.173415777756247,-0.14354108129402732,True
2017-01-14 08:00:00,14.190580937730106,-0.14354108129402732,True
2017-12-03 14:00:00,14.159560005884664,-0.14354108129402732,True
2017-01-06 09:00:00,14.187735461919155,-0.14354108129402732,True
2017-01-22 11:00:00,14.203127296201346,-0.14354108129402732,True
2016-11-23 04:00:00,14.200164879845898,-0.14354108129402732,True
2017-01-06 04:00:00,14.18732662856785,-0.14354108129402732,True
2017-12-05 17:00:00,14.190326658954303,-0.14354108129402732,True
2017-01-19 03:00:00,14.176999208380437,-0.14354108129402732,True
2017-12-06 05:00:00,14.199904032211634,-0.14354108129402732,True
2017-01-19 08:00:00,14.186743898079255,-0.14354108129402732,True
2016-01-15 05:00:00,14.193111326731524,-0.14354108129402732,True
2015-11-16 06:00:00,14.171052723618756,-0.14354108129402732,True
2017-12-15 12:00:00,14.20117553562155,-0.14354108129402732,True
2017-12-09 01:00:00,14.182583051428448,-0.14354108129402732,True
2015-01-26 03:00:00,14.188545662798871,-0.14354108129402732,True
2017-12-20 12:00:00,14.17459573531542,-0.14354108129402732,True
2017-01-12 23:00:00,14.195277303267154,-0.14354108129402732,True
2017-11-24 10:00:00,14.193234588184223,-0.14354108129402732,True
2016-12-08 00:00:00,14.180095525589836,-0.14354108129402732,True
2017-12-21 14:00:00,14.18536549220354,-0.14354108129402732,True
2014-11-03 18:00:00,14.19060994332007,-0.14354108129402732,True
2012-11-19 06:00:00,14.156802845655726,-0.14354108129402732,True
2016-01-06 12:00:00,14.181725009746954,-0.14354108129402732,True
2017-01-07 10:00:00,14.172940485104384,-0.14354108129402732,True
2016-12-11 19:00:00,14.165950669897974,-0.14354108129402732,True
2016-12-08 20:00:00,14.189822480966782,-0.14354108129402732,True
2017-01-08 01:00:00,14.180499381093366,-0.14354108129402732,True
2016-01-19 08:00:00,14.170302223115316,-0.14354108129402732,True
2016-12-09 13:00:00,14.151865262311851,-0.14306255770316756,True
2016-11-24 03:00:00,14.148628585485245,-0.14306255770316756,True
2015-12-02 06:00:00,14.136503016668335,-0.14306255770316756,True
2017-01-02 14:00:00,14.137571443203107,-0.14306255770316756,True
2015-12-01 20:00:00,14.14730274567858,-0.14306255770316756,True
2017-11-17 19:00:00,14.146392414576528,-0.14306255770316756,True
2017-12-26 18:00:00,14.149268508421658,-0.14306255770316756,True
2017-12-08 12:00:00,14.151471976758437,-0.14306255770316756,True
2017-01-08 12:00:00,14.137137945067572,-0.14306255770316756,True
2016-12-09 00:00:00,14.151044431323465,-0.14306255770316756,True
2017-12-05 12:00:00,14.142296917601394,-0.14306255770316756,True
2016-01-06 02:00:00,14.150850191327992,-0.14306255770316756,True
2017-11-25 05:00:00,14.140576589948177,-0.14306255770316756,True
2016-12-30 19:00:00,14.1524209027652,-0.14306255770316756,True
2014-12-02 18:00:00,14.147148371337874,-0.14306255770316756,True
2016-12-03 09:00:00,14.153844973184649,-0.14306255770316756,True
2017-01-13 08:00:00,14.151734492825565,-0.14306255770316756,True
2014-11-07 20:00:00,14.1400067880206,-0.14306255770316756,True
2018-01-14 04:00:00,14.123887850147838,-0.142106481261576,True
2015-12-02 16:00:00,14.110904363388698,-0.142106481261576,True
2016-12-03 16:00:00,14.132192957835445,-0.142106481261576,True
2016-11-17 07:00:00,14.12447566353442,-0.142106481261576,True
2014-12-02 13:00:00,14.13147110438178,-0.142106481261576,True
2012-11-18 14:00:00,14.130992022826929,-0.142106481261576,True
2017-11-24 06:00:00,14.10691239677233,-0.142106481261576,True
2016-11-29 15:00:00,14.121739087165404,-0.142106481261576,True
2015-11-23 14:00:00,14.108851884305636,-0.142106481261576,True
2015-11-30 10:00:00,14.116174203904562,-0.142106481261576,True
2017-12-22 17:00:00,14.111809446034586,-0.142106481261576,True
2017-11-24 15:00:00,14.104598503746038,-0.142106481261576,True
2017-01-22 15:00:00,14.131951038183464,-0.142106481261576,True
2016-01-15 00:00:00,14.133353735585036,-0.142106481261576,True
2016-11-23 01:00:00,14.12255266409876,-0.142106481261576,True
2018-01-28 01:00:00,14.131963527576753,-0.142106481261576,True
2014-10-29 17:00:00,14.126904589134291,-0.142106481261576,True
2016-11-17 10:00:00,14.126610719058563,-0.142106481261576,True
2017-01-19 12:00:00,14.110424110781144,-0.142106481261576,True
2015-11-24 18:00:00,14.09764212026026,-0.1411516976815279,True
2016-11-30 23:00:00,14.095020762201036,-0.1411516976815279,True
2017-01-07 09:00:00,14.091993607612196,-0.1411516976815279,True
2014-12-01 12:00:00,14.096289980685306,-0.1411516976815279,True
2017-11-18 18:00:00,14.088987067371711,-0.1411516976815279,True
2018-01-03 11:00:00,14.090245245339394,-0.1411516976815279,True
2016-12-10 11:00:00,14.10328143531548,-0.1411516976815279,True
2016-11-17 20:00:00,14.098894952920716,-0.1411516976815279,True
2017-12-30 05:00:00,14.09329512424215,-0.1411516976815279,True
2017-11-15 07:00:00,14.095005859697675,-0.1411516976815279,True
2016-12-02 20:00:00,14.08935027184309,-0.1411516976815279,True
2015-01-25 22:00:00,14.09423245251808,-0.1411516976815279,True
2016-12-01 19:00:00,14.079320423968092,-0.14019820521474147,True
2017-12-27 18:00:00,14.085405129763233,-0.14019820521474147,True
2016-01-14 19:00:00,14.077809933975091,-0.14019820521474147,True
2016-12-31 07:00:00,14.081988775792864,-0.14019820521474147,True
2015-10-23 19:00:00,14.087422885450854,-0.14019820521474147,True
2017-12-08 04:00:00,14.087649959875556,-0.14019820521474147,True
2017-12-08 08:00:00,14.08099316730322,-0.14019820521474147,True
2017-01-13 03:00:00,14.087091342285335,-0.14019820521474147,True
2017-11-18 15:00:00,14.082066916107998,-0.14019820521474147,True
2018-01-26 05:00:00,14.086525641762975,-0.14019820521474147,True
2016-12-04 02:00:00,14.073677424693274,-0.13924600211529903,True
2015-11-30 19:00:00,14.072072503090876,-0.13924600211529903,True
2017-01-01 01:00:00,14.073873809880071,-0.13924600211529903,True
2012-11-20 21:00:00,14.076131053055317,-0.13924600211529903,True
2016-12-03 06:00:00,14.064777503962214,-0.13924600211529903,True
2017-01-24 11:00:00,14.074730391438427,-0.13924600211529903,True
2012-11-20 09:00:00,14.07058472341884,-0.13924600211529903,True
2016-12-01 04:00:00,14.068998210142825,-0.13924600211529903,True
2017-12-06 10:00:00,14.068373089781472,-0.13924600211529903,True
2015-12-02 04:00:00,14.058893030879345,-0.13829508663964396,True
2015-01-21 21:00:00,14.052429016565432,-0.13829508663964396,True
2017-12-06 15:00:00,14.060300302893213,-0.13829508663964396,True
2017-01-21 16:00:00,14.057405789271137,-0.13829508663964396,True
2017-01-02 07:00:00,14.05128955729608,-0.13829508663964396,True
2016-11-23 14:00:00,14.061942275636776,-0.13829508663964396,True
2015-11-23 19:00:00,14.061866995984412,-0.13829508663964396,True
2016-12-01 09:00:00,14.055545079416644,-0.13829508663964396,True
2017-01-19 07:00:00,14.054896399397304,-0.13829508663964396,True
2017-12-04 07:00:00,14.059668960272589,-0.13829508663964396,True
2016-12-10 16:00:00,14.060497347660242,-0.13829508663964396,True
2015-12-01 21:00:00,14.061010803391412,-0.13829508663964396,True
2017-01-08 11:00:00,14.042786766333704,-0.13782011121652005,True
2017-01-01 15:00:00,14.035440650233848,-0.13782011121652005,True
2013-11-08 22:00:00,14.039211321539849,-0.13782011121652005,True
2017-01-01 16:00:00,14.035821666129484,-0.13782011121652005,True
2012-11-20 16:00:00,14.03560440299674,-0.13782011121652005,True
2012-11-20 14:00:00,14.043427518077928,-0.13782011121652005,True
2016-12-11 09:00:00,14.03743635336293,-0.13782011121652005,True
2016-11-23 19:00:00,14.041743631728972,-0.13782011121652005,True
2015-12-02 14:00:00,14.050037704935615,-0.13782011121652005,True
2015-11-24 08:00:00,14.034424547807548,-0.13782011121652005,True
2017-01-01 11:00:00,14.024678328522578,-0.1373454570465774,True
2016-11-23 09:00:00,14.026441641131209,-0.1373454570465774,True
2017-12-04 00:00:00,14.0256675733151,-0.1373454570465774,True
2017-12-04 20:00:00,14.027318270716114,-0.1373454570465774,True
2016-12-01 23:00:00,14.029490734574212,-0.1373454570465774,True
2016-01-19 03:00:00,14.029735612264751,-0.1373454570465774,True
2015-11-30 23:00:00,14.032473718091538,-0.1373454570465774,True
2015-01-26 01:00:00,14.026885967503931,-0.1373454570465774,True
2016-11-23 08:00:00,14.029570443366357,-0.1373454570465774,True
2016-01-14 15:00:00,14.031573130044308,-0.1373454570465774,True
2016-12-03 19:00:00,14.032210206311287,-0.1373454570465774,True
2008-11-26 12:00:00,-5.595470285836368,-0.13670011126982407,True
2008-11-26 11:00:00,-3.105037323296265,-0.13670011126982407,True
2007-11-28 00:00:00,-1.5454502930789864,-0.13670011126982407,True
2007-11-30 04:00:00,-2.3213761460510094,-0.13670011126982407,True
2008-11-26 13:00:00,-7.811498234028749,-0.13670011126982407,True
2008-11-26 16:00:00,-8.822057761096538,-0.13670011126982407,True
2007-11-27 07:00:00,-1.5197225782103647,-0.13670011126982407,True
2008-11-26 14:00:00,-8.066070288121335,-0.13670011126982407,True
2007-11-28 05:00:00,-1.5713805540327437,-0.13670011126982407,True
2007-11-28 10:00:00,-1.5515442691927457,-0.13670011126982407,True
2008-11-26 10:00:00,-6.239833514344916,-0.13670011126982407,True
2008-11-26 15:00:00,-7.817398430158369,-0.13670011126982407,True
2007-11-28 15:00:00,-1.5705545942834933,-0.13670011126982407,True
2008-11-26 05:00:00,-2.453357292848406,-0.13670011126982407,True
2008-11-26 17:00:00,-8.339852396079007,-0.13670011126982407,True
2008-11-26 07:00:00,-4.234420592906131,-0.13670011126982407,True
2008-11-26 06:00:00,-3.0163035267100526,-0.13670011126982407,True
2008-11-26 18:00:00,-7.625060633640474,-0.13670011126982407,True
2008-11-26 19:00:00,-4.790734267902819,-0.13670011126982407,True
2008-11-26 09:00:00,-6.5526511953777575,-0.13670011126982407,True
2008-11-26 08:00:00,-5.197765686952051,-0.13670011126982407,True
2014-12-01 10:00:00,14.02346252101002,-0.13639711159725487,True
2016-12-10 21:00:00,14.022032536657042,-0.13639711159725487,True
2015-11-24 09:00:00,14.02161234263808,-0.1354500485551834,True
2017-01-22 03:00:00,14.021094977876793,-0.1354500485551834,True
2016-01-15 11:00:00,14.00600875673272,-0.1340318547128716,True
2017-12-05 21:00:00,14.015370423583615,-0.1340318547128716,True
2017-01-02 16:00:00,14.015585208122811,-0.1340318547128716,True
2015-12-02 11:00:00,14.00761365149308,-0.1340318547128716,True
2012-11-21 02:00:00,14.005343161460702,-0.1340318547128716,True
2014-11-05 19:00:00,14.019019289261664,-0.1340318547128716,True
2016-11-23 20:00:00,14.008265858107857,-0.1340318547128716,True
2007-11-30 02:00:00,-1.1526219234051245,-0.13386153489183172,True
2007-11-25 13:00:00,-1.3480868184326091,-0.13386153489183172,True
2007-11-30 03:00:00,-1.4720020958273476,-0.13386153489183172,True
2007-11-25 11:00:00,-0.973636306080671,-0.13386153489183172,True
2007-11-30 01:00:00,-1.0666085079642045,-0.13386153489183172,True
2007-11-24 22:00:00,-0.9158903833325048,-0.13386153489183172,True
2007-11-25 06:00:00,-0.9969352585247794,-0.13386153489183172,True
2007-11-25 23:00:00,-1.467450036333501,-0.13386153489183172,True
2007-11-26 01:00:00,-1.2528405879460782,-0.13386153489183172,True
2007-11-26 13:00:00,-0.9206898549851766,-0.13386153489183172,True
2007-11-26 14:00:00,-1.1450796024894516,-0.13386153489183172,True
2007-11-26 11:00:00,-1.4613819673810504,-0.13386153489183172,True
2007-11-26 06:00:00,-1.4881027211196856,-0.13386153489183172,True
2007-11-25 18:00:00,-1.2494382503075196,-0.13386153489183172,True
2007-11-25 20:00:00,-1.1020093061952958,-0.13386153489183172,True
2007-11-25 01:00:00,-1.0498982610109109,-0.13386153489183172,True
2007-11-25 08:00:00,-1.3037549743541803,-0.13386153489183172,True
2007-11-27 19:00:00,-1.5015194932038318,-0.13386153489183172,True
2007-11-25 15:00:00,-1.0214709372028852,-0.13386153489183172,True
2007-11-28 13:00:00,-1.094217670457008,-0.13386153489183172,True
2007-11-25 10:00:00,-1.0204635864247005,-0.13386153489183172,True
2007-11-28 17:00:00,-1.4296190007139762,-0.13386153489183172,True
2007-11-30 05:00:00,-1.2593710414984671,-0.13386153489183172,True
2007-11-26 04:00:00,-1.4084013809774787,-0.13386153489183172,True
2007-11-25 03:00:00,-1.234759331055472,-0.13386153489183172,True
2007-11-28 12:00:00,-1.3066296293728912,-0.13386153489183172,True
2007-11-27 14:00:00,-1.4190348720183374,-0.13386153489183172,True
2007-11-27 11:00:00,-0.9309285005380292,-0.13386153489183172,True
2007-11-26 09:00:00,-1.3864357397142877,-0.13386153489183172,True
2007-11-28 18:00:00,-0.9731306320566246,-0.13386153489183172,True
2007-11-28 20:00:00,-1.3037808618987978,-0.13386153489183172,True
2007-11-28 19:00:00,-0.9264697983676824,-0.13386153489183172,True
2007-11-28 08:00:00,-1.1624224283586737,-0.13386153489183172,True
2007-11-27 04:00:00,-1.249069723395014,-0.13386153489183172,True
2007-11-26 21:00:00,-1.3837595651603098,-0.13386153489183172,True
2007-11-26 19:00:00,-1.0154815548820082,-0.13386153489183172,True
2007-11-26 18:00:00,-1.0037949969998912,-0.13386153489183172,True
2007-11-26 16:00:00,-1.384500439963542,-0.13386153489183172,True
2007-11-27 05:00:00,-1.0186825712028986,-0.13386153489183172,True
2007-11-27 21:00:00,-1.1061954129774971,-0.13386153489183172,True
2007-11-27 09:00:00,-1.3972491143829344,-0.13386153489183172,True
2007-11-27 00:00:00,-1.0833516918962844,-0.13386153489183172,True
2007-11-26 08:00:00,-1.0054485870765852,-0.13386153489183172,True
2007-11-28 02:00:00,-1.115769375075984,-0.13386153489183172,True
2008-11-26 04:00:00,-1.2846749911330022,-0.13386153489183172,True
2007-11-27 16:00:00,-0.9639363991654234,-0.13386153489183172,True
2007-11-27 17:00:00,-1.430314969328898,-0.13386153489183172,True
2007-11-28 07:00:00,-1.3181119691922765,-0.13386153489183172,True
2007-11-28 03:00:00,-1.2650525075076855,-0.13386153489183172,True
2007-11-26 23:00:00,-1.2858779990491125,-0.13386153489183172,True
2007-11-27 12:00:00,-1.476337703624387,-0.13386153489183172,True
2007-11-27 15:00:00,-0.8030707879318091,-0.13338955813460496,True
2007-11-27 23:00:00,-0.859669542770898,-0.13338955813460496,True
2007-11-27 10:00:00,-0.8899140870089628,-0.13338955813460496,True
2007-11-26 03:00:00,-0.8607865864854105,-0.13338955813460496,True
2007-11-25 16:00:00,-0.8418230477526002,-0.13338955813460496,True
2007-11-27 06:00:00,-0.8810368779315046,-0.13338955813460496,True
2007-11-25 05:00:00,-0.8626240964570872,-0.13338955813460496,True
2007-11-26 02:00:00,-0.8121403277452659,-0.13338955813460496,True
2007-11-28 14:00:00,-0.8649407328662727,-0.13338955813460496,True
2007-11-28 09:00:00,-0.7923214643851361,-0.1329179006023894,True
2007-11-26 07:00:00,-0.7798142703527925,-0.1329179006023894,True
2013-01-21 21:00:00,-0.7751968461527792,-0.1329179006023894,True
2007-11-27 20:00:00,-0.7781721751490579,-0.1329179006023894,True
2007-11-25 21:00:00,-0.7905033525776862,-0.1329179006023894,True
2016-12-03 14:00:00,14.004344610176515,-0.13261653654274907,True
2017-01-18 19:00:00,14.003697957608562,-0.13261653654274907,True
2016-12-30 14:00:00,14.004641683917251,-0.13261653654274907,True
2017-01-02 02:00:00,13.998939856947691,-0.13261653654274907,True
2017-12-28 12:00:00,13.991227210940137,-0.13261653654274907,True
2017-12-05 00:00:00,13.990718611617668,-0.13261653654274907,True
2014-11-07 21:00:00,13.995977840412705,-0.13261653654274907,True
2017-01-06 11:00:00,13.990554876853905,-0.13261653654274907,True
2017-01-24 13:00:00,13.992421927502,-0.13261653654274907,True
2016-01-05 21:00:00,13.995618785071018,-0.13261653654274907,True
2018-01-03 23:00:00,14.004939516255922,-0.13261653654274907,True
2016-01-06 07:00:00,13.99199697749706,-0.13261653654274907,True
2012-11-20 04:00:00,13.99719876129277,-0.13261653654274907,True
2016-12-09 23:00:00,13.978429788149128,-0.13073390884053204,True
2015-10-26 17:00:00,13.958949420744894,-0.13073390884053204,True
2016-01-05 16:00:00,13.978833459205616,-0.13073390884053204,True
2016-12-30 09:00:00,13.977946644867602,-0.13073390884053204,True
2017-11-25 03:00:00,13.95138618779571,-0.13073390884053204,True
2016-12-01 14:00:00,13.945880042572057,-0.13073390884053204,True
2014-11-07 19:00:00,13.954305892673494,-0.13073390884053204,True
2017-12-08 07:00:00,13.98337972068746,-0.13073390884053204,True
2012-11-18 11:00:00,13.951859515445364,-0.13073390884053204,True
2014-01-08 15:00:00,13.979806850632828,-0.13073390884053204,True
2017-01-02 13:00:00,13.984491564524976,-0.13073390884053204,True
2017-01-13 17:00:00,13.945068585896903,-0.13073390884053204,True
2017-12-06 07:00:00,13.9827363908256,-0.13073390884053204,True
2017-12-07 18:00:00,13.946523477454347,-0.13073390884053204,True
2015-11-23 21:00:00,13.944947035300494,-0.13073390884053204,True
2018-01-14 03:00:00,13.98151162140093,-0.13073390884053204,True
2016-12-02 04:00:00,13.956511181356245,-0.13073390884053204,True
2017-01-07 04:00:00,13.946959227425149,-0.13073390884053204,True
2018-01-27 11:00:00,13.950980960915285,-0.13073390884053204,True
2017-12-05 16:00:00,13.985084999472356,-0.13073390884053204,True
2016-01-15 06:00:00,13.979718157302734,-0.13073390884053204,True
2014-12-03 06:00:00,13.975806236679333,-0.13073390884053204,True
2012-11-21 07:00:00,13.959613756737944,-0.13073390884053204,True
2016-01-19 11:00:00,13.97851672285788,-0.13073390884053204,True
2015-10-26 20:00:00,13.956074734035644,-0.13073390884053204,True
2016-12-07 21:00:00,13.946104398676596,-0.13073390884053204,True
2017-01-05 23:00:00,13.98279432782488,-0.13073390884053204,True
2016-12-11 04:00:00,13.952386689980688,-0.13073390884053204,True
2014-12-01 22:00:00,13.953458006169898,-0.13073390884053204,True
2007-11-28 04:00:00,-0.748962826635858,-0.1304669457630171,True
2014-12-01 05:00:00,13.969162771284289,-0.1302640474765865,True
2017-01-12 08:00:00,13.965194993448517,-0.1302640474765865,True
2017-12-06 02:00:00,13.967591751341542,-0.1302640474765865,True
2017-12-05 22:00:00,13.962675791854368,-0.1302640474765865,True
2017-01-22 06:00:00,13.942508847207677,-0.1302640474765865,True
2016-12-13 03:00:00,13.941544403858192,-0.1302640474765865,True
2017-12-06 20:00:00,13.968105171098983,-0.1302640474765865,True
2014-11-10 17:00:00,13.967231876567851,-0.1302640474765865,True
2007-11-24 20:00:00,-0.7431024911457554,-0.12999726496154662,True
2007-11-25 22:00:00,-0.7237687042254799,-0.12999726496154662,True
2013-01-21 23:00:00,-0.7266459142981448,-0.12999726496154662,True
2016-11-17 19:00:00,13.936200464860676,-0.12979450390689007,True
2016-12-09 01:00:00,13.937356010201668,-0.12979450390689007,True
2016-11-29 09:00:00,13.93723239578432,-0.12979450390689007,True
2017-12-06 12:00:00,13.9383426691423,-0.12979450390689007,True
2017-11-24 16:00:00,13.936755221628804,-0.12979450390689007,True
2016-12-12 00:00:00,13.937002391974255,-0.12979450390689007,True
2016-12-11 14:00:00,13.938321299030704,-0.12979450390689007,True
2014-12-02 06:00:00,13.932251472800006,-0.12932527791650017,True
2017-01-08 15:00:00,13.912548464971378,-0.12932527791650017,True
2016-12-29 16:00:00,13.91363130764966,-0.12932527791650017,True
2016-12-11 02:00:00,13.934988641891366,-0.12932527791650017,True
2016-12-12 05:00:00,13.912839296067435,-0.12932527791650017,True
2014-11-10 16:00:00,13.913019841230009,-0.12932527791650017,True
2017-01-21 23:00:00,13.92179421984716,-0.12932527791650017,True
2016-01-14 12:00:00,13.92377089892632,-0.12932527791650017,True
2016-12-10 18:00:00,13.928121352343528,-0.12932527791650017,True
2014-12-02 01:00:00,13.911468274510446,-0.12932527791650017,True
2016-12-10 23:00:00,13.915587565205426,-0.12932527791650017,True
2012-11-20 19:00:00,13.928625903786523,-0.12932527791650017,True
2017-01-16 08:00:00,13.92597993022638,-0.12932527791650017,True
2016-12-03 21:00:00,13.92485047466828,-0.12932527791650017,True
2015-11-17 07:00:00,13.922020334119658,-0.12932527791650017,True
2017-12-06 22:00:00,13.911512403037918,-0.12932527791650017,True
2017-01-26 17:00:00,13.920025620010763,-0.12932527791650017,True
2016-12-03 11:00:00,13.933728916894404,-0.12932527791650017,True
2016-12-08 14:00:00,13.910367777160651,-0.12932527791650017,True
2017-01-24 06:00:00,13.928863868044925,-0.12932527791650017,True
2017-01-18 22:00:00,13.929231533711018,-0.12932527791650017,True
2016-12-01 11:00:00,13.906177795083616,-0.12838777781459676,True
2017-11-24 21:00:00,13.909499817051218,-0.12838777781459676,True
2012-11-21 17:00:00,13.908804281812778,-0.12838777781459676,True
2016-12-02 21:00:00,13.906367389227963,-0.12838777781459676,True
2017-11-29 06:00:00,13.905764229132036,-0.12838777781459676,True
2012-11-21 00:00:00,13.907393721513891,-0.12838777781459676,True
2013-01-21 18:00:00,-0.6867178477623347,-0.127653621741039,True
2007-11-26 22:00:00,-0.6353478198483378,-0.127653621741039,True
2007-11-28 06:00:00,-0.6590950503564751,-0.127653621741039,True
2007-11-26 20:00:00,-0.6259788004498957,-0.127653621741039,True
2007-11-27 01:00:00,-0.6525960014986566,-0.127653621741039,True
2007-11-28 16:00:00,-0.6177184580244172,-0.127653621741039,True
2007-11-26 12:00:00,-0.6419204320634169,-0.127653621741039,True
2007-11-26 05:00:00,-0.6261621985690838,-0.127653621741039,True
2007-11-27 18:00:00,-0.6297082544858079,-0.127653621741039,True
2007-11-25 00:00:00,-0.6679617498254232,-0.127653621741039,True
2007-11-24 17:00:00,-0.648374780106701,-0.127653621741039,True
2007-11-28 01:00:00,-0.6766666173482863,-0.127653621741039,True
2017-01-01 05:00:00,13.875266055331778,-0.1274515454542421,True
2017-12-26 19:00:00,13.904035420033493,-0.1274515454542421,True
2016-12-30 07:00:00,13.874297181901698,-0.1274515454542421,True
2016-12-01 16:00:00,13.899673098209464,-0.1274515454542421,True
2017-01-08 02:00:00,13.896938547367904,-0.1274515454542421,True
2017-12-20 11:00:00,13.88663539676196,-0.1274515454542421,True
2012-11-18 21:00:00,13.878254565136835,-0.1274515454542421,True
2017-11-24 20:00:00,13.872228427085467,-0.1274515454542421,True
2012-11-18 07:00:00,13.900547340952542,-0.1274515454542421,True
2016-12-31 12:00:00,13.90115149425818,-0.1274515454542421,True
2017-12-07 08:00:00,13.901224901239152,-0.1274515454542421,True
2016-11-24 08:00:00,13.881852495997803,-0.1274515454542421,True
2013-11-08 21:00:00,13.882127003428089,-0.1274515454542421,True
2017-11-18 20:00:00,13.892096400048963,-0.1274515454542421,True
2016-12-09 06:00:00,13.861085027883616,-0.1274515454542421,True
2017-01-06 06:00:00,13.880350600035706,-0.1274515454542421,True
2016-12-10 04:00:00,13.86343813671168,-0.1274515454542421,True
2016-12-13 08:00:00,13.868540582784686,-0.1274515454542421,True
2015-12-02 21:00:00,13.870285600673029,-0.1274515454542421,True
2017-01-13 22:00:00,13.903290433195126,-0.1274515454542421,True
2017-01-13 15:00:00,13.87171735405624,-0.1274515454542421,True
2016-12-02 10:00:00,13.897109111017256,-0.1274515454542421,True
2016-12-03 01:00:00,13.89572356094643,-0.1274515454542421,True
2015-11-24 13:00:00,13.892606705918222,-0.1274515454542421,True
2016-12-30 02:00:00,13.886415701098349,-0.1274515454542421,True
2016-12-12 22:00:00,13.874691671112824,-0.1274515454542421,True
2017-01-02 08:00:00,13.860609323904775,-0.1274515454542421,True
2017-12-27 21:00:00,13.86454884493476,-0.1274515454542421,True
2017-12-04 10:00:00,13.868049712028478,-0.1274515454542421,True
2016-12-08 09:00:00,13.894926858082831,-0.1274515454542421,True
2017-12-04 15:00:00,13.903929100113425,-0.1274515454542421,True
2017-12-07 03:00:00,13.866903829996776,-0.1274515454542421,True
2013-01-22 04:00:00,-0.6038260398485306,-0.12718584375232034,True
2007-11-27 13:00:00,-0.5895042542424247,-0.12718584375232034,True
2007-11-24 15:00:00,-0.5962194037877848,-0.12718584375232034,True
2007-11-28 11:00:00,-0.6053023300854826,-0.12718584375232034,True
2013-01-21 16:00:00,-0.6136130733904052,-0.12718584375232034,True
2007-11-26 10:00:00,-0.6082832027945267,-0.12718584375232034,True
2016-12-12 17:00:00,13.85373743606312,-0.1269839041413321,True
2014-11-10 18:00:00,13.852631987397368,-0.1269839041413321,True
2016-12-29 21:00:00,13.857522228094588,-0.1269839041413321,True
2016-01-19 01:00:00,13.853561490554178,-0.1269839041413321,True
2015-11-17 11:00:00,13.857143496260427,-0.1269839041413321,True
2012-11-21 12:00:00,13.852621047786606,-0.1269839041413321,True
2017-01-02 12:00:00,13.847649959983366,-0.1269839041413321,True
2017-01-07 18:00:00,13.858775110689292,-0.1269839041413321,True
2017-01-24 08:00:00,13.859634457967,-0.1269839041413321,True
2016-12-02 05:00:00,13.849109449805718,-0.12651657912112302,True
2012-11-19 23:00:00,13.847070351590636,-0.12651657912112302,True
2017-12-04 17:00:00,13.849296674004195,-0.12651657912112302,True
2017-12-30 04:00:00,13.848242497725124,-0.12651657912112302,True
2014-12-02 10:00:00,13.842205640412772,-0.12651657912112302,True
2017-01-05 16:00:00,13.839713648663638,-0.12651657912112302,True
2018-01-12 07:00:00,13.846833139112178,-0.12651657912112302,True
2017-12-04 05:00:00,13.833835377187354,-0.12604957017968788,True
2016-11-29 12:00:00,13.82750070859058,-0.12604957017968788,True
2012-11-20 11:00:00,13.831999412309424,-0.12604957017968788,True
2016-01-06 09:00:00,13.83422041552699,-0.12604957017968788,True
2016-12-04 07:00:00,13.827163747982937,-0.12604957017968788,True
2018-01-14 02:00:00,13.839135392654018,-0.12604957017968788,True
2014-01-08 05:00:00,13.833169978574364,-0.12604957017968788,True
2017-01-01 10:00:00,13.832745776183732,-0.12604957017968788,True
2013-11-11 22:00:00,13.837487903078902,-0.12604957017968788,True
2007-11-27 08:00:00,-0.5789055426621403,-0.12578440724120743,True
2007-11-25 14:00:00,-0.4101153531533542,-0.12578440724120743,True
2007-11-25 19:00:00,-0.313852551718513,-0.12578440724120743,True
2007-11-26 15:00:00,-0.5590496250760381,-0.12578440724120743,True
2007-11-25 04:00:00,-0.3656953409631396,-0.12578440724120743,True
2007-11-24 23:00:00,-0.3468959105951516,-0.12578440724120743,True
2007-11-25 07:00:00,-0.4859178302395283,-0.12578440724120743,True
2007-11-25 09:00:00,-0.4475375103901008,-0.12578440724120743,True
2013-01-25 06:00:00,-0.5475599384225156,-0.12578440724120743,True
2013-01-22 02:00:00,-0.5447183021737577,-0.12578440724120743,True
2007-11-27 02:00:00,-0.5267107204504725,-0.12578440724120743,True
2007-11-26 00:00:00,-0.5474989154487996,-0.12578440724120743,True
2007-11-29 23:00:00,-0.3020257382926117,-0.12578440724120743,True
2007-11-26 17:00:00,-0.5669419068214762,-0.12578440724120743,True
2007-11-25 02:00:00,-0.3383401995492945,-0.12578440724120743,True
2007-11-27 03:00:00,-0.4008254394022885,-0.12578440724120743,True
2007-11-25 17:00:00,-0.5782577634796521,-0.12578440724120743,True
2007-11-25 12:00:00,-0.5800481138489996,-0.12578440724120743,True
2007-11-24 19:00:00,-0.2919990752451446,-0.12485169530824858,True
2016-12-29 06:00:00,13.825388157996173,-0.1245538194703989,True
2015-12-01 04:00:00,13.80365929801528,-0.1245538194703989,True
2017-01-05 08:00:00,13.798189112161907,-0.1245538194703989,True
2016-01-19 06:00:00,13.822643043626751,-0.1245538194703989,True
2015-11-24 21:00:00,13.81850295042416,-0.1245538194703989,True
2015-01-07 19:00:00,13.816291382207586,-0.1245538194703989,True
2017-01-06 17:00:00,13.796690776510587,-0.1245538194703989,True
2016-01-18 22:00:00,13.792317618767656,-0.1245538194703989,True
2012-11-19 04:00:00,13.789620550406877,-0.1245538194703989,True
2017-01-07 16:00:00,13.812391305158885,-0.1245538194703989,True
2016-11-23 06:00:00,13.82164710904534,-0.1245538194703989,True
2012-11-19 00:00:00,13.810384772911274,-0.1245538194703989,True
2016-11-17 12:00:00,13.787622663339508,-0.1245538194703989,True
2016-12-12 10:00:00,13.787619600550975,-0.1245538194703989,True
2016-12-04 17:00:00,13.805667196460456,-0.1245538194703989,True
2016-11-24 05:00:00,13.795002308933787,-0.1245538194703989,True
2016-12-30 17:00:00,13.814812971033524,-0.1245538194703989,True
2016-12-31 08:00:00,13.81663658170864,-0.1245538194703989,True
2016-12-10 13:00:00,13.823652968409364,-0.1245538194703989,True
2015-12-01 14:00:00,13.793589177645822,-0.1245538194703989,True
2015-12-01 09:00:00,13.81807856753988,-0.1245538194703989,True
2016-12-03 02:00:00,13.804094822228398,-0.1245538194703989,True
2015-11-30 12:00:00,13.819907507796664,-0.1245538194703989,True
2017-01-12 10:00:00,13.78997413618155,-0.1245538194703989,True
2016-01-13 19:00:00,13.7962836705088,-0.1245538194703989,True
2016-12-31 03:00:00,13.82043876068166,-0.1245538194703989,True
2016-11-15 16:00:00,13.783445435858312,-0.12315771991591618,True
2016-12-02 00:00:00,13.783453792390974,-0.12315771991591618,True
2016-11-18 04:00:00,13.78488830669209,-0.12315771991591618,True
2016-12-12 02:00:00,13.785656737979224,-0.12315771991591618,True
2016-11-24 00:00:00,13.761607499880256,-0.12315771991591618,True
2015-12-02 02:00:00,13.762221465881266,-0.12315771991591618,True
2007-11-27 22:00:00,-0.1738887924628097,-0.12299005353690717,True
2007-11-24 12:00:00,-0.2385013697697434,-0.12299005353690717,True
2013-01-25 09:00:00,-0.1968401803831974,-0.12299005353690717,True
2013-01-21 20:00:00,-0.1716877538628402,-0.12299005353690717,True
2013-01-22 01:00:00,-0.2204557466022169,-0.12299005353690717,True
2016-12-01 21:00:00,13.751995652509647,-0.12269298276403606,True
2015-01-07 09:00:00,13.753809043025,-0.12269298276403606,True
2017-11-24 08:00:00,13.771756579236946,-0.12269298276403606,True
2015-12-03 12:00:00,13.749795448495364,-0.12269298276403606,True
2017-01-16 03:00:00,13.761289045456405,-0.12269298276403606,True
2015-12-01 00:00:00,13.751603944704064,-0.12269298276403606,True
2017-01-05 13:00:00,13.744437387164052,-0.12269298276403606,True
2014-12-03 04:00:00,13.75104625605132,-0.12269298276403606,True
2017-12-12 20:00:00,13.754154068612598,-0.12269298276403606,True
2017-11-18 11:00:00,13.753560270077797,-0.12269298276403606,True
2016-12-11 07:00:00,13.743715626611474,-0.12269298276403606,True
2017-01-04 20:00:00,13.752226302279412,-0.12269298276403606,True
2017-01-02 03:00:00,13.76544984547506,-0.12269298276403606,True
2012-11-20 06:00:00,13.744689138401563,-0.12269298276403606,True
2017-11-25 15:00:00,13.75695441405466,-0.12269298276403606,True
2015-11-30 13:00:00,13.747437958702998,-0.12269298276403606,True
2012-11-21 05:00:00,13.751146614863384,-0.12269298276403606,True
2017-11-25 02:00:00,13.754576659929896,-0.12269298276403606,True
2017-12-26 17:00:00,13.748832768192232,-0.12269298276403606,True
2015-01-22 02:00:00,13.75376545638142,-0.12269298276403606,True
2012-11-19 08:00:00,13.774803138208284,-0.12213228153129074,True
2017-01-21 14:00:00,13.773203629072512,-0.12213228153129074,True
2015-12-01 05:00:00,13.774436986699802,-0.12213228153129074,True
2016-01-19 10:00:00,13.777286820826044,-0.12213228153129074,True
2017-01-16 15:00:00,13.778041814965873,-0.12213228153129074,True
2017-12-05 06:00:00,13.77603610444734,-0.12213228153129074,True
2017-12-08 10:00:00,13.776544318397823,-0.12213228153129074,True
2015-11-24 02:00:00,13.77848788979099,-0.12213228153129074,True
2017-11-15 13:00:00,13.776864990307647,-0.12213228153129074,True
2013-01-21 19:00:00,-0.0981525470359242,-0.12159712483119822,True
2013-01-21 13:00:00,-0.1025791634016838,-0.12159712483119822,True
2012-12-01 17:00:00,-0.0685979656056958,-0.12113344319948038,True
2013-01-25 04:00:00,-0.060198972979582,-0.12113344319948038,True
2007-11-24 21:00:00,-0.0571754390025148,-0.12113344319948038,True
2007-11-24 18:00:00,-0.075044461436371,-0.12113344319948038,True
2013-01-22 00:00:00,-0.0569421666552122,-0.12113344319948038,True
2013-01-25 11:00:00,-0.0568390052657658,-0.12113344319948038,True
2015-11-17 03:00:00,13.723271435770512,-0.12044269607020619,True
2017-01-19 02:00:00,13.723601011576292,-0.12044269607020619,True
2016-11-17 17:00:00,13.728097565539413,-0.12044269607020619,True
2013-11-06 20:00:00,13.668531320793194,-0.12044269607020619,True
2017-01-18 17:00:00,13.732229391783948,-0.12044269607020619,True
2017-01-08 04:00:00,13.723993929128795,-0.12044269607020619,True
2014-12-01 07:00:00,13.678942277072096,-0.12044269607020619,True
2015-12-03 07:00:00,13.7057185407429,-0.12044269607020619,True
2015-01-07 17:00:00,13.732737244119868,-0.12044269607020619,True
2015-01-08 00:00:00,13.723404469880991,-0.12044269607020619,True
2017-11-19 01:00:00,13.68205438524602,-0.12044269607020619,True
2016-01-04 18:00:00,13.735589019643426,-0.12044269607020619,True
2017-01-13 07:00:00,13.676428296999482,-0.12044269607020619,True
2015-01-21 23:00:00,13.673031344630616,-0.12044269607020619,True
2016-01-05 04:00:00,13.667689850091598,-0.12044269607020619,True
2015-12-01 17:00:00,13.724034864806429,-0.12044269607020619,True
2017-12-04 12:00:00,13.724283765742952,-0.12044269607020619,True
2014-12-03 09:00:00,13.679991448567815,-0.12044269607020619,True
2016-12-30 12:00:00,13.681476712596169,-0.12044269607020619,True
2016-12-29 01:00:00,13.740498367829664,-0.12044269607020619,True
2014-12-02 15:00:00,13.741639100621088,-0.12044269607020619,True
2017-01-06 18:00:00,13.727671248184809,-0.12044269607020619,True
2017-01-05 06:00:00,13.670450754459162,-0.12044269607020619,True
2017-01-05 21:00:00,13.73099370372706,-0.12044269607020619,True
2014-11-17 13:00:00,13.724884490747543,-0.12044269607020619,True
2016-12-30 04:00:00,13.725041062452036,-0.12044269607020619,True
2016-12-31 02:00:00,13.73112329310892,-0.12044269607020619,True
2016-01-14 00:00:00,13.74277633868708,-0.12044269607020619,True
2016-12-31 18:00:00,13.735035653319716,-0.12044269607020619,True
2012-11-18 05:00:00,13.732975059695196,-0.12044269607020619,True
2015-01-07 14:00:00,13.735742403570413,-0.12044269607020619,True
2017-01-14 19:00:00,13.67038745294703,-0.12044269607020619,True
2016-11-23 13:00:00,13.74305167333138,-0.12044269607020619,True
2017-11-24 11:00:00,13.72643974459866,-0.12044269607020619,True
2015-01-06 16:00:00,13.670470614490965,-0.12044269607020619,True
2016-12-10 03:00:00,13.731580010133465,-0.12044269607020619,True
2013-01-21 14:00:00,-0.0275218253025925,-0.12020702056755184,True
2013-01-25 08:00:00,-0.0382692838150364,-0.12020702056755184,True
2007-11-24 10:00:00,-0.0315729271222434,-0.12020702056755184,True
2015-11-17 14:00:00,13.709509875564567,-0.11997979524501834,True
2015-12-03 17:00:00,13.7083900481398,-0.11997979524501834,True
2013-11-11 21:00:00,13.684150166226829,-0.11997979524501834,True
2016-01-14 10:00:00,13.713713424590956,-0.11997979524501834,True
2016-01-04 23:00:00,13.664378200034212,-0.11997979524501834,True
2016-01-05 19:00:00,13.715980618110535,-0.11997979524501834,True
2016-01-06 00:00:00,13.711190664920082,-0.11997979524501834,True
2015-10-21 21:00:00,13.712565571298413,-0.11997979524501834,True
2017-12-05 05:00:00,13.706525086552643,-0.11997979524501834,True
2015-12-01 19:00:00,13.705257230922305,-0.11997979524501834,True
2016-12-29 11:00:00,13.702114879895156,-0.11997979524501834,True
2017-12-06 03:00:00,13.68970547480157,-0.11997979524501834,True
2017-11-18 07:00:00,13.718967180382064,-0.11997979524501834,True
2014-12-03 16:00:00,13.686393987676814,-0.11997979524501834,True
2017-11-25 10:00:00,13.691428161041213,-0.11997979524501834,True
2018-01-03 10:00:00,13.68947517592677,-0.11997979524501834,True
2015-12-02 19:00:00,13.69267584879304,-0.11997979524501834,True
2016-01-05 14:00:00,13.690416759937897,-0.11997979524501834,True
2017-12-07 13:00:00,13.721514727820235,-0.11997979524501834,True
2017-01-11 17:00:00,13.711048969229669,-0.11997979524501834,True
2017-01-25 20:00:00,13.684830834889857,-0.11997979524501834,True
2016-12-13 18:00:00,13.707743570720671,-0.11997979524501834,True
2017-11-25 20:00:00,13.664277455215355,-0.11997979524501834,True
2017-01-14 16:00:00,13.703737640561233,-0.11997979524501834,True
2016-12-10 08:00:00,13.705270655037026,-0.11997979524501834,True
2004-12-17 23:00:00,0.0742637890228555,-0.11974427914325358,True
2006-07-25 19:00:00,0.0742637890228555,-0.11974427914325358,True
2013-01-22 09:00:00,0.0535743854060377,-0.11974427914325358,True
2017-08-05 10:00:00,0.0398253850700408,-0.11974427914325358,True
2013-01-21 11:00:00,0.054204961189307,-0.11974427914325358,True
2013-01-21 15:00:00,-0.008635024795533,-0.11974427914325358,True
2013-06-17 09:00:00,0.0742637890228555,-0.11974427914325358,True
2015-04-08 22:00:00,0.0742637890228555,-0.11974427914325358,True
2014-06-12 16:00:00,0.0742637890228555,-0.11974427914325358,True
2013-08-07 18:00:00,0.0713939220267876,-0.11974427914325358,True
2006-03-27 18:00:00,0.0742637890228555,-0.11974427914325358,True
2006-07-10 23:00:00,0.0742637890228555,-0.11974427914325358,True
2015-08-24 17:00:00,0.0742637890228555,-0.11974427914325358,True
2016-07-18 08:00:00,0.0796507701400817,-0.11974427914325358,True
2016-12-04 12:00:00,13.642710093545,-0.11951720750626715,True
2016-12-29 23:00:00,13.645180996555949,-0.11951720750626715,True
2014-12-02 23:00:00,13.657696702697644,-0.11951720750626715,True
2014-12-03 01:00:00,13.647766383874592,-0.11951720750626715,True
2014-12-02 05:00:00,13.649399264488158,-0.11951720750626715,True
2017-01-07 13:00:00,13.634625413986036,-0.11951720750626715,True
2016-11-18 01:00:00,13.656877442852538,-0.11951720750626715,True
2016-12-12 20:00:00,13.640914236490106,-0.11951720750626715,True
2017-01-06 07:00:00,13.653704361694516,-0.11951720750626715,True
2017-01-06 02:00:00,13.638033484786384,-0.11951720750626715,True
2016-12-08 03:00:00,13.65959841206085,-0.11951720750626715,True
2016-01-14 02:00:00,13.64824558148734,-0.11951720750626715,True
2016-12-03 07:00:00,13.654771804021204,-0.11951720750626715,True
2017-01-07 08:00:00,13.657274901936804,-0.11951720750626715,True
2017-12-05 11:00:00,13.647354908354812,-0.11951720750626715,True
2017-01-11 22:00:00,13.635150423140953,-0.11951720750626715,True
2018-01-17 03:00:00,13.632844768998648,-0.11951720750626715,True
2016-12-04 00:00:00,13.631734708904672,-0.11951720750626715,True
2016-12-11 17:00:00,13.654905720016188,-0.11951720750626715,True
2017-01-14 17:00:00,13.644366050821118,-0.11951720750626715,True
2016-01-05 11:00:00,13.634439331096662,-0.11951720750626715,True
2016-01-06 10:00:00,13.648164428175187,-0.11951720750626715,True
2016-12-09 22:00:00,13.639693147477956,-0.11951720750626715,True
2016-11-24 01:00:00,13.648822513940976,-0.11951720750626715,True
2016-12-09 11:00:00,13.633317330874316,-0.11951720750626715,True
2016-12-27 00:00:00,13.632169809490655,-0.11951720750626715,True
2012-11-21 19:00:00,13.634896934310689,-0.11951720750626715,True
2017-01-08 09:00:00,13.656543698422428,-0.11951720750626715,True
2018-01-26 04:00:00,13.637412271683049,-0.11951720750626715,True
2017-01-26 16:00:00,13.647602286102384,-0.11951720750626715,True
2016-12-29 18:00:00,13.65968651904465,-0.11951720750626715,True
2012-11-21 22:00:00,13.696003853996205,-0.11905493264219424,True
2016-12-28 18:00:00,13.69744841115505,-0.11905493264219424,True
2016-12-10 09:00:00,13.700758359305697,-0.11905493264219424,True
2016-11-18 02:00:00,13.700564885260308,-0.11905493264219424,True
2017-01-21 22:00:00,13.698031798531838,-0.11905493264219424,True
2016-12-12 15:00:00,13.698815239003274,-0.11905493264219424,True
2016-12-12 12:00:00,13.693264381637045,-0.11905493264219424,True
2017-12-05 01:00:00,13.699650286779304,-0.11905493264219424,True
2016-12-13 13:00:00,13.693939538455082,-0.11905493264219424,True
2017-01-22 17:00:00,13.697124669489998,-0.11905493264219424,True
2017-01-06 01:00:00,13.69980392416676,-0.11905493264219424,True
2018-01-14 01:00:00,13.69675916390711,-0.11905493264219424,True
2016-12-02 09:00:00,13.694244457220464,-0.11905493264219424,True
2016-12-12 07:00:00,13.630412918463604,-0.1181313206917658,True
2016-01-05 09:00:00,13.630408741608049,-0.1181313206917658,True
2017-01-16 10:00:00,13.63071291270892,-0.1181313206917658,True
2009-09-16 00:00:00,0.0864683633970539,-0.11789644111616848,True
2007-11-24 14:00:00,0.0990416164358001,-0.11789644111616848,True
2012-12-01 05:00:00,0.1084365972706109,-0.11789644111616848,True
2008-05-21 21:00:00,0.1084365972706109,-0.11789644111616848,True
2007-11-30 00:00:00,0.0919458136233611,-0.11789644111616848,True
2011-04-29 00:00:00,0.1084365972706109,-0.11789644111616848,True
2007-05-19 15:00:00,0.1084365972706109,-0.11789644111616848,True
2008-09-20 02:00:00,0.1084365972706109,-0.11789644111616848,True
2008-08-09 22:00:00,0.0937911080215729,-0.11789644111616848,True
2008-09-13 22:00:00,0.1084365972706109,-0.11789644111616848,True
2007-07-17 16:00:00,0.148527578045711,-0.11743526246957026,True
2016-08-17 18:00:00,0.1423503113134453,-0.11743526246957026,True
2008-08-14 04:00:00,0.1423503113134453,-0.11743526246957026,True
2011-07-26 18:00:00,0.148527578045711,-0.11743526246957026,True
2018-09-12 12:00:00,0.1423503113134453,-0.11743526246957026,True
2016-06-18 16:00:00,0.1423503113134453,-0.11743526246957026,True
2007-07-17 17:00:00,0.148527578045711,-0.11743526246957026,True
2013-01-21 22:00:00,0.1351950286648765,-0.11743526246957026,True
2007-03-31 17:00:00,0.1310457399658339,-0.11743526246957026,True
2012-12-01 04:00:00,0.1287848256963115,-0.11743526246957026,True
2012-11-30 08:00:00,0.148527578045711,-0.11743526246957026,True
2010-03-31 21:00:00,0.148527578045711,-0.11743526246957026,True
2016-05-09 13:00:00,0.1423503113134453,-0.11743526246957026,True
2008-05-20 18:00:00,0.1523245567399061,-0.11743526246957026,True
2007-11-24 13:00:00,0.1453627717082321,-0.11743526246957026,True
2008-03-28 20:00:00,0.1423503113134453,-0.11743526246957026,True
2006-10-05 15:00:00,0.1423503113134453,-0.11743526246957026,True
2011-07-26 20:00:00,0.148527578045711,-0.11743526246957026,True
2011-07-26 19:00:00,0.148527578045711,-0.11743526246957026,True
2005-07-26 00:00:00,0.148527578045711,-0.11743526246957026,True
2018-09-09 09:00:00,0.148527578045711,-0.11743526246957026,True
2014-01-08 10:00:00,13.600761003835652,-0.11674824404048145,True
2014-11-17 18:00:00,13.604035483537569,-0.11674824404048145,True
2018-01-27 12:00:00,13.612685367513237,-0.11674824404048145,True
2016-01-15 12:00:00,13.608696707868283,-0.11674824404048145,True
2017-01-12 05:00:00,13.626656057013614,-0.11674824404048145,True
2014-12-03 11:00:00,13.61816727847136,-0.11674824404048145,True
2017-11-15 16:00:00,13.613138378370008,-0.11674824404048145,True
2017-12-30 03:00:00,13.603189871208096,-0.11674824404048145,True
2012-11-20 02:00:00,13.611237645162715,-0.11674824404048145,True
2015-01-07 12:00:00,13.618644045174443,-0.11674824404048145,True
2016-01-14 23:00:00,13.610304539099417,-0.11674824404048145,True
2016-12-14 16:00:00,13.606971714390989,-0.11674824404048145,True
2016-12-09 17:00:00,13.614538637358628,-0.11674824404048145,True
2017-01-12 22:00:00,13.605245201630972,-0.11674824404048145,True
2017-01-14 15:00:00,13.611676655442116,-0.11674824404048145,True
2017-12-15 11:00:00,13.60005761162451,-0.11674824404048145,True
2016-12-08 08:00:00,13.627138600508282,-0.11674824404048145,True
2012-11-20 12:00:00,13.599776165083004,-0.11674824404048145,True
2016-12-08 18:00:00,13.60400723484582,-0.11674824404048145,True
2017-11-18 16:00:00,13.613038733213214,-0.11674824404048145,True
2017-01-19 13:00:00,13.585720994387922,-0.11628784198556641,True
2013-01-22 07:00:00,0.1546744166988449,-0.11605359721580588,True
2012-11-30 07:00:00,0.1650306422730122,-0.11605359721580588,True
2007-11-28 22:00:00,0.1546484439299248,-0.11605359721580588,True
2009-08-13 03:00:00,0.1593015402801635,-0.11605359721580588,True
2006-07-10 22:00:00,0.1585784040009333,-0.11605359721580588,True
2016-07-18 07:00:00,0.1593015402801635,-0.11605359721580588,True
2017-01-12 17:00:00,13.586849972641904,-0.11582775132702605,True
2015-11-24 07:00:00,13.622066021637565,-0.11582775132702605,True
2016-01-18 20:00:00,13.621149028076804,-0.11582775132702605,True
2017-01-21 18:00:00,13.590469910225105,-0.11536797185424508,True
2016-12-28 03:00:00,13.590537480176616,-0.11536797185424508,True
2015-11-17 16:00:00,13.592528579274328,-0.11536797185424508,True
2013-11-04 20:00:00,13.587155525862055,-0.11536797185424508,True
2016-01-14 18:00:00,13.589610526560204,-0.11536797185424508,True
2014-12-02 20:00:00,13.58826336078711,-0.11536797185424508,True
2017-01-06 23:00:00,13.594590847653114,-0.11536797185424508,True
2015-12-03 02:00:00,13.596850310281868,-0.11536797185424508,True
2017-12-05 10:00:00,13.58954954081146,-0.11536797185424508,True
2012-11-20 07:00:00,13.59052857711398,-0.11536797185424508,True
2017-12-20 10:00:00,13.598675058208496,-0.11536797185424508,True
2017-01-13 02:00:00,13.597141924660145,-0.11536797185424508,True
2008-06-05 05:00:00,0.176011432651497,-0.11513404384373249,True
2015-07-07 19:00:00,0.176011432651497,-0.11513404384373249,True
2016-05-11 16:00:00,0.176011432651497,-0.11513404384373249,True
2012-11-30 06:00:00,0.1815337065003135,-0.11513404384373249,True
2013-09-06 02:00:00,0.176011432651497,-0.11513404384373249,True
2007-12-24 07:00:00,0.1826944386781784,-0.11513404384373249,True
2004-09-17 09:00:00,0.176011432651497,-0.11513404384373249,True
2016-09-07 12:00:00,0.176011432651497,-0.11513404384373249,True
2012-11-20 01:00:00,13.58491115582602,-0.11490850335675074,True
2016-12-15 19:00:00,13.578995147564006,-0.11399049844644193,True
2015-10-21 20:00:00,13.57535548806757,-0.11399049844644193,True
2017-01-06 22:00:00,13.574821232574935,-0.11399049844644193,True
2015-12-02 07:00:00,13.576516160288994,-0.11399049844644193,True
2017-11-25 08:00:00,13.583830163583963,-0.11399049844644193,True
2017-01-07 23:00:00,13.58235457212868,-0.11399049844644193,True
2014-12-02 11:00:00,13.574872014847696,-0.11399049844644193,True
2014-12-02 16:00:00,13.58005114322475,-0.11399049844644193,True
2016-12-13 01:00:00,13.580002006278509,-0.11399049844644193,True
2015-12-01 07:00:00,13.578179163835586,-0.11399049844644193,True
2017-11-24 18:00:00,13.56811782718956,-0.1135319616133933,True
2016-01-14 07:00:00,13.570566361659106,-0.1135319616133933,True
2016-12-31 19:00:00,13.56439103443403,-0.1135319616133933,True
2017-12-06 08:00:00,13.568901727236756,-0.1135319616133933,True
2017-12-05 20:00:00,13.568730376020133,-0.1135319616133933,True
2015-01-07 07:00:00,13.567235303583429,-0.1135319616133933,True
2016-01-15 02:00:00,13.563000315245702,-0.1135319616133933,True
2015-12-01 02:00:00,13.566663211760586,-0.1135319616133933,True
2016-12-04 19:00:00,13.561488059376686,-0.1135319616133933,True
2017-01-13 12:00:00,13.56522905733376,-0.1135319616133933,True
2016-12-11 21:00:00,13.568618420718437,-0.1135319616133933,True
2016-12-09 21:00:00,13.52303558078154,-0.11261581814198784,True
2012-11-19 13:00:00,13.41897541027143,-0.11261581814198784,True
2012-11-19 02:00:00,13.535230114547671,-0.11261581814198784,True
2017-11-24 13:00:00,13.540868689295165,-0.11261581814198784,True
2017-12-07 15:00:00,13.527552565903424,-0.11261581814198784,True
2017-01-12 21:00:00,13.534380244803693,-0.11261581814198784,True
2017-01-13 10:00:00,13.53814687645992,-0.11261581814198784,True
2016-11-24 06:00:00,13.41857792569804,-0.11261581814198784,True
2016-12-14 04:00:00,13.437219918521397,-0.11261581814198784,True
2016-12-26 09:00:00,13.429765336794492,-0.11261581814198784,True
2016-12-26 14:00:00,13.414648870892238,-0.11261581814198784,True
2016-01-06 05:00:00,13.549707897194072,-0.11261581814198784,True
2016-01-06 04:00:00,13.485033278565426,-0.11261581814198784,True
2015-11-30 14:00:00,13.483781422669663,-0.11261581814198784,True
2015-11-30 16:00:00,13.542100606153754,-0.11261581814198784,True
2016-12-14 06:00:00,13.497982342271287,-0.11261581814198784,True
2016-12-04 05:00:00,13.502580645718217,-0.11261581814198784,True
2015-01-22 01:00:00,13.510557722662602,-0.11261581814198784,True
2016-01-05 01:00:00,13.406957512149296,-0.11261581814198784,True
2015-11-30 21:00:00,13.497538348728492,-0.11261581814198784,True
2015-11-17 05:00:00,13.506916542445238,-0.11261581814198784,True
2016-01-18 15:00:00,13.502441365960284,-0.11261581814198784,True
2017-01-02 10:00:00,13.484172208063567,-0.11261581814198784,True
2017-01-05 03:00:00,13.509448222795651,-0.11261581814198784,True
2012-11-22 10:00:00,13.431679707611352,-0.11261581814198784,True
2016-12-13 05:00:00,13.42289812756905,-0.11261581814198784,True
2017-01-05 01:00:00,13.51965779885717,-0.11261581814198784,True
2016-12-09 07:00:00,13.488065561874755,-0.11261581814198784,True
2017-01-04 22:00:00,13.412128403194725,-0.11261581814198784,True
2017-01-04 15:00:00,13.53446035374792,-0.11261581814198784,True
2016-12-11 16:00:00,13.40763787542833,-0.11261581814198784,True
2016-12-11 12:00:00,13.559150422325208,-0.11261581814198784,True
2016-12-10 14:00:00,13.549653763262087,-0.11261581814198784,True
2017-01-02 05:00:00,13.483560524136829,-0.11261581814198784,True
2015-11-17 08:00:00,13.43644145868318,-0.11261581814198784,True
2017-01-05 11:00:00,13.527010299698295,-0.11261581814198784,True
2012-11-21 14:00:00,13.423370389640716,-0.11261581814198784,True
2012-11-21 10:00:00,13.488933505117847,-0.11261581814198784,True
2017-01-03 19:00:00,13.426934253405578,-0.11261581814198784,True
2014-12-01 08:00:00,13.489874161620252,-0.11261581814198784,True
2015-11-24 14:00:00,13.557466256902767,-0.11261581814198784,True
2016-12-02 19:00:00,13.55339134592944,-0.11261581814198784,True
2017-01-07 03:00:00,13.546369929467945,-0.11261581814198784,True
2017-01-21 17:00:00,13.518823567967903,-0.11261581814198784,True
2015-12-04 05:00:00,13.414675234528463,-0.11261581814198784,True
2016-11-24 10:00:00,13.412246565861592,-0.11261581814198784,True
2017-01-06 12:00:00,13.520817767902706,-0.11261581814198784,True
2018-01-13 23:00:00,13.41200670641329,-0.11261581814198784,True
2012-11-22 15:00:00,13.411245694002814,-0.11261581814198784,True
2012-11-22 20:00:00,13.417958074727528,-0.11261581814198784,True
2018-01-14 00:00:00,13.5543829351602,-0.11261581814198784,True
2016-01-19 13:00:00,13.55290845316236,-0.11261581814198784,True
2016-11-24 15:00:00,13.532359756713792,-0.11261581814198784,True
2016-11-24 13:00:00,13.528665620452914,-0.11261581814198784,True
2017-01-19 11:00:00,13.491382168184492,-0.11261581814198784,True
2017-11-20 02:00:00,13.437191018772616,-0.11261581814198784,True
2016-12-02 02:00:00,13.510581022950191,-0.11261581814198784,True
2015-01-06 06:00:00,13.49422958239668,-0.11261581814198784,True
2015-11-16 07:00:00,13.508676516528178,-0.11261581814198784,True
2016-01-15 15:00:00,13.512673465833382,-0.11261581814198784,True
2016-12-10 19:00:00,13.516075356023734,-0.11261581814198784,True
2017-01-04 05:00:00,13.414606267154126,-0.11261581814198784,True
2015-12-04 15:00:00,13.422357428355514,-0.11261581814198784,True
2017-11-18 23:00:00,13.507929528836826,-0.11261581814198784,True
2016-01-13 21:00:00,13.550710510895104,-0.11261581814198784,True
2016-01-14 05:00:00,13.555113958159565,-0.11261581814198784,True
2016-12-31 23:00:00,13.501291277012102,-0.11261581814198784,True
2015-11-24 23:00:00,13.429569643607294,-0.11261581814198784,True
2018-01-04 00:00:00,13.548164747305409,-0.11261581814198784,True
2012-11-19 21:00:00,13.529095863947331,-0.11261581814198784,True
2012-11-19 18:00:00,13.507772030092111,-0.11261581814198784,True
2017-01-05 20:00:00,13.557710823387824,-0.11261581814198784,True
2017-11-18 09:00:00,13.404587131949064,-0.11261581814198784,True
2014-12-01 13:00:00,13.502015391362074,-0.11261581814198784,True
2015-11-24 10:00:00,13.439183701796358,-0.11261581814198784,True
2017-11-25 17:00:00,13.483969522722813,-0.11261581814198784,True
2016-12-13 20:00:00,13.43216587870594,-0.11261581814198784,True
2016-12-13 23:00:00,13.436587055534934,-0.11261581814198784,True
2015-12-02 13:00:00,13.492284384863892,-0.11261581814198784,True
2017-12-07 06:00:00,13.555068652177416,-0.11261581814198784,True
2016-12-14 01:00:00,13.549049592788856,-0.11261581814198784,True
2016-12-14 21:00:00,13.550185283682568,-0.11261581814198784,True
2016-12-13 15:00:00,13.556745076019885,-0.11261581814198784,True
2014-10-31 21:00:00,13.525507854897782,-0.11261581814198784,True
2014-10-29 19:00:00,13.4138326936356,-0.11261581814198784,True
2016-01-13 14:00:00,13.414894911787044,-0.11261581814198784,True
2016-12-13 06:00:00,13.423854106298668,-0.11261581814198784,True
2016-12-15 07:00:00,13.428178254510517,-0.11261581814198784,True
2016-12-24 20:00:00,13.51286101728624,-0.11261581814198784,True
2017-12-06 19:00:00,13.54997894583432,-0.11261581814198784,True
2017-01-16 06:00:00,13.490250852488629,-0.11261581814198784,True
2017-12-27 22:00:00,13.518430320625754,-0.11261581814198784,True
2016-12-27 05:00:00,13.533981110888488,-0.11261581814198784,True
2014-12-04 09:00:00,13.438596001914624,-0.11261581814198784,True
2014-12-03 21:00:00,13.404419940670795,-0.11261581814198784,True
2014-12-05 05:00:00,13.43729622203107,-0.11261581814198784,True
2017-01-24 09:00:00,13.53658320621544,-0.11261581814198784,True
2015-12-03 09:00:00,13.55039519620077,-0.11261581814198784,True
2015-01-25 14:00:00,13.535206876088584,-0.11261581814198784,True
2016-12-17 03:00:00,13.430675622550377,-0.11261581814198784,True
2015-12-01 22:00:00,13.540544356853658,-0.11261581814198784,True
2017-01-24 04:00:00,13.418595324381974,-0.11261581814198784,True
2017-01-24 01:00:00,13.437579930683412,-0.11261581814198784,True
2016-01-15 04:00:00,13.53818938178001,-0.11261581814198784,True
2017-01-15 17:00:00,13.434638418402464,-0.11261581814198784,True
2017-12-05 18:00:00,13.41205583877202,-0.11261581814198784,True
2017-12-04 22:00:00,13.534621707485952,-0.11261581814198784,True
2017-12-05 15:00:00,13.482036908845188,-0.11261581814198784,True
2017-01-16 11:00:00,13.512866508343109,-0.11261581814198784,True
2017-11-15 14:00:00,13.515010945012865,-0.11261581814198784,True
2017-01-01 00:00:00,13.404512233982093,-0.11261581814198784,True
2017-01-01 04:00:00,13.508515451307463,-0.11261581814198784,True
2016-12-29 04:00:00,13.529232736974244,-0.11261581814198784,True
2016-12-08 13:00:00,13.517168761897034,-0.11261581814198784,True
2016-12-05 15:00:00,13.48934426323617,-0.11261581814198784,True
2012-11-20 17:00:00,13.493305147612304,-0.11261581814198784,True
2016-12-05 20:00:00,13.497763766116885,-0.11261581814198784,True
2016-12-08 04:00:00,13.557212315979584,-0.11261581814198784,True
2016-12-29 19:00:00,13.526155935624356,-0.11261581814198784,True
2016-12-28 15:00:00,13.42303789734058,-0.11261581814198784,True
2012-11-22 00:00:00,13.413745029764035,-0.11261581814198784,True
2012-11-22 03:00:00,13.539341051376375,-0.11261581814198784,True
2012-11-22 05:00:00,13.41114153847214,-0.11261581814198784,True
2016-12-28 08:00:00,13.53897064918978,-0.11261581814198784,True
2017-11-25 01:00:00,13.427667037616205,-0.11261581814198784,True
2016-12-31 13:00:00,13.523846362277595,-0.11261581814198784,True
2016-12-04 14:00:00,13.433522349535233,-0.11261581814198784,True
2017-01-22 01:00:00,13.558163289493544,-0.11261581814198784,True
2016-11-23 18:00:00,13.55340774522932,-0.11261581814198784,True
2016-12-11 22:00:00,13.487545408523346,-0.11261581814198784,True
2016-12-12 03:00:00,13.429403895784803,-0.11261581814198784,True
2016-12-27 02:00:00,13.537454354505751,-0.11261581814198784,True
2017-12-07 20:00:00,13.54657051096407,-0.11261581814198784,True
2017-11-25 07:00:00,13.433975848065286,-0.11261581814198784,True
2012-11-18 09:00:00,13.538298405627591,-0.11261581814198784,True
2017-12-07 01:00:00,13.553561741268473,-0.11261581814198784,True
2016-12-27 22:00:00,13.492230061017384,-0.11261581814198784,True
2017-12-07 23:00:00,13.411320349740784,-0.11261581814198784,True
2014-12-02 00:00:00,13.404084242466988,-0.11215821108424873,True
2017-12-07 05:00:00,13.45292079359526,-0.11215821108424873,True
2016-12-05 05:00:00,13.45301152945453,-0.11215821108424873,True
2017-12-06 18:00:00,13.447580604325294,-0.11215821108424873,True
2017-11-15 10:00:00,13.44462846812796,-0.11215821108424873,True
2012-11-19 11:00:00,13.4539031516912,-0.11215821108424873,True
2017-01-18 14:00:00,13.448202693344214,-0.11215821108424873,True
2018-01-12 06:00:00,13.442932346925256,-0.11215821108424873,True
2015-11-25 02:00:00,13.449487339021012,-0.11215821108424873,True
2017-01-19 01:00:00,13.453184257768,-0.11215821108424873,True
2016-01-18 17:00:00,13.446890930141317,-0.11215821108424873,True
2016-12-14 11:00:00,13.455385513834052,-0.11215821108424873,True
2015-11-24 05:00:00,13.45505546023361,-0.11215821108424873,True
2014-12-04 02:00:00,13.452985914943168,-0.11215821108424873,True
2016-11-24 18:00:00,13.404344620781714,-0.11215821108424873,True
2016-12-07 22:00:00,13.45203919564343,-0.11215821108424873,True
2017-01-01 23:00:00,13.451478232888766,-0.11215821108424873,True
2016-12-29 09:00:00,13.476717796957358,-0.11170091353246703,True
2016-11-23 16:00:00,13.459878921366156,-0.11170091353246703,True
2017-01-02 19:00:00,13.456253121008755,-0.11170091353246703,True
2014-12-04 07:00:00,13.477378348656904,-0.11170091353246703,True
2017-01-01 09:00:00,13.45662608718802,-0.11170091353246703,True
2017-01-16 18:00:00,13.473770624901071,-0.11170091353246703,True
2015-11-17 12:00:00,13.45663324104486,-0.11170091353246703,True
2012-11-21 09:00:00,13.4578369674471,-0.11170091353246703,True
2012-11-21 15:00:00,13.456439029831593,-0.11170091353246703,True
2017-01-18 21:00:00,13.441426866764267,-0.11170091353246703,True
2016-12-02 07:00:00,13.456422004726036,-0.11170091353246703,True
2017-01-19 06:00:00,13.478223803645484,-0.11170091353246703,True
2014-01-08 08:00:00,13.460960448304222,-0.11170091353246703,True
2016-01-05 06:00:00,13.461587585689305,-0.11170091353246703,True
2017-01-04 17:00:00,13.440265387453447,-0.11170091353246703,True
2015-11-21 20:00:00,13.478722174780238,-0.11170091353246703,True
2015-11-24 00:00:00,13.468397114653252,-0.11124392527730609,True
2016-12-15 02:00:00,13.47929310956465,-0.11124392527730609,True
2016-01-04 13:00:00,13.481151266373828,-0.11124392527730609,True
2016-12-16 05:00:00,13.46836272574896,-0.11124392527730609,True
2017-01-02 21:00:00,13.469049612670268,-0.11124392527730609,True
2016-12-16 00:00:00,13.46697201667984,-0.11124392527730609,True
2015-11-24 19:00:00,13.40103191406116,-0.1107872461095708,True
2017-01-01 17:00:00,13.399511784514576,-0.1107872461095708,True
2016-12-03 18:00:00,13.401314949048928,-0.1107872461095708,True
2012-11-30 05:00:00,0.1980367707276147,-0.11058335074175074,True
2008-05-27 05:00:00,0.1998793113182165,-0.11058335074175074,True
2016-12-03 17:00:00,13.394861773985168,-0.11033087582020751,True
2012-11-19 05:00:00,13.394730988411904,-0.11033087582020751,True
2017-12-05 03:00:00,13.372657037632749,-0.11033087582020751,True
2016-12-05 03:00:00,13.370702363643405,-0.11033087582020751,True
2016-12-27 07:00:00,13.396894426795573,-0.11033087582020751,True
2017-01-07 11:00:00,13.391883465582376,-0.1098748142003041,True
2015-12-04 00:00:00,13.393287269469148,-0.1098748142003041,True
2016-12-04 09:00:00,13.390417747229137,-0.1098748142003041,True
2015-01-06 21:00:00,13.391979738364077,-0.1098748142003041,True
2012-11-30 04:00:00,0.2145398349549159,-0.10967119455152541,True
2015-09-11 21:00:00,0.2094264627849043,-0.10967119455152541,True
2006-03-22 00:00:00,0.2168731945412219,-0.10967119455152541,True
2006-10-10 18:00:00,0.2094264627849043,-0.10967119455152541,True
2005-03-09 00:00:00,0.2168731945412219,-0.10967119455152541,True
2008-09-13 11:00:00,0.2168731945412219,-0.10967119455152541,True
2013-01-21 17:00:00,0.2038949538500608,-0.10967119455152541,True
2013-05-21 22:00:00,0.2168731945412219,-0.10967119455152541,True
2011-07-21 22:00:00,0.2046152296917618,-0.10967119455152541,True
2008-06-20 22:00:00,0.2094264627849043,-0.10967119455152541,True
2016-07-29 19:00:00,0.2168731945412219,-0.10967119455152541,True
2008-05-21 22:00:00,0.2168731945412219,-0.10967119455152541,True
2009-04-12 20:00:00,0.2094264627849043,-0.10967119455152541,True
2007-09-03 17:00:00,0.2094264627849043,-0.10967119455152541,True
2009-08-25 23:00:00,0.2168731945412219,-0.10967119455152541,True
2009-08-13 04:00:00,0.2015605426562115,-0.10967119455152541,True
2010-04-14 09:00:00,0.2151383884123856,-0.10967119455152541,True
2016-12-25 06:00:00,13.379101787495811,-0.10941906104108956,True
2017-01-11 20:00:00,13.38150306042712,-0.10941906104108956,True
2017-01-24 03:00:00,13.376619668715827,-0.10941906104108956,True
2016-12-08 23:00:00,13.378695141983693,-0.10941906104108956,True
2016-01-14 14:00:00,13.37757489036712,-0.10941906104108956,True
2017-01-16 16:00:00,13.372953843474116,-0.10941906104108956,True
2016-12-27 10:00:00,13.383079039138297,-0.10941906104108956,True
2017-11-14 05:00:00,13.374632393072696,-0.10941906104108956,True
2015-01-07 02:00:00,13.376226130054649,-0.10941906104108956,True
2014-11-17 08:00:00,13.394081712501489,-0.10941906104108956,True
2015-11-25 09:00:00,13.383078809047792,-0.10941906104108956,True
2015-01-06 01:00:00,13.37934659434158,-0.10941906104108956,True
2016-01-05 23:00:00,13.373534073751175,-0.10941906104108956,True
2016-12-16 20:00:00,13.38074854269579,-0.10941906104108956,True
2016-12-04 22:00:00,13.380000631519517,-0.10941906104108956,True
2012-11-21 04:00:00,13.394310965708115,-0.10896361613393435,True
2014-06-17 12:00:00,0.2227913670685666,-0.10876027183135395,True
2008-05-24 01:00:00,0.2274712301796077,-0.10876027183135395,True
2007-11-29 22:00:00,0.2227913670685666,-0.10876027183135395,True
2010-08-30 22:00:00,0.2240129238133976,-0.10876027183135395,True
2008-09-13 12:00:00,0.2227913670685666,-0.10876027183135395,True
2014-09-02 21:00:00,0.2227913670685666,-0.10876027183135395,True
2010-04-19 01:00:00,0.2227913670685666,-0.10876027183135395,True
2008-08-08 20:00:00,0.2227913670685666,-0.10876027183135395,True
2016-09-27 10:00:00,0.2227913670685666,-0.10876027183135395,True
2004-06-26 03:00:00,0.2227913670685666,-0.10876027183135395,True
2008-08-16 20:00:00,0.22473820452132,-0.10876027183135395,True
2008-09-28 23:00:00,0.2225254802150276,-0.10876027183135395,True
2016-12-03 12:00:00,13.34900108756444,-0.10841412591165189,True
2016-12-04 04:00:00,13.348790007884588,-0.10841412591165189,True
2016-11-23 11:00:00,13.358546185869203,-0.10795936069989054,True
2017-12-30 02:00:00,13.35813724469107,-0.10795936069989054,True
2014-10-24 20:00:00,13.337741129338427,-0.10795936069989054,True
2017-01-21 20:00:00,13.359412300539788,-0.10795936069989054,True
2012-11-20 22:00:00,13.356593649464376,-0.10795936069989054,True
2012-11-20 23:00:00,13.347119468816464,-0.10795936069989054,True
2015-12-02 12:00:00,13.36047594482283,-0.10795936069989054,True
2015-12-03 14:00:00,13.330809513380627,-0.10795936069989054,True
2017-11-18 17:00:00,13.344967438033295,-0.10795936069989054,True
2017-12-06 13:00:00,13.360295648348036,-0.10795936069989054,True
2017-01-04 10:00:00,13.352274587253463,-0.10795936069989054,True
2016-12-08 21:00:00,13.3335940358691,-0.10795936069989054,True
2016-12-09 02:00:00,13.33280105523634,-0.10795936069989054,True
2016-12-08 16:00:00,13.333702897557082,-0.10795936069989054,True
2014-12-02 04:00:00,13.342832535726917,-0.10795936069989054,True
2015-12-01 12:00:00,13.345864331069649,-0.10795936069989054,True
2016-11-20 03:00:00,13.331664094253378,-0.10795936069989054,True
2017-01-02 00:00:00,13.33139057666144,-0.10795936069989054,True
2016-01-04 03:00:00,13.34374547048396,-0.10795936069989054,True
2016-12-29 14:00:00,13.338533558926356,-0.10795936069989054,True
2017-01-18 20:00:00,13.355936653887852,-0.10795936069989054,True
2016-12-02 17:00:00,13.352650578287957,-0.10795936069989054,True
2016-01-15 07:00:00,13.356980024906711,-0.10795936069989054,True
2014-11-17 16:00:00,13.361395580245793,-0.10795936069989054,True
2016-12-13 10:00:00,13.342752117421766,-0.10795936069989054,True
2016-12-26 04:00:00,13.330633474661589,-0.10795936069989054,True
2017-01-12 06:00:00,13.354437206106152,-0.10795936069989054,True
2017-01-19 04:00:00,13.304703914442651,-0.10705075281989196,True
2014-01-08 03:00:00,13.305309753650858,-0.10705075281989196,True
2017-01-03 17:00:00,13.284636121923914,-0.10705075281989196,True
2016-12-20 20:00:00,13.296735417822196,-0.10705075281989196,True
2017-11-15 12:00:00,13.28092865588721,-0.10705075281989196,True
2016-12-18 04:00:00,13.285801394842672,-0.10705075281989196,True
2016-12-28 10:00:00,13.293281071263849,-0.10705075281989196,True
2016-11-24 20:00:00,13.285529450415206,-0.10705075281989196,True
2017-12-08 01:00:00,13.285423904932872,-0.10705075281989196,True
2016-11-15 15:00:00,13.283801682025466,-0.10705075281989196,True
2017-01-15 22:00:00,13.2966115635046,-0.10705075281989196,True
2015-12-03 19:00:00,13.285927610607018,-0.10705075281989196,True
2012-11-22 08:00:00,13.36453725099576,-0.10705075281989196,True
2014-12-01 14:00:00,13.36356895036228,-0.10705075281989196,True
2017-01-18 07:00:00,13.296600190170729,-0.10705075281989196,True
2016-12-07 16:00:00,13.29315625202598,-0.10705075281989196,True
2015-01-07 16:00:00,13.304583021735128,-0.10705075281989196,True
2016-12-23 17:00:00,13.292837645179148,-0.10705075281989196,True
2016-01-14 21:00:00,13.299697356930304,-0.10705075281989196,True
2016-12-11 00:00:00,13.30573848287682,-0.10705075281989196,True
2017-12-07 16:00:00,13.29230866989774,-0.10705075281989196,True
2014-01-07 07:00:00,13.290552781529057,-0.10705075281989196,True
2016-12-23 22:00:00,13.300042044198731,-0.10705075281989196,True
2016-12-03 03:00:00,13.283895700467587,-0.10705075281989196,True
2018-01-03 09:00:00,13.288705106514143,-0.10705075281989196,True
2013-12-01 15:00:00,13.30489103972744,-0.10705075281989196,True
2014-01-08 00:00:00,13.296003114635914,-0.10705075281989196,True
2017-01-21 11:00:00,13.290059970802224,-0.10705075281989196,True
2017-11-26 03:00:00,13.287322829822754,-0.10705075281989196,True
2016-01-19 05:00:00,13.283475051677923,-0.10705075281989196,True
2016-12-05 00:00:00,13.285723135374026,-0.10705075281989196,True
2017-01-01 14:00:00,13.30314750295557,-0.10705075281989196,True
2016-12-25 16:00:00,13.29222738576828,-0.10705075281989196,True
2016-12-09 12:00:00,13.296829249015513,-0.10705075281989196,True
2014-11-07 22:00:00,13.295420739273045,-0.10705075281989196,True
2016-12-25 21:00:00,13.301108021522026,-0.10705075281989196,True
2016-12-25 18:00:00,13.283471441425595,-0.10705075281989196,True
2017-01-11 19:00:00,13.296036933329567,-0.10705075281989196,True
2017-01-21 09:00:00,13.366414034243135,-0.10705075281989196,True
2014-01-08 13:00:00,13.291891195844586,-0.10705075281989196,True
2016-12-15 04:00:00,13.305002434808165,-0.10705075281989196,True
2016-12-17 18:00:00,13.295167565980018,-0.10705075281989196,True
2016-12-16 15:00:00,13.315812287149509,-0.10659690973572222,True
2016-12-15 17:00:00,13.32690959459809,-0.10659690973572222,True
2017-01-16 01:00:00,13.307930311463716,-0.10659690973572222,True
2014-11-17 11:00:00,13.323534939581087,-0.10659690973572222,True
2017-11-19 06:00:00,13.322255424462304,-0.10659690973572222,True
2016-12-09 04:00:00,13.31107181161252,-0.10659690973572222,True
2015-10-23 21:00:00,13.3078284267663,-0.10659690973572222,True
2015-11-17 10:00:00,13.311472891127233,-0.10659690973572222,True
2017-01-13 05:00:00,13.321492845622982,-0.10659690973572222,True
2015-01-06 11:00:00,13.321783980863106,-0.10659690973572222,True
2016-12-30 16:00:00,13.311936073846535,-0.10659690973572222,True
2016-12-21 18:00:00,13.317169775259414,-0.10659690973572222,True
2017-01-07 06:00:00,13.316509643726896,-0.10659690973572222,True
2016-01-19 09:00:00,13.314650730316654,-0.10659690973572222,True
2016-12-25 01:00:00,13.311525761929929,-0.10659690973572222,True
2012-11-18 06:00:00,13.321776438819883,-0.10659690973572222,True
2016-01-05 18:00:00,13.325026214648087,-0.10659690973572222,True
2017-01-18 02:00:00,13.32797109795418,-0.10659690973572222,True
2017-01-18 12:00:00,13.323224531734748,-0.10659690973572222,True
2012-11-21 20:00:00,13.31648334530326,-0.10659690973572222,True
2012-11-20 18:00:00,13.327860744081926,-0.10659690973572222,True
2014-10-31 22:00:00,13.326442594126783,-0.10659690973572222,True
2015-01-07 22:00:00,13.312728931366165,-0.10659690973572222,True
2016-12-05 10:00:00,13.328376366849392,-0.10659690973572222,True
2017-12-20 09:00:00,13.310714719655037,-0.10659690973572222,True
2018-01-13 22:00:00,13.26963047766638,-0.1061433736117181,True
2016-01-04 08:00:00,13.270559275328427,-0.1061433736117181,True
2017-12-07 10:00:00,13.26761991328543,-0.10569014424026502,True
2017-11-26 01:00:00,13.264309686190757,-0.10569014424026502,True
2015-12-03 22:00:00,13.263790757815974,-0.10569014424026502,True
2016-12-27 20:00:00,13.26767153432572,-0.10569014424026502,True
2017-12-05 08:00:00,13.267735432580348,-0.10569014424026502,True
2016-12-30 00:00:00,13.278827514738436,-0.10569014424026502,True
2016-12-24 03:00:00,13.26272659158159,-0.10569014424026502,True
2016-12-04 10:00:00,13.266152125860096,-0.10569014424026502,True
2016-12-05 08:00:00,13.266472633297004,-0.10569014424026502,True
2016-01-13 17:00:00,13.261706612255454,-0.10569014424026502,True
2016-12-15 09:00:00,13.262585316478429,-0.10569014424026502,True
2017-01-04 18:00:00,13.263691363149848,-0.10569014424026502,True
2013-10-21 19:00:00,13.263019003978073,-0.10569014424026502,True
2015-01-21 11:00:00,13.27575679033883,-0.10569014424026502,True
2016-12-19 02:00:00,13.248823618219223,-0.10523722141388836,True
2017-01-11 12:00:00,13.259932111761955,-0.10523722141388836,True
2017-11-19 04:00:00,13.248364777127874,-0.10523722141388836,True
2012-11-23 01:00:00,13.260286715355956,-0.10523722141388836,True
2018-01-27 13:00:00,13.274389774111183,-0.10523722141388836,True
2016-12-14 09:00:00,13.251819353155197,-0.10523722141388836,True
2013-12-02 18:00:00,13.252300160576086,-0.10523722141388836,True
2017-01-12 11:00:00,13.272607423207049,-0.10523722141388836,True
2017-01-16 05:00:00,13.249080641175745,-0.10523722141388836,True
2016-12-06 01:00:00,13.254110550472214,-0.10523722141388836,True
2016-12-16 17:00:00,13.259603447363965,-0.10523722141388836,True
2017-01-19 09:00:00,13.252899691687732,-0.10523722141388836,True
2016-12-11 06:00:00,13.273466722004988,-0.10523722141388836,True
2012-11-19 16:00:00,13.251014280845828,-0.10523722141388836,True
2016-12-24 15:00:00,13.27394671759826,-0.10523722141388836,True
2016-12-03 23:00:00,13.248076037317688,-0.10523722141388836,True
2016-12-14 18:00:00,13.25356946133399,-0.10523722141388836,True
2016-12-07 23:00:00,13.254052825298851,-0.10523722141388836,True
2016-01-15 09:00:00,13.274200359307926,-0.10523722141388836,True
2016-01-04 16:00:00,13.258974511733928,-0.10523722141388836,True
2013-11-08 23:00:00,13.253568079415428,-0.10523722141388836,True
2017-11-25 12:00:00,13.260976118840723,-0.10523722141388836,True
2006-03-30 11:00:00,0.233554055824105,-0.10499478374302618,True
2018-09-22 10:00:00,0.2426019032138053,-0.10499478374302618,True
2016-07-18 06:00:00,0.2389523104202453,-0.10499478374302618,True
2015-05-11 04:00:00,0.2389523104202453,-0.10499478374302618,True
2013-01-22 03:00:00,0.2336166854019389,-0.10499478374302618,True
2007-11-24 16:00:00,0.2336590437339349,-0.10499478374302618,True
2012-11-30 03:00:00,0.2310428991822171,-0.10499478374302618,True
2009-08-13 05:00:00,0.2438195450322595,-0.10499478374302618,True
2007-08-07 02:00:00,0.2426019032138053,-0.10499478374302618,True
2016-07-06 21:00:00,0.2426019032138053,-0.10499478374302618,True
2008-01-16 12:00:00,0.2426019032138053,-0.10499478374302618,True
2016-01-03 22:00:00,13.245420539156024,-0.10478460492525421,True
2014-12-04 17:00:00,13.245717918908582,-0.10478460492525421,True
2012-11-30 02:00:00,0.2475459634095184,-0.10454233122892465,True
2017-12-06 14:00:00,13.242599752972591,-0.10433229456716875,True
2017-12-06 09:00:00,13.241709320115223,-0.10433229456716875,True
2016-12-12 19:00:00,13.24329084315374,-0.10433229456716875,True
2017-01-13 00:00:00,13.242071855174265,-0.10433229456716875,True
2016-12-04 15:00:00,13.24083121340824,-0.10433229456716875,True
2016-12-08 06:00:00,13.244020961112964,-0.10433229456716875,True
2016-12-27 12:00:00,13.243550570539016,-0.10433229456716875,True
2017-01-11 15:00:00,13.206431892340744,-0.10388029013257805,True
2017-01-07 01:00:00,13.21105053700476,-0.10388029013257805,True
2017-11-25 22:00:00,13.210274411777911,-0.10388029013257805,True
2017-12-05 23:00:00,13.211904349969824,-0.10388029013257805,True
2012-11-22 18:00:00,13.237508694775178,-0.10388029013257805,True
2016-01-13 16:00:00,13.235460652205674,-0.10388029013257805,True
2016-12-17 23:00:00,13.207345668618656,-0.10388029013257805,True
2014-12-03 14:00:00,13.239059529851032,-0.10388029013257805,True
2017-01-01 07:00:00,13.204946277518616,-0.10388029013257805,True
2016-12-13 00:00:00,13.213519966632369,-0.10388029013257805,True
2017-01-15 15:00:00,13.214116925964404,-0.10388029013257805,True
2017-01-02 18:00:00,13.236687581406493,-0.10388029013257805,True
2017-12-12 21:00:00,13.212067343237358,-0.10388029013257805,True
2017-01-12 19:00:00,13.237827394345572,-0.10388029013257805,True
2016-12-22 19:00:00,13.240330234294662,-0.10388029013257805,True
2017-01-16 14:00:00,13.23514697984072,-0.10388029013257805,True
2017-01-05 19:00:00,13.212556732983156,-0.10388029013257805,True
2017-01-06 08:00:00,13.238312092373938,-0.10388029013257805,True
2016-12-10 02:00:00,13.205102755151149,-0.10388029013257805,True
2013-12-01 10:00:00,13.24002645837978,-0.10388029013257805,True
2016-12-12 08:00:00,13.20906434441408,-0.10388029013257805,True
2015-01-16 18:00:00,13.238468181421725,-0.10388029013257805,True
2016-12-31 14:00:00,13.238564823918546,-0.10388029013257805,True
2016-12-08 11:00:00,13.20469822980443,-0.10388029013257805,True
2009-04-06 23:00:00,0.2507869085840563,-0.10363834405267258,True
2017-01-24 12:00:00,13.185988182224197,-0.1035222451598109,True
2016-12-17 13:00:00,13.180714286967008,-0.1035222451598109,True
2014-12-01 09:00:00,13.179226124519408,-0.1035222451598109,True
2017-12-07 00:00:00,13.182519369137006,-0.1035222451598109,True
2018-01-26 03:00:00,13.18829890160312,-0.1035222451598109,True
2017-01-24 14:00:00,13.178238115151771,-0.1035222451598109,True
2014-11-05 21:00:00,13.188212910430806,-0.1035222451598109,True
2016-12-10 20:00:00,13.188629318939189,-0.1035222451598109,True
2014-01-07 09:00:00,13.190004611399155,-0.1035222451598109,True
2017-11-18 21:00:00,13.175897568444675,-0.1035222451598109,True
2014-12-04 04:00:00,13.181443980941625,-0.1035222451598109,True
2017-01-06 20:00:00,13.1738736760612,-0.1035222451598109,True
2014-12-02 07:00:00,13.183830189799032,-0.1035222451598109,True
2015-12-02 00:00:00,13.1811722240884,-0.1035222451598109,True
2016-01-14 13:00:00,13.178023689852711,-0.1035222451598109,True
2014-01-08 12:00:00,13.179022632068268,-0.1035222451598109,True
2015-11-25 04:00:00,13.1873296578936,-0.1035222451598109,True
2016-12-07 17:00:00,13.174789856320894,-0.1035222451598109,True
2014-01-08 07:00:00,13.185840447524404,-0.1035222451598109,True
2016-12-29 08:00:00,13.175055393750544,-0.1035222451598109,True
2016-12-09 19:00:00,13.176166364076913,-0.1035222451598109,True
2016-01-13 22:00:00,13.17947624677542,-0.1035222451598109,True
2016-11-23 21:00:00,13.179195182097232,-0.1035222451598109,True
2016-12-15 22:00:00,13.181517948892123,-0.1035222451598109,True
2017-01-07 14:00:00,13.185020949257597,-0.1035222451598109,True
2014-12-05 15:00:00,13.173394158212382,-0.1035222451598109,True
2015-01-06 09:00:00,13.174965612164844,-0.1035222451598109,True
2014-10-22 19:00:00,13.181302825815052,-0.1035222451598109,True
2015-11-30 08:00:00,13.188656122448997,-0.1035222451598109,True
2016-12-14 19:00:00,13.174603948139149,-0.1035222451598109,True
2016-12-30 05:00:00,13.187152018302625,-0.1035222451598109,True
2014-11-10 19:00:00,13.175626607638664,-0.1035222451598109,True
2016-11-17 22:00:00,13.18328899985764,-0.1035222451598109,True
2014-11-17 15:00:00,13.181288791590376,-0.1035222451598109,True
2015-12-05 01:00:00,13.176294084880013,-0.1035222451598109,True
2017-01-06 13:00:00,13.179790350336653,-0.1035222451598109,True
2016-12-21 23:00:00,13.188471559208049,-0.1035222451598109,True
2016-12-13 11:00:00,13.189687739005947,-0.1035222451598109,True
2016-01-03 20:00:00,13.173288250286893,-0.1035222451598109,True
2017-12-22 14:00:00,13.186561562800286,-0.1035222451598109,True
2015-12-04 10:00:00,13.21486737804127,-0.10342859141456884,True
2017-11-18 12:00:00,13.23286769321586,-0.10342859141456884,True
2015-11-09 16:00:00,13.226198055888007,-0.10342859141456884,True
2014-12-04 12:00:00,13.228833593058956,-0.10342859141456884,True
2016-11-18 00:00:00,13.226517095312731,-0.10342859141456884,True
2017-01-25 18:00:00,13.217535155625914,-0.10342859141456884,True
2017-11-25 18:00:00,13.216251393491596,-0.10342859141456884,True
2015-12-03 00:00:00,13.23239843406765,-0.10342859141456884,True
2015-12-03 05:00:00,13.228042052909572,-0.10342859141456884,True
2015-12-03 10:00:00,13.217391791659276,-0.10342859141456884,True
2016-12-06 06:00:00,13.215354502590053,-0.10342859141456884,True
2016-12-26 02:00:00,13.226420330202703,-0.10342859141456884,True
2015-11-06 19:00:00,13.217377407662823,-0.10342859141456884,True
2015-11-25 19:00:00,13.218228081280811,-0.10342859141456884,True
2012-11-20 13:00:00,13.219076468842506,-0.10342859141456884,True
2016-12-22 04:00:00,13.228848754701524,-0.10342859141456884,True
2017-11-25 13:00:00,13.22976696258699,-0.10342859141456884,True
2017-01-19 15:00:00,13.223968582928258,-0.10342859141456884,True
2016-12-31 04:00:00,13.194450238567814,-0.1029771982063672,True
2015-12-04 03:00:00,13.202366705514589,-0.1029771982063672,True
2015-01-07 04:00:00,13.197589220947954,-0.1029771982063672,True
2016-12-17 01:00:00,13.198682624477277,-0.1029771982063672,True
2016-12-17 08:00:00,13.192845862385562,-0.1029771982063672,True
2016-12-29 13:00:00,13.199824415982109,-0.1029771982063672,True
2016-12-02 12:00:00,13.19681270823544,-0.1029771982063672,True
2015-12-02 03:00:00,13.233503095493491,-0.1029771982063672,True
2012-11-21 03:00:00,13.201899470302846,-0.1029771982063672,True
2015-11-04 18:00:00,13.197257506579428,-0.1029771982063672,True
2016-01-05 17:00:00,13.191795080685829,-0.1029771982063672,True
2017-01-11 07:00:00,13.19379033873458,-0.1029771982063672,True
2016-12-11 05:00:00,13.190733684435877,-0.1029771982063672,True
2016-12-31 21:00:00,13.220508320309929,-0.1029771982063672,True
2015-12-02 08:00:00,13.19317414116918,-0.1029771982063672,True
2015-11-11 18:00:00,13.195901393446407,-0.1029771982063672,True
2016-12-09 09:00:00,13.195004607922437,-0.1029771982063672,True
2016-12-11 11:00:00,13.199670481959984,-0.1029771982063672,True
2016-12-30 10:00:00,13.1966289154639,-0.1029771982063672,True
2016-12-30 15:00:00,13.169260292434696,-0.100844430664636,True
2014-12-04 19:00:00,13.166372313960808,-0.100844430664636,True
2017-12-27 23:00:00,13.172311796316745,-0.100844430664636,True
2017-12-07 11:00:00,13.17287525105167,-0.100844430664636,True
2015-01-05 18:00:00,13.171287565908186,-0.100844430664636,True
2015-11-17 21:00:00,13.171845124550275,-0.100844430664636,True
2016-12-16 22:00:00,13.164934898360569,-0.100844430664636,True
2012-11-23 06:00:00,13.166970110622833,-0.100844430664636,True
2016-01-04 01:00:00,13.16682537243007,-0.100844430664636,True
2017-01-21 04:00:00,13.165194936853318,-0.100844430664636,True
2015-12-02 17:00:00,13.1636290033979,-0.100844430664636,True
2015-11-17 19:00:00,13.146124830841112,-0.09985229211427848,True
2014-12-04 14:00:00,13.154104808434392,-0.09985229211427848,True
2015-11-17 13:00:00,13.149502795907008,-0.09985229211427848,True
2017-01-06 15:00:00,13.148694457683876,-0.09985229211427848,True
2016-01-04 21:00:00,13.153969604919451,-0.09985229211427848,True
2012-11-22 13:00:00,13.149128237857337,-0.09985229211427848,True
2017-11-18 14:00:00,13.146772826906949,-0.09985229211427848,True
2016-12-23 07:00:00,13.14655518938313,-0.09985229211427848,True
2017-01-17 21:00:00,13.149405145961426,-0.09985229211427848,True
2016-01-18 23:00:00,13.149182331985942,-0.09985229211427848,True
2013-12-01 22:00:00,13.154139882970386,-0.09985229211427848,True
2016-12-13 16:00:00,13.151741429753878,-0.09985229211427848,True
2014-12-01 03:00:00,13.153617884493752,-0.09985229211427848,True
2016-12-10 07:00:00,13.150000586649304,-0.09985229211427848,True
2015-01-06 18:00:00,13.156457801673966,-0.09940331776286704,True
2016-01-05 02:00:00,13.158592372771473,-0.09940331776286704,True
2017-01-01 12:00:00,13.15752673888496,-0.09940331776286704,True
2015-11-24 17:00:00,13.156054461215176,-0.09940331776286704,True
2016-12-28 01:00:00,13.157048022545936,-0.09940331776286704,True
2016-12-31 06:00:00,13.157135406936586,-0.09940331776286704,True
2017-12-05 13:00:00,13.155821141464102,-0.09940331776286704,True
2016-12-31 16:00:00,13.15421074685954,-0.09940331776286704,True
2007-11-28 21:00:00,0.2640521881288607,-0.09910078904138564,True
2014-06-16 05:00:00,0.256964175316322,-0.09910078904138564,True
2012-11-30 01:00:00,0.2640490276368196,-0.09910078904138564,True
2010-01-19 23:00:00,0.2716686845883933,-0.09910078904138564,True
2017-12-22 05:00:00,13.139146062275886,-0.09895464707861745,True
2016-12-24 18:00:00,13.16301697210701,-0.09895464707861745,True
2013-10-07 23:00:00,13.142146674108131,-0.09895464707861745,True
2013-11-06 22:00:00,13.16140182494442,-0.09895464707861745,True
2016-12-24 08:00:00,13.159724761006329,-0.09895464707861745,True
2014-01-07 02:00:00,13.143467664242785,-0.09895464707861745,True
2016-12-03 13:00:00,13.138805510720353,-0.09895464707861745,True
2017-12-08 05:00:00,13.140502624224055,-0.09895464707861745,True
2014-12-02 21:00:00,13.161706740271557,-0.09895464707861745,True
2017-01-03 07:00:00,13.13875241627837,-0.09895464707861745,True
2017-01-18 09:00:00,13.142034647718008,-0.09895464707861745,True
2016-01-04 20:00:00,13.16053716258459,-0.09895464707861745,True
2017-01-11 05:00:00,13.138898316866516,-0.09895464707861745,True
2016-12-18 21:00:00,13.13877602237541,-0.09895464707861745,True
2016-12-23 02:00:00,13.140697908079414,-0.09895464707861745,True
2016-12-19 07:00:00,13.118712027282552,-0.09805821589019259,True
2014-11-05 18:00:00,13.137775613975696,-0.09805821589019259,True
2017-11-24 23:00:00,13.117591445488086,-0.09805821589019259,True
2016-12-18 06:00:00,13.117722762643082,-0.09805821589019259,True
2016-12-29 03:00:00,13.114580427133104,-0.09805821589019259,True
2017-01-03 22:00:00,13.13695639564706,-0.09805821589019259,True
2014-11-17 06:00:00,13.115747740874646,-0.09805821589019259,True
2012-11-19 09:00:00,13.114511052319315,-0.09805821589019259,True
2016-11-23 23:00:00,13.136308034340146,-0.09805821589019259,True
2013-12-01 20:00:00,13.135819359179829,-0.09805821589019259,True
2017-01-10 19:00:00,13.117557617487456,-0.09805821589019259,True
2017-12-30 01:00:00,13.113084618174042,-0.09805821589019259,True
2014-12-03 03:00:00,13.117088950077054,-0.09805821589019259,True
2016-12-30 20:00:00,13.134621976397453,-0.09805821589019259,True
2017-11-15 18:00:00,13.113244263243017,-0.09805821589019259,True
2006-08-04 23:00:00,0.2755442554383383,-0.0977563006063139,True
2010-06-23 19:00:00,0.2755442554383383,-0.0977563006063139,True
2018-04-10 19:00:00,0.2755442554383383,-0.0977563006063139,True
2005-10-16 23:00:00,0.2755442554383383,-0.0977563006063139,True
2013-10-30 19:00:00,13.130760636199028,-0.0976104549756589,True
2017-01-03 02:00:00,13.129236806719687,-0.0976104549756589,True
2017-12-06 01:00:00,13.129604017773891,-0.0976104549756589,True
2016-12-21 01:00:00,13.12954220331811,-0.0976104549756589,True
2016-12-16 03:00:00,13.129205248489711,-0.0976104549756589,True
2014-12-03 19:00:00,13.1099167994258,-0.0976104549756589,True
2016-01-03 00:00:00,13.130809929357891,-0.0976104549756589,True
2016-01-19 04:00:00,13.129925254152427,-0.0976104549756589,True
2015-12-02 18:00:00,13.109973095853162,-0.0976104549756589,True
2015-01-16 23:00:00,13.110386313086131,-0.0976104549756589,True
2017-01-11 02:00:00,13.11046848419379,-0.0976104549756589,True
2015-10-26 21:00:00,13.124288555002012,-0.09716299690756991,True
2017-11-25 06:00:00,13.04955253792308,-0.09716299690756991,True
2016-12-18 16:00:00,13.121794365877273,-0.09716299690756991,True
2015-12-02 10:00:00,13.12311998152556,-0.09716299690756991,True
2014-12-03 07:00:00,13.124598761161478,-0.09716299690756991,True
2015-01-06 04:00:00,13.060055244177532,-0.09716299690756991,True
2012-11-19 07:00:00,13.055779741993003,-0.09716299690756991,True
2016-12-12 18:00:00,13.054664997757738,-0.09716299690756991,True
2018-01-13 21:00:00,13.12725424891947,-0.09716299690756991,True
2014-12-01 23:00:00,13.120560669434283,-0.09716299690756991,True
2016-01-14 03:00:00,13.045342758509175,-0.09716299690756991,True
2016-01-14 09:00:00,13.049522890500915,-0.09716299690756991,True
2017-11-29 03:00:00,13.044797752891718,-0.09716299690756991,True
2016-12-18 09:00:00,13.061294871656894,-0.09716299690756991,True
2016-12-15 12:00:00,13.109012629479356,-0.09716299690756991,True
2017-01-06 05:00:00,13.046700546152003,-0.09716299690756991,True
2016-12-06 03:00:00,13.054222556055969,-0.09716299690756991,True
2016-12-20 15:00:00,13.043528618261636,-0.09716299690756991,True
2016-12-14 23:00:00,13.061698571645168,-0.09716299690756991,True
2015-10-19 18:00:00,13.123228589975511,-0.09716299690756991,True
2016-12-03 08:00:00,13.123730479622642,-0.09716299690756991,True
2016-12-08 01:00:00,13.057034976010186,-0.09716299690756991,True
2016-12-31 09:00:00,13.12357912567768,-0.09716299690756991,True
2016-12-28 06:00:00,13.048117977680592,-0.09716299690756991,True
2012-11-20 05:00:00,13.048081320067404,-0.09716299690756991,True
2012-11-19 20:00:00,13.12162888897548,-0.09716299690756991,True
2017-11-16 02:00:00,13.048188886380949,-0.09716299690756991,True
2014-12-03 08:00:00,13.06008705993541,-0.09716299690756991,True
2016-01-18 10:00:00,13.047386984284772,-0.09716299690756991,True
2016-12-28 05:00:00,13.094438548623884,-0.09716299690756991,True
2016-12-05 13:00:00,13.056342165833554,-0.09716299690756991,True
2014-12-02 17:00:00,13.12001370455932,-0.09716299690756991,True
2017-01-24 10:00:00,13.062291022670502,-0.09716299690756991,True
2016-12-28 00:00:00,13.047348438238012,-0.09716299690756991,True
2017-01-04 00:00:00,13.122397340990297,-0.09716299690756991,True
2016-12-17 06:00:00,13.124631276790614,-0.09716299690756991,True
2014-12-05 10:00:00,13.12532445432671,-0.09716299690756991,True
2016-11-18 06:00:00,13.123190413268736,-0.09716299690756991,True
2016-12-14 14:00:00,13.127341463103292,-0.09716299690756991,True
2015-11-24 15:00:00,13.048259898001064,-0.09716299690756991,True
2017-01-15 20:00:00,13.057043462700706,-0.09716299690756991,True
2017-12-06 06:00:00,13.058040511050134,-0.09716299690756991,True
2016-01-04 06:00:00,13.124412795708626,-0.09716299690756991,True
2015-01-05 13:00:00,13.05684724714038,-0.09716299690756991,True
2015-01-05 08:00:00,13.106215801654296,-0.09716299690756991,True
2016-01-04 15:00:00,13.05677862248086,-0.09716299690756991,True
2017-01-11 10:00:00,13.052608573306651,-0.09716299690756991,True
2018-01-28 02:00:00,13.046349280074086,-0.09716299690756991,True
2017-12-11 16:00:00,13.05380005986264,-0.09716299690756991,True
2016-01-18 18:00:00,13.046771250117636,-0.09716299690756991,True
2016-12-06 18:00:00,13.108604277111429,-0.09716299690756991,True
2016-01-13 09:00:00,13.109276087970992,-0.09716299690756991,True
2016-01-14 16:00:00,13.108294282996884,-0.09716299690756991,True
2016-12-05 18:00:00,13.082561942312946,-0.09671584148109325,True
2015-11-25 14:00:00,13.10192414844642,-0.09671584148109325,True
2016-01-22 10:00:00,13.081381401893756,-0.09671584148109325,True
2016-12-03 00:00:00,13.081024878289464,-0.09671584148109325,True
2017-12-08 03:00:00,13.098787006260602,-0.09671584148109325,True
2014-01-08 17:00:00,13.065972032530215,-0.09671584148109325,True
2017-01-21 06:00:00,13.08349695026393,-0.09671584148109325,True
2014-12-06 03:00:00,13.073601519164654,-0.09671584148109325,True
2017-01-04 08:00:00,13.076671138446873,-0.09671584148109325,True
2012-11-19 10:00:00,13.104748112895797,-0.09671584148109325,True
2015-01-17 02:00:00,13.086925632680291,-0.09671584148109325,True
2017-01-24 07:00:00,13.096419874870632,-0.09671584148109325,True
2014-12-01 02:00:00,13.06665526120967,-0.09671584148109325,True
2016-12-26 07:00:00,13.0974446019366,-0.09671584148109325,True
2016-12-21 06:00:00,13.068292640180712,-0.09671584148109325,True
2018-01-04 01:00:00,13.09138997835489,-0.09671584148109325,True
2014-12-02 09:00:00,13.066804918769948,-0.09671584148109325,True
2014-12-03 02:00:00,13.0962291544175,-0.09671584148109325,True
2015-12-03 15:00:00,13.084643927453689,-0.09671584148109325,True
2015-01-25 11:00:00,13.09888259657218,-0.09671584148109325,True
2016-01-03 15:00:00,13.07376127947972,-0.09671584148109325,True
2016-12-03 05:00:00,13.083417590957216,-0.09671584148109325,True
2017-01-22 16:00:00,13.076454328022724,-0.09671584148109325,True
2016-12-22 21:00:00,13.063256888552338,-0.09671584148109325,True
2016-12-11 01:00:00,13.086075579128346,-0.09671584148109325,True
2016-12-24 05:00:00,13.086298352164407,-0.09671584148109325,True
2015-10-23 22:00:00,13.086013725019784,-0.09671584148109325,True
2016-11-29 10:00:00,13.083501630136857,-0.09671584148109325,True
2014-11-03 20:00:00,13.08489748823978,-0.09671584148109325,True
2016-12-26 16:00:00,13.067646404092526,-0.09671584148109325,True
2016-01-19 00:00:00,13.100555878851557,-0.09671584148109325,True
2016-12-30 06:00:00,13.071883207550636,-0.09671584148109325,True
2016-12-30 11:00:00,13.0852584433177,-0.09671584148109325,True
2016-12-09 14:00:00,13.065016892764309,-0.09671584148109325,True
2015-11-11 17:00:00,13.08641661160589,-0.09671584148109325,True
2016-12-11 10:00:00,13.063074933741412,-0.09671584148109325,True
2016-12-25 11:00:00,13.098274126204098,-0.09671584148109325,True
2015-12-04 08:00:00,13.104731168884088,-0.09671584148109325,True
2013-11-01 18:00:00,13.075905671661983,-0.09671584148109325,True
2015-12-05 18:00:00,13.084277445445062,-0.09671584148109325,True
2016-01-04 11:00:00,13.083756200672498,-0.09671584148109325,True
2016-12-24 10:00:00,13.082583346537016,-0.09671584148109325,True
2016-12-22 09:00:00,13.103156185214155,-0.09671584148109325,True
2015-12-04 20:00:00,13.071650791938795,-0.09671584148109325,True
2012-11-30 00:00:00,0.2805520918641208,-0.09587529538878059,True
2009-11-23 00:00:00,0.2847006226268907,-0.09587529538878059,True
2007-12-01 23:00:00,0.2793458256727589,-0.09587529538878059,True
2008-09-24 23:00:00,0.2839427081434973,-0.09587529538878059,True
2009-03-11 17:00:00,0.2847006226268907,-0.09587529538878059,True
2006-07-31 23:00:00,0.277361797967244,-0.09587529538878059,True
2013-06-20 22:00:00,0.2803894750283373,-0.09587529538878059,True
2015-08-23 05:00:00,0.2847006226268907,-0.09587529538878059,True
2006-08-03 20:00:00,0.2847006226268907,-0.09587529538878059,True
2016-08-17 19:00:00,0.2847006226268907,-0.09587529538878059,True
2009-08-13 06:00:00,0.2860785474083074,-0.09587529538878059,True
2013-09-15 22:00:00,0.2787776954902862,-0.09587529538878059,True
2008-10-06 22:00:00,0.29190213819849,-0.09587529538878059,True
2008-04-24 05:00:00,0.2847006226268907,-0.09587529538878059,True
2013-12-01 17:00:00,13.041621339724374,-0.09447405446815993,True
2016-12-18 01:00:00,13.040690804362391,-0.09447405446815993,True
2017-01-23 20:00:00,13.03983593274836,-0.09447405446815993,True
2017-12-06 04:00:00,13.035948455735891,-0.09447405446815993,True
2016-12-20 05:00:00,13.038466919328227,-0.09447405446815993,True
2016-12-26 17:00:00,13.040651828207936,-0.09447405446815993,True
2016-12-12 09:00:00,13.042278773074994,-0.09447405446815993,True
2018-01-12 05:00:00,13.039031554738337,-0.09447405446815993,True
2016-12-23 19:00:00,13.036888703375183,-0.09447405446815993,True
2015-11-25 07:00:00,13.040908264967197,-0.09447405446815993,True
2015-01-05 03:00:00,13.035783277154104,-0.09447405446815993,True
2009-05-12 20:00:00,0.2970551560914221,-0.0937128951445193,True
2009-03-23 23:00:00,0.2970551560914221,-0.0937128951445193,True
2014-10-02 02:00:00,0.2970551560914221,-0.0937128951445193,True
2014-06-10 16:00:00,0.2970551560914221,-0.0937128951445193,True
2008-08-18 07:00:00,0.2970551560914221,-0.0937128951445193,True
2009-08-26 00:00:00,0.2970551560914221,-0.0937128951445193,True
2006-07-19 19:00:00,0.2970551560914221,-0.0937128951445193,True
2016-09-27 09:00:00,0.2970551560914221,-0.0937128951445193,True
2012-11-29 23:00:00,0.2970551560914221,-0.0937128951445193,True
2010-04-19 00:00:00,0.2970551560914221,-0.0937128951445193,True
2006-07-19 18:00:00,0.2970551560914221,-0.0937128951445193,True
2012-11-20 10:00:00,13.03295829091936,-0.09358368219471891,True
2016-12-18 19:00:00,13.03402908401992,-0.09358368219471891,True
2016-11-25 01:00:00,13.035223640751513,-0.09358368219471891,True
2016-12-10 10:00:00,13.021573243547346,-0.09313894766452924,True
2016-01-02 19:00:00,13.018888058976948,-0.09313894766452924,True
2017-12-20 08:00:00,13.02275438110157,-0.09313894766452924,True
2017-01-12 07:00:00,13.027183977049852,-0.09313894766452924,True
2015-12-03 04:00:00,13.0305349833566,-0.09313894766452924,True
2016-12-11 20:00:00,13.007472923426237,-0.09313894766452924,True
2016-11-24 02:00:00,13.004730698851874,-0.09313894766452924,True
2016-12-02 22:00:00,13.01125635324334,-0.09313894766452924,True
2016-12-22 14:00:00,13.010507579321056,-0.09313894766452924,True
2017-11-26 06:00:00,13.019194305662888,-0.09313894766452924,True
2016-12-04 03:00:00,13.031819199701117,-0.09313894766452924,True
2017-12-22 13:00:00,13.024237005694827,-0.09313894766452924,True
2013-11-04 19:00:00,13.020663151349735,-0.09313894766452924,True
2016-12-12 13:00:00,13.013721109078595,-0.09313894766452924,True
2015-01-05 23:00:00,13.009410833926893,-0.09313894766452924,True
2015-12-04 17:00:00,13.011213059222472,-0.09313894766452924,True
2016-12-21 03:00:00,13.009538217515528,-0.09313894766452924,True
2012-11-21 08:00:00,13.026192147417053,-0.09313894766452924,True
2015-01-06 14:00:00,13.026412568738207,-0.09313894766452924,True
2017-01-01 02:00:00,13.0250642358914,-0.09313894766452924,True
2015-01-17 03:00:00,13.024368289713692,-0.09313894766452924,True
2017-11-19 03:00:00,13.028723079920267,-0.09313894766452924,True
2015-01-25 13:00:00,13.026776332630662,-0.09313894766452924,True
2016-12-04 20:00:00,13.008550492562296,-0.09313894766452924,True
2016-12-19 19:00:00,13.01301890802972,-0.09313894766452924,True
2012-11-20 15:00:00,13.020898973353866,-0.09313894766452924,True
2016-01-14 08:00:00,13.008917258795126,-0.09313894766452924,True
2014-10-24 19:00:00,13.016152489065464,-0.09313894766452924,True
2017-01-24 16:00:00,13.007674318734196,-0.09313894766452924,True
2016-01-03 05:00:00,13.022123801857846,-0.09313894766452924,True
2016-12-27 03:00:00,13.02964182213056,-0.09313894766452924,True
2016-12-07 14:00:00,13.024347601637492,-0.09313894766452924,True
2015-01-04 17:00:00,13.00803690275883,-0.09313894766452924,True
2016-01-06 03:00:00,13.01774410233196,-0.09313894766452924,True
2017-01-15 10:00:00,13.006136923938223,-0.09313894766452924,True
2016-12-28 16:00:00,13.012953859156411,-0.09313894766452924,True
2017-11-20 03:00:00,13.011765443208326,-0.09313894766452924,True
2013-12-02 13:00:00,13.006355913339313,-0.09313894766452924,True
2017-01-15 05:00:00,13.008664567150696,-0.09313894766452924,True
2012-11-22 01:00:00,13.02425045035867,-0.09313894766452924,True
2012-11-20 08:00:00,13.0285775164325,-0.09313894766452924,True
2016-12-20 00:00:00,13.017522430628809,-0.09313894766452924,True
2016-12-16 07:00:00,13.030695222429411,-0.09313894766452924,True
2006-08-27 18:00:00,0.3100653365317645,-0.0919354117851855,True
2004-12-17 22:00:00,0.3063263395377174,-0.0919354117851855,True
2008-09-13 16:00:00,0.3082600209586416,-0.0919354117851855,True
2007-08-28 18:00:00,0.3082600209586416,-0.0919354117851855,True
2015-09-18 01:00:00,0.3082600209586416,-0.0919354117851855,True
2010-03-13 17:00:00,0.3082600209586416,-0.0919354117851855,True
2010-03-13 22:00:00,0.3028073933719245,-0.0919354117851855,True
2008-12-26 23:00:00,0.3059602782088181,-0.0919354117851855,True
2016-10-05 14:00:00,0.3082600209586416,-0.0919354117851855,True
2008-04-28 20:00:00,0.3054287868192699,-0.0919354117851855,True
2011-08-14 17:00:00,0.3082600209586416,-0.0919354117851855,True
2009-09-16 01:00:00,0.3031574432785213,-0.0919354117851855,True
2012-12-01 06:00:00,0.3122944764084061,-0.0919354117851855,True
2004-08-18 19:00:00,0.3082600209586416,-0.0919354117851855,True
2004-10-28 03:00:00,0.3082600209586416,-0.0919354117851855,True
2017-01-02 17:00:00,12.99472997969335,-0.09136301550524928,True
2016-12-03 22:00:00,12.995590313113471,-0.09136301550524928,True
2017-12-15 10:00:00,12.998939687627471,-0.09136301550524928,True
2015-10-19 17:00:00,12.999222841113763,-0.09136301550524928,True
2017-01-08 14:00:00,12.993190405918556,-0.09136301550524928,True
2016-01-26 05:00:00,12.994045581689493,-0.09136301550524928,True
2016-01-05 12:00:00,12.993797552554325,-0.09136301550524928,True
2016-01-05 22:00:00,12.99469689282377,-0.09136301550524928,True
2015-12-05 06:00:00,12.993350137041304,-0.09136301550524928,True
2017-01-05 09:00:00,12.995787866073549,-0.09136301550524928,True
2013-12-02 01:00:00,12.998267518204653,-0.09136301550524928,True
2017-01-15 07:00:00,12.995551151871467,-0.09136301550524928,True
2016-12-21 13:00:00,12.994306538524931,-0.09136301550524928,True
2015-11-17 17:00:00,12.975570451125414,-0.09127106780920002,True
2016-12-18 11:00:00,12.970210836678849,-0.09127106780920002,True
2016-12-31 11:00:00,12.975199658140363,-0.09127106780920002,True
2015-01-07 15:00:00,12.97155506872113,-0.09127106780920002,True
2016-12-10 00:00:00,12.971636779450725,-0.09127106780920002,True
2016-12-24 00:00:00,12.972444422446866,-0.09127106780920002,True
2013-06-20 23:00:00,0.318288128627475,-0.09104847241036462,True
2016-07-18 05:00:00,0.3186030805603271,-0.09104847241036462,True
2013-01-22 06:00:00,0.31983361733105,-0.09104847241036462,True
2017-01-16 20:00:00,12.979364535698377,-0.09082789743305342,True
2013-12-01 05:00:00,12.97955794242388,-0.09082789743305342,True
2014-01-07 22:00:00,12.97997326980044,-0.09082789743305342,True
2017-01-04 03:00:00,12.99040213612683,-0.09082789743305342,True
2016-01-06 11:00:00,12.98690196277231,-0.09082789743305342,True
2016-12-05 17:00:00,12.987117384767435,-0.09082789743305342,True
2016-12-06 16:00:00,12.97861333457108,-0.09082789743305342,True
2017-01-05 04:00:00,12.990449675257716,-0.09082789743305342,True
2015-01-07 10:00:00,12.983687413905358,-0.09082789743305342,True
2017-01-12 12:00:00,12.982031264020042,-0.09082789743305342,True
2017-11-18 19:00:00,12.977841261906509,-0.09082789743305342,True
2016-12-26 12:00:00,12.9674800589766,-0.09082789743305342,True
2014-12-05 00:00:00,12.98223595337745,-0.09082789743305342,True
2016-11-25 06:00:00,12.989821083539589,-0.09082789743305342,True
2016-12-18 14:00:00,12.985626705847642,-0.09082789743305342,True
2016-12-20 10:00:00,12.96832846488558,-0.09082789743305342,True
2016-12-10 15:00:00,12.977070546558709,-0.09082789743305342,True
2017-12-07 21:00:00,12.98438837975759,-0.09082789743305342,True
2012-11-22 17:00:00,12.968602326599465,-0.09082789743305342,True
2015-11-30 11:00:00,12.987730828331737,-0.09082789743305342,True
2018-01-13 20:00:00,12.98487802017256,-0.09082789743305342,True
2014-01-07 19:00:00,12.986073275310329,-0.09082789743305342,True
2017-12-06 23:00:00,12.98937158676018,-0.09082789743305342,True
2016-01-03 10:00:00,12.980283914283008,-0.09082789743305342,True
2015-01-21 14:00:00,12.982776239334768,-0.09082789743305342,True
2005-03-11 10:00:00,0.3253097918118328,-0.09060545258828157,True
2011-09-08 12:00:00,0.3253097918118328,-0.09060545258828157,True
2008-05-20 19:00:00,0.329529315975985,-0.09060545258828157,True
2004-05-26 19:00:00,0.3253097918118328,-0.09060545258828157,True
2004-03-18 16:00:00,0.3253097918118328,-0.09060545258828157,True
2008-09-13 23:00:00,0.3253097918118328,-0.09060545258828157,True
2004-05-26 23:00:00,0.3366236709046126,-0.09060545258828157,True
2017-09-28 17:00:00,0.3253097918118328,-0.09060545258828157,True
2004-09-18 06:00:00,0.3253097918118328,-0.09060545258828157,True
2013-01-25 07:00:00,0.3299196573568196,-0.09060545258828157,True
2007-12-16 01:00:00,0.3273751270270017,-0.09060545258828157,True
2013-05-21 21:00:00,0.3253097918118328,-0.09060545258828157,True
2007-03-03 09:00:00,0.3253097918118328,-0.09060545258828157,True
2018-09-16 16:00:00,0.3253097918118328,-0.09060545258828157,True
2012-11-21 01:00:00,12.962406326310164,-0.09038502679850657,True
2016-12-23 00:00:00,12.962518530200551,-0.09038502679850657,True
2016-01-15 14:00:00,12.962521794187396,-0.09038502679850657,True
2016-01-19 07:00:00,12.965164192293155,-0.09038502679850657,True
2017-01-04 23:00:00,12.9527254289563,-0.08905821131782554,True
2014-12-02 14:00:00,12.961188083938412,-0.08905821131782554,True
2016-01-06 14:00:00,12.953215243837324,-0.08905821131782554,True
2018-01-18 10:00:00,12.958393518355091,-0.08905821131782554,True
2016-01-05 07:00:00,12.95556617091674,-0.08905821131782554,True
2016-11-24 04:00:00,12.96158469443558,-0.08905821131782554,True
2016-12-23 05:00:00,12.958729158011511,-0.08905821131782554,True
2014-01-06 21:00:00,12.958879058390574,-0.08905821131782554,True
2017-11-18 22:00:00,12.961426645685425,-0.08905821131782554,True
2016-12-25 13:00:00,12.957903217283606,-0.08905821131782554,True
2016-01-19 12:00:00,12.959398754882912,-0.08905821131782554,True
2016-12-24 23:00:00,12.95545984228464,-0.08905821131782554,True
2016-11-29 06:00:00,12.895645389600224,-0.0884334257897017,True
2016-12-19 22:00:00,12.89666057335758,-0.0884334257897017,True
2015-12-04 13:00:00,12.894241379353854,-0.0884334257897017,True
2015-09-10 00:00:00,0.3407557012748536,-0.08795361900255205,True
2007-12-04 23:00:00,0.3407557012748536,-0.08795361900255205,True
2018-09-16 17:00:00,0.3406461762459811,-0.08795361900255205,True
2005-09-01 00:00:00,0.3407557012748536,-0.08795361900255205,True
2010-01-01 01:00:00,0.3407557012748536,-0.08795361900255205,True
2012-11-23 18:00:00,12.94544317192389,-0.08773408622139556,True
2014-12-01 00:00:00,12.943352816508872,-0.08773408622139556,True
2016-12-11 15:00:00,12.948216804462335,-0.08773408622139556,True
2017-01-06 03:00:00,12.945250098326724,-0.08773408622139556,True
2014-12-02 22:00:00,12.948347398709233,-0.08773408622139556,True
2016-12-17 20:00:00,12.942703073054638,-0.08773408622139556,True
2015-11-24 12:00:00,12.948622314795587,-0.08773408622139556,True
2016-12-21 21:00:00,12.948646007096428,-0.08773408622139556,True
2012-11-20 00:00:00,12.946046572014424,-0.08773408622139556,True
2012-11-20 03:00:00,12.950769869558306,-0.08773408622139556,True
2012-11-18 03:00:00,12.946400618933636,-0.08773408622139556,True
2017-01-08 18:00:00,12.944935871013966,-0.08773408622139556,True
2016-08-11 14:00:00,0.3520228653029941,-0.08751269240772752,True
2011-11-29 19:00:00,0.3508438564661844,-0.08751269240772752,True
2016-12-24 13:00:00,12.940801924752488,-0.08720193142968191,True
2013-10-28 20:00:00,12.803594147047026,-0.08720193142968191,True
2013-10-21 20:00:00,12.797427558959356,-0.08720193142968191,True
2016-12-07 04:00:00,12.799653162256186,-0.08720193142968191,True
2014-10-22 18:00:00,12.941177275222554,-0.08720193142968191,True
2013-10-23 18:00:00,12.81224283429155,-0.08720193142968191,True
2017-01-15 00:00:00,12.942018940465806,-0.08720193142968191,True
2013-12-02 11:00:00,12.80345570675632,-0.08720193142968191,True
2016-01-12 21:00:00,12.81269614608184,-0.08720193142968191,True
2014-12-05 07:00:00,12.813158422893848,-0.08720193142968191,True
2017-01-18 04:00:00,12.94140975586576,-0.08720193142968191,True
2012-11-22 02:00:00,12.79153736220016,-0.08720193142968191,True
2014-11-17 23:00:00,12.804812460722658,-0.08720193142968191,True
2016-01-15 18:00:00,12.813816635567688,-0.08720193142968191,True
2017-11-19 11:00:00,12.79581192013778,-0.08720193142968191,True
2016-11-18 14:00:00,12.795925294561073,-0.08720193142968191,True
2017-01-26 18:00:00,12.790848752305653,-0.08720193142968191,True
2014-01-07 04:00:00,12.795986647323211,-0.08720193142968191,True
2015-11-17 18:00:00,12.806116269641109,-0.08720193142968191,True
2015-11-25 12:00:00,12.803921919688444,-0.08720193142968191,True
2017-01-16 09:00:00,12.81412302811714,-0.08720193142968191,True
2017-11-15 21:00:00,12.799011282800365,-0.08720193142968191,True
2016-12-16 12:00:00,12.81410534385177,-0.08720193142968191,True
2017-01-17 16:00:00,12.79102783499963,-0.08720193142968191,True
2015-01-07 00:00:00,12.79171703516525,-0.08720193142968191,True
2014-01-08 06:00:00,12.804751226539675,-0.08720193142968191,True
2015-12-02 20:00:00,12.813588087152985,-0.08720193142968191,True
2017-01-18 00:00:00,12.796457911009291,-0.08720193142968191,True
2016-12-11 03:00:00,12.811961191299126,-0.08720193142968191,True
2017-01-11 00:00:00,12.942278002623494,-0.08720193142968191,True
2016-12-16 18:00:00,12.803439340252607,-0.08720193142968191,True
2017-01-08 20:00:00,12.940252254961774,-0.08720193142968191,True
2017-01-25 07:00:00,12.89895423905376,-0.08711056757112312,True
2016-12-29 20:00:00,12.907380930431655,-0.08711056757112312,True
2016-12-27 19:00:00,12.907681983845984,-0.08711056757112312,True
2017-01-05 10:00:00,12.9049126567679,-0.08711056757112312,True
2017-01-05 14:00:00,12.900783562638184,-0.08711056757112312,True
2014-12-06 08:00:00,12.903619848520709,-0.08711056757112312,True
2015-11-04 17:00:00,12.903272221984716,-0.08711056757112312,True
2016-01-18 19:00:00,12.91083165750974,-0.08711056757112312,True
2016-01-18 12:00:00,12.903540399235563,-0.08711056757112312,True
2016-01-18 05:00:00,12.901562019548312,-0.08711056757112312,True
2016-12-10 12:00:00,12.90120390141722,-0.08711056757112312,True
2016-11-18 03:00:00,12.90687263224866,-0.08711056757112312,True
2014-12-05 08:00:00,12.912699225034311,-0.08711056757112312,True
2016-12-12 23:00:00,12.908430999396806,-0.08711056757112312,True
2015-01-25 12:00:00,12.898216945123274,-0.08711056757112312,True
2016-12-03 20:00:00,12.905281626881449,-0.08711056757112312,True
2016-12-23 20:00:00,12.906164987267733,-0.08711056757112312,True
2014-12-04 05:00:00,12.913622951064966,-0.08711056757112312,True
2014-01-07 12:00:00,12.912769778098172,-0.08711056757112312,True
2012-11-22 22:00:00,12.90941328945688,-0.08711056757112312,True
2017-01-04 13:00:00,12.905025834439735,-0.08711056757112312,True
2017-01-05 17:00:00,12.913332431514142,-0.08711056757112312,True
2016-12-16 08:00:00,12.900490798819115,-0.08711056757112312,True
2017-01-23 23:00:00,12.91220532128566,-0.08711056757112312,True
2016-11-24 07:00:00,12.912098109816776,-0.08711056757112312,True
2015-01-21 22:00:00,12.902785089258602,-0.08711056757112312,True
2013-06-21 00:00:00,0.3561867822266127,-0.08707206403690448,True
2018-09-16 18:00:00,0.3559825606801294,-0.08707206403690448,True
2004-08-05 04:00:00,0.3580282850690462,-0.08707206403690448,True
2011-11-30 00:00:00,0.3595869242986711,-0.08707206403690448,True
2016-12-25 03:00:00,12.929056536231515,-0.08676151324437154,True
2016-11-07 14:00:00,12.815734092611905,-0.08676151324437154,True
2016-12-10 05:00:00,12.935450030657588,-0.08676151324437154,True
2014-12-06 06:00:00,12.931241926535794,-0.08676151324437154,True
2016-12-22 02:00:00,12.811354395725491,-0.08676151324437154,True
2017-01-08 17:00:00,12.935699894924982,-0.08676151324437154,True
2016-12-22 06:00:00,12.81631127451666,-0.08676151324437154,True
2015-12-05 16:00:00,12.818446455241585,-0.08676151324437154,True
2014-11-17 20:00:00,12.790293039298437,-0.08676151324437154,True
2015-12-05 03:00:00,12.934968598319111,-0.08676151324437154,True
2014-11-03 21:00:00,12.93342377127898,-0.08676151324437154,True
2018-01-17 02:00:00,12.929330190003796,-0.08676151324437154,True
2016-12-03 10:00:00,12.925208399669858,-0.08676151324437154,True
2018-01-27 14:00:00,12.936094180709135,-0.08676151324437154,True
2015-11-25 01:00:00,12.937650624769756,-0.08676151324437154,True
2012-11-23 08:00:00,12.815323085578385,-0.08676151324437154,True
2017-01-16 07:00:00,12.815471818764,-0.08676151324437154,True
2016-12-06 23:00:00,12.818491424276187,-0.08676151324437154,True
2014-12-01 04:00:00,12.816609269165658,-0.08676151324437154,True
2017-12-09 07:00:00,12.925546572870354,-0.08676151324437154,True
2017-12-06 16:00:00,12.927741114309914,-0.08676151324437154,True
2016-11-24 23:00:00,12.820749046190931,-0.08676151324437154,True
2013-12-02 08:00:00,12.930392420935595,-0.08676151324437154,True
2016-11-25 04:00:00,12.811432784977804,-0.08676151324437154,True
2015-11-24 20:00:00,12.82199476643206,-0.08676151324437154,True
2016-12-16 02:00:00,12.924913423177571,-0.08676151324437154,True
2012-11-21 13:00:00,12.820458436610611,-0.08676151324437154,True
2016-01-03 17:00:00,12.931786868532605,-0.08676151324437154,True
2017-01-03 12:00:00,12.935459035610004,-0.08676151324437154,True
2015-11-25 17:00:00,12.927482701421017,-0.08676151324437154,True
2014-12-02 02:00:00,12.928975280901794,-0.08676151324437154,True
2015-12-05 13:00:00,12.926948759904356,-0.08676151324437154,True
2017-11-06 17:00:00,12.81163100302384,-0.08676151324437154,True
2016-12-12 14:00:00,12.929895999160037,-0.08676151324437154,True
2017-01-06 10:00:00,12.934875132776275,-0.08676151324437154,True
2017-11-19 02:00:00,12.926272495238766,-0.08676151324437154,True
2016-11-29 08:00:00,12.92824761843458,-0.08676151324437154,True
2013-12-01 08:00:00,12.93676208447418,-0.08676151324437154,True
2017-01-18 23:00:00,12.925588664086954,-0.08676151324437154,True
2015-11-11 20:00:00,12.790492671805026,-0.08676151324437154,True
2017-01-16 00:00:00,12.936060434178064,-0.08676151324437154,True
2016-12-23 12:00:00,12.937070305259445,-0.08676151324437154,True
2016-01-19 02:00:00,12.810803126121796,-0.08676151324437154,True
2015-11-09 18:00:00,12.814963564499974,-0.08676151324437154,True
2016-12-07 20:00:00,12.928743973098008,-0.08676151324437154,True
2017-01-21 12:00:00,12.931751959014122,-0.08676151324437154,True
2017-01-06 00:00:00,12.925455769457542,-0.08676151324437154,True
2017-01-04 07:00:00,12.81466002583751,-0.08676151324437154,True
2016-11-24 11:00:00,12.91419525291343,-0.08667021118044205,True
2015-01-24 01:00:00,12.913151865083108,-0.08667021118044205,True
2013-01-25 05:00:00,0.3626712432089674,-0.08663173368837696,True
2015-01-07 20:00:00,12.73408282680115,-0.0863866633776651,True
2016-01-13 02:00:00,12.744524849586336,-0.0863866633776651,True
2015-01-07 11:00:00,12.73001897837164,-0.0863866633776651,True
2017-01-10 09:00:00,12.728454747684223,-0.0863866633776651,True
2018-01-26 02:00:00,12.73918553152319,-0.0863866633776651,True
2014-01-07 05:00:00,12.739961440321231,-0.0863866633776651,True
2012-11-19 22:00:00,12.74456987452356,-0.0863866633776651,True
2017-01-16 23:00:00,12.739395152133744,-0.0863866633776651,True
2016-12-25 19:00:00,12.731832367378766,-0.0863866633776651,True
2012-11-24 04:00:00,12.734770319269185,-0.0863866633776651,True
2016-01-06 13:00:00,12.738938235856876,-0.0863866633776651,True
2017-01-01 22:00:00,12.733341472099193,-0.0863866633776651,True
2012-11-23 21:00:00,12.727692707816836,-0.0863866633776651,True
2017-01-16 04:00:00,12.733407107692564,-0.0863866633776651,True
2013-11-08 20:00:00,12.742167989634234,-0.0863866633776651,True
2013-10-07 18:00:00,12.742816865278876,-0.0863866633776651,True
2015-01-05 20:00:00,12.722891402906544,-0.0863866633776651,True
2017-12-20 07:00:00,12.73479404254811,-0.0863866633776651,True
2017-12-07 09:00:00,12.740576010611534,-0.0863866633776651,True
2017-01-10 21:00:00,12.72860326285828,-0.0863866633776651,True
2012-11-24 09:00:00,12.722125440791226,-0.0863866633776651,True
2016-12-27 09:00:00,12.744737164460709,-0.0863866633776651,True
2017-01-02 23:00:00,12.738329881189356,-0.0863866633776651,True
2017-01-03 04:00:00,12.727592542851676,-0.0863866633776651,True
2014-12-04 10:00:00,12.720578990388905,-0.0863866633776651,True
2017-01-21 07:00:00,12.729978664033148,-0.0863866633776651,True
2016-01-02 17:00:00,12.728064109156769,-0.0863866633776651,True
2016-12-13 02:00:00,12.737821071635253,-0.0863866633776651,True
2016-12-20 17:00:00,12.739717454533908,-0.0863866633776651,True
2017-01-08 16:00:00,12.72925262176634,-0.0863866633776651,True
2015-12-02 22:00:00,12.739644055874724,-0.0863866633776651,True
2016-12-17 21:00:00,12.741598544237988,-0.0863866633776651,True
2016-12-26 06:00:00,12.741862690006256,-0.0863866633776651,True
2016-12-05 01:00:00,12.736039732282018,-0.0863866633776651,True
2017-01-12 09:00:00,12.746401004676454,-0.0863866633776651,True
2016-12-30 08:00:00,12.72499852583234,-0.0863866633776651,True
2017-01-18 18:00:00,12.722109188899196,-0.0863866633776651,True
2017-01-17 19:00:00,12.738557558920071,-0.0863866633776651,True
2014-01-07 14:00:00,12.737984321717716,-0.0863866633776651,True
2016-01-01 21:00:00,12.720478129287107,-0.0863866633776651,True
2016-12-30 03:00:00,12.744021180965117,-0.0863866633776651,True
2014-11-17 14:00:00,12.822879054597326,-0.08632139293919605,True
2016-12-27 08:00:00,12.82273854431819,-0.08632139293919605,True
2014-11-17 03:00:00,12.789175275867924,-0.08632139293919605,True
2013-12-01 13:00:00,12.822855017810516,-0.08632139293919605,True
2015-11-09 17:00:00,12.822534660137556,-0.08632139293919605,True
2016-12-29 17:00:00,12.78953762170358,-0.08632139293919605,True
2016-12-05 23:00:00,12.788758529911108,-0.08632139293919605,True
2016-12-30 01:00:00,12.787964380794667,-0.08632139293919605,True
2013-12-03 21:00:00,12.892559116620376,-0.08623015262810063,True
2017-01-03 14:00:00,12.893342851122911,-0.08623015262810063,True
2016-12-25 08:00:00,12.891784921803078,-0.08623015262810063,True
2016-12-03 15:00:00,12.89163386906412,-0.08623015262810063,True
2016-01-03 12:00:00,12.716989337459507,-0.08594679660500171,True
2016-01-22 08:00:00,12.718280983770368,-0.08594679660500171,True
2016-12-24 22:00:00,12.71677512839819,-0.08594679660500171,True
2016-12-21 20:00:00,12.71671117361774,-0.08594679660500171,True
2016-01-04 10:00:00,12.71671151070544,-0.08594679660500171,True
2017-01-23 15:00:00,12.7195760111495,-0.08594679660500171,True
2015-01-06 13:00:00,12.921329472787171,-0.08588157031268207,True
2017-01-25 09:00:00,12.924432394997256,-0.08588157031268207,True
2016-12-06 08:00:00,12.920938464459256,-0.08588157031268207,True
2016-12-28 11:00:00,12.92208462476778,-0.08588157031268207,True
2014-12-01 21:00:00,12.921167915998746,-0.08588157031268207,True
2014-01-07 17:00:00,12.921301550602632,-0.08588157031268207,True
2013-12-02 16:00:00,12.891115095524356,-0.08579039171265379,True
2017-11-26 08:00:00,12.890806660781603,-0.08579039171265379,True
2015-11-25 16:00:00,12.891030984499226,-0.08579039171265379,True
2017-11-15 19:00:00,12.709374759317749,-0.0855072273395211,True
2014-11-17 21:00:00,12.708671316813804,-0.0855072273395211,True
2016-12-25 09:00:00,12.694945959491765,-0.0855072273395211,True
2016-12-12 06:00:00,12.711231466541324,-0.0855072273395211,True
2014-12-02 12:00:00,12.708098450102328,-0.0855072273395211,True
2016-12-05 02:00:00,12.702130093327892,-0.0855072273395211,True
2016-12-04 16:00:00,12.708145083068835,-0.0855072273395211,True
2017-11-25 19:00:00,12.711101471442726,-0.0855072273395211,True
2017-01-25 04:00:00,12.706622847790609,-0.0855072273395211,True
2016-12-13 22:00:00,12.694602685242494,-0.0855072273395211,True
2016-12-05 06:00:00,12.704061562869814,-0.0855072273395211,True
2016-12-19 09:00:00,12.750570070545516,-0.0855072273395211,True
2017-12-09 08:00:00,12.711887381488578,-0.0855072273395211,True
2012-11-23 23:00:00,12.752160035911087,-0.0855072273395211,True
2018-01-13 18:00:00,12.70012556267874,-0.0855072273395211,True
2015-12-03 21:00:00,12.713915777470158,-0.0855072273395211,True
2015-01-06 08:00:00,12.697675655625398,-0.0855072273395211,True
2013-12-04 02:00:00,12.700527390044536,-0.0855072273395211,True
2017-01-21 02:00:00,12.69491712010458,-0.0855072273395211,True
2017-01-03 00:00:00,12.715525426266804,-0.0855072273395211,True
2017-01-24 02:00:00,12.701244880464971,-0.0855072273395211,True
2016-12-06 21:00:00,12.703897800038929,-0.0855072273395211,True
2016-01-26 06:00:00,12.711637286022231,-0.0855072273395211,True
2013-12-03 09:00:00,12.750992006213748,-0.0855072273395211,True
2013-12-02 21:00:00,12.716018811703766,-0.0855072273395211,True
2013-10-25 19:00:00,12.71510387792933,-0.0855072273395211,True
2013-10-21 18:00:00,12.694237969312391,-0.0855072273395211,True
2015-01-04 12:00:00,12.751580726450769,-0.0855072273395211,True
2016-01-17 19:00:00,12.748095195789029,-0.0855072273395211,True
2016-01-18 13:00:00,12.708262485303422,-0.0855072273395211,True
2014-01-05 18:00:00,12.701005704348663,-0.0855072273395211,True
2015-01-07 06:00:00,12.710706752476066,-0.0855072273395211,True
2016-12-04 08:00:00,12.701122868583765,-0.0855072273395211,True
2016-12-26 11:00:00,12.714390575752494,-0.0855072273395211,True
2016-12-04 01:00:00,12.700295111307518,-0.0855072273395211,True
2017-01-11 18:00:00,12.7115890635155,-0.0855072273395211,True
2015-01-04 15:00:00,12.697596544573422,-0.0855072273395211,True
2016-12-22 07:00:00,12.713290590871518,-0.0855072273395211,True
2015-01-03 09:00:00,12.703339767738614,-0.0855072273395211,True
2016-01-05 03:00:00,12.70171082467496,-0.0855072273395211,True
2015-11-25 06:00:00,12.707620498163376,-0.0855072273395211,True
2014-01-13 13:00:00,12.823478577867323,-0.0854420451634923,True
2015-01-06 23:00:00,12.919590359346133,-0.08535092823279233,True
2016-12-07 19:00:00,12.887301938219226,-0.08535092823279233,True
2016-12-21 08:00:00,12.918046218960262,-0.08535092823279233,True
2018-01-03 08:00:00,12.88793503710152,-0.08535092823279233,True
2016-12-15 05:00:00,12.887560736967616,-0.08535092823279233,True
2013-12-02 06:00:00,12.886934415494554,-0.08535092823279233,True
2016-12-19 12:00:00,12.914521791396687,-0.08535092823279233,True
2016-01-05 13:00:00,12.91494192279256,-0.08535092823279233,True
2016-12-29 02:00:00,12.919801815868537,-0.08535092823279233,True
2012-11-23 11:00:00,12.887895689385717,-0.08535092823279233,True
2012-11-20 20:00:00,12.917525441706823,-0.08535092823279233,True
2016-11-18 09:00:00,12.918414323933533,-0.08535092823279233,True
2015-01-06 19:00:00,12.915338704585473,-0.08535092823279233,True
2012-11-23 16:00:00,12.915352033132672,-0.08535092823279233,True
2013-12-03 04:00:00,12.88767423061942,-0.08535092823279233,True
2014-11-17 10:00:00,12.919056520725734,-0.08535092823279233,True
2015-12-02 15:00:00,12.918272119374,-0.08535092823279233,True
2016-12-15 21:00:00,12.91622061010451,-0.08535092823279233,True
2017-11-25 09:00:00,12.757546091957732,-0.08506795538000211,True
2017-11-26 13:00:00,12.762090131981358,-0.08506795538000211,True
2015-12-05 08:00:00,12.7697941129468,-0.08506795538000211,True
2016-01-02 22:00:00,12.761378413488885,-0.08506795538000211,True
2016-11-18 07:00:00,12.772442699005394,-0.08506795538000211,True
2016-12-07 09:00:00,12.753775723338489,-0.08506795538000211,True
2016-01-15 16:00:00,12.775803595075574,-0.08506795538000211,True
2015-12-05 11:00:00,12.764307328976535,-0.08506795538000211,True
2017-11-19 16:00:00,12.770440613429024,-0.08506795538000211,True
2013-12-02 03:00:00,12.76185420688392,-0.08506795538000211,True
2016-12-20 22:00:00,12.76456687112927,-0.08506795538000211,True
2016-12-28 17:00:00,12.7569282857716,-0.08506795538000211,True
2017-01-17 23:00:00,12.758195542375889,-0.08506795538000211,True
2017-01-04 19:00:00,12.776465836573117,-0.08506795538000211,True
2017-01-21 15:00:00,12.768450336692815,-0.08506795538000211,True
2014-01-13 16:00:00,12.771831198024095,-0.08506795538000211,True
2016-12-19 00:00:00,12.764911591559212,-0.08506795538000211,True
2014-01-13 06:00:00,12.754813381787136,-0.08506795538000211,True
2016-10-19 19:00:00,12.77036319839295,-0.08506795538000211,True
2017-12-06 21:00:00,12.77281833087214,-0.08506795538000211,True
2016-12-20 08:00:00,12.770921297259688,-0.08506795538000211,True
2014-12-06 18:00:00,12.775267468863117,-0.08506795538000211,True
2014-12-01 11:00:00,12.771529190983012,-0.08506795538000211,True
2015-11-21 18:00:00,12.76566188318135,-0.08506795538000211,True
2015-12-03 20:00:00,12.756747144754302,-0.08506795538000211,True
2016-11-24 17:00:00,12.759973908061776,-0.08506795538000211,True
2014-12-03 13:00:00,12.76260141682326,-0.08506795538000211,True
2016-01-12 23:00:00,12.763527370183455,-0.08506795538000211,True
2014-12-06 01:00:00,12.756361806468227,-0.08506795538000211,True
2016-01-13 12:00:00,12.769022711320916,-0.08506795538000211,True
2017-01-18 05:00:00,12.76784355742524,-0.08506795538000211,True
2015-12-03 16:00:00,12.77210307355911,-0.08506795538000211,True
2017-01-14 21:00:00,12.757526415869703,-0.08506795538000211,True
2017-12-07 19:00:00,12.775586339721553,-0.08506795538000211,True
2016-12-23 10:00:00,12.752683545105974,-0.08506795538000211,True
2012-11-19 15:00:00,12.753421406559823,-0.08506795538000211,True
2016-01-06 06:00:00,12.8253873603971,-0.0850028172904258,True
2016-10-17 20:00:00,12.824829188474856,-0.0850028172904258,True
2014-12-05 12:00:00,12.824012937405506,-0.0850028172904258,True
2017-12-28 00:00:00,12.826193272007735,-0.0850028172904258,True
2017-12-06 11:00:00,12.826257070608063,-0.0850028172904258,True
2014-01-06 13:00:00,11.908231420963116,-0.0850021311988517,True
2016-01-21 22:00:00,11.911364816738686,-0.0850021311988517,True
2017-10-25 17:00:00,11.908063864738072,-0.0850021311988517,True
2016-12-18 15:00:00,11.875072239245544,-0.0850021311988517,True
2012-11-23 17:00:00,11.909422295768998,-0.0850021311988517,True
2015-10-28 16:00:00,11.880177131639176,-0.0850021311988517,True
2013-12-03 08:00:00,11.911258681234925,-0.0850021311988517,True
2016-01-03 16:00:00,11.906556771359972,-0.0850021311988517,True
2017-01-15 06:00:00,11.906241847211987,-0.0850021311988517,True
2015-11-26 20:00:00,11.904238747102871,-0.0850021311988517,True
2013-12-04 20:00:00,11.876025084238869,-0.0850021311988517,True
2016-12-18 10:00:00,11.904994833362853,-0.0850021311988517,True
2016-10-26 16:00:00,11.911511604773963,-0.0850021311988517,True
2014-12-10 18:00:00,11.904649890321757,-0.0850021311988517,True
2015-12-31 15:00:00,11.879342105203266,-0.0850021311988517,True
2016-12-25 12:00:00,11.908173798434303,-0.0850021311988517,True
2014-11-23 20:00:00,11.881671577640716,-0.0850021311988517,True
2014-01-13 10:00:00,11.904424980534245,-0.0850021311988517,True
2015-12-05 07:00:00,11.87840478469784,-0.0850021311988517,True
2016-01-26 00:00:00,11.88139444034126,-0.0850021311988517,True
2015-01-05 19:00:00,11.909672732976892,-0.0850021311988517,True
2016-12-19 01:00:00,11.87478625703235,-0.0850021311988517,True
2016-12-24 14:00:00,11.909894282754172,-0.0850021311988517,True
2014-12-07 02:00:00,11.90872789065924,-0.0850021311988517,True
2016-01-21 12:00:00,11.879237230694134,-0.0850021311988517,True
2012-11-19 19:00:00,12.68843954074694,-0.08497689093746064,True
2013-11-12 00:00:00,12.68950544942092,-0.08497689093746064,True
2016-12-06 04:00:00,12.691577829875474,-0.08497689093746064,True
2016-12-19 05:00:00,12.691775832023664,-0.08497689093746064,True
2016-12-11 08:00:00,12.68892751560996,-0.08497689093746064,True
2017-01-18 10:00:00,12.688139049145349,-0.08497689093746064,True
2016-12-15 00:00:00,12.881407405913238,-0.08491176198734363,True
2015-12-04 22:00:00,12.889084601421708,-0.08491176198734363,True
2016-12-12 04:00:00,12.883247759803863,-0.08491176198734363,True
2015-12-04 18:00:00,12.888367490793856,-0.08491176198734363,True
2017-12-07 17:00:00,12.883521234178668,-0.08491176198734363,True
2017-01-15 12:00:00,12.881487872597196,-0.08491176198734363,True
2017-01-05 05:00:00,12.885620434403982,-0.08491176198734363,True
2016-12-06 11:00:00,12.889454551615325,-0.08491176198734363,True
2014-12-05 03:00:00,12.88517397340195,-0.08491176198734363,True
2016-12-20 03:00:00,12.880530654005325,-0.08491176198734363,True
2015-01-07 21:00:00,12.888752460964978,-0.08491176198734363,True
2013-12-02 23:00:00,12.888641658912077,-0.08491176198734363,True
2016-12-10 17:00:00,12.88558267483206,-0.08491176198734363,True
2016-12-14 02:00:00,12.889740878855688,-0.08491176198734363,True
2014-12-03 18:00:00,12.885637387445906,-0.08491176198734363,True
2012-11-21 06:00:00,12.888952175301627,-0.08491176198734363,True
2016-12-14 08:00:00,12.885394734609484,-0.08491176198734363,True
2017-01-24 05:00:00,12.88569687502376,-0.08491176198734363,True
2017-11-26 07:00:00,11.925684415233512,-0.08465420725484796,True
2014-11-17 01:00:00,11.927317029539294,-0.08465420725484796,True
2016-12-07 00:00:00,11.918279515395191,-0.08465420725484796,True
2012-11-24 22:00:00,11.92334817531617,-0.08465420725484796,True
2017-01-14 23:00:00,11.92000279659458,-0.08465420725484796,True
2015-11-26 08:00:00,11.918759171106757,-0.08465420725484796,True
2016-01-13 05:00:00,11.918604255127285,-0.08465420725484796,True
2016-11-25 07:00:00,11.931054334303289,-0.08465420725484796,True
2014-01-16 17:00:00,11.93791170694176,-0.08465420725484796,True
2015-11-18 07:00:00,11.968812587210968,-0.08465420725484796,True
2013-12-02 22:00:00,11.925083606266368,-0.08465420725484796,True
2017-01-17 17:00:00,11.91751689639232,-0.08465420725484796,True
2016-11-26 07:00:00,11.92086234540375,-0.08465420725484796,True
2016-12-20 11:00:00,11.936599423468616,-0.08465420725484796,True
2015-01-06 00:00:00,11.934329006573586,-0.08465420725484796,True
2015-11-26 22:00:00,11.968427885870344,-0.08465420725484796,True
2012-11-26 15:00:00,11.969165176812863,-0.08465420725484796,True
2014-01-06 07:00:00,11.968855689423547,-0.08465420725484796,True
2014-01-05 11:00:00,11.92102189107552,-0.08465420725484796,True
2016-12-19 08:00:00,11.921941757186111,-0.08465420725484796,True
2014-12-07 07:00:00,11.927538869277887,-0.08465420725484796,True
2014-11-30 22:00:00,11.931964617435234,-0.08465420725484796,True
2015-12-06 21:00:00,11.919990064227948,-0.08465420725484796,True
2014-01-04 20:00:00,11.933005760402336,-0.08465420725484796,True
2015-10-30 19:00:00,11.968511777600355,-0.08465420725484796,True
2014-11-24 15:00:00,11.935730324777571,-0.08465420725484796,True
2016-01-18 01:00:00,11.926808865598929,-0.08465420725484796,True
2017-01-03 11:00:00,11.92638663225806,-0.08465420725484796,True
2017-01-03 08:00:00,11.926966250632722,-0.08465420725484796,True
2015-10-28 18:00:00,11.935127552036583,-0.08465420725484796,True
2012-11-25 20:00:00,11.926592990681266,-0.08465420725484796,True
2012-11-25 19:00:00,11.92002707171442,-0.08465420725484796,True
2017-01-09 03:00:00,11.921901259247944,-0.08465420725484796,True
2014-12-07 19:00:00,11.924180579191466,-0.08465420725484796,True
2016-12-21 02:00:00,11.926894299775114,-0.08465420725484796,True
2017-01-08 19:00:00,11.934804031728456,-0.08465420725484796,True
2016-12-22 08:00:00,11.927449744824946,-0.08465420725484796,True
2014-10-24 22:00:00,11.923734393566628,-0.08465420725484796,True
2016-12-19 17:00:00,11.928047897002475,-0.08465420725484796,True
2016-01-03 14:00:00,11.919046138736956,-0.08465420725484796,True
2015-01-03 06:00:00,11.970726220423494,-0.08465420725484796,True
2014-01-05 15:00:00,11.935838489127155,-0.08465420725484796,True
2014-10-22 21:00:00,11.926202001261004,-0.08465420725484796,True
2016-10-19 18:00:00,12.781483554277832,-0.08462898052535972,True
2016-01-06 01:00:00,12.782264312609868,-0.08462898052535972,True
2012-11-21 21:00:00,12.784138296861029,-0.08462898052535972,True
2015-11-02 16:00:00,12.777759887029848,-0.08462898052535972,True
2016-12-10 22:00:00,12.787111234517644,-0.08462898052535972,True
2016-12-20 18:00:00,12.785446622673629,-0.08462898052535972,True
2013-12-01 18:00:00,12.78705338497889,-0.08462898052535972,True
2013-12-03 16:00:00,12.779782374286166,-0.08462898052535972,True
2016-12-17 11:00:00,12.778554452611248,-0.08462898052535972,True
2017-01-23 18:00:00,12.779447837071888,-0.08462898052535972,True
2014-12-01 06:00:00,12.78594017333924,-0.08462898052535972,True
2017-01-11 14:00:00,12.784277532491524,-0.08462898052535972,True
2016-12-18 02:00:00,12.786332143046309,-0.08462898052535972,True
2015-11-30 07:00:00,12.778617582053338,-0.08462898052535972,True
2016-12-14 03:00:00,12.779845338601676,-0.08462898052535972,True
2016-12-17 16:00:00,12.786230791374251,-0.08462898052535972,True
2016-12-12 01:00:00,12.777622825809964,-0.08462898052535972,True
2017-01-21 13:00:00,12.835448899073803,-0.08456388649241764,True
2017-01-20 23:00:00,12.831799365090358,-0.08456388649241764,True
2017-12-30 22:00:00,12.835750303868036,-0.08456388649241764,True
2015-01-07 05:00:00,12.831842546475285,-0.08456388649241764,True
2017-01-04 12:00:00,12.8317389694281,-0.08456388649241764,True
2012-11-21 18:00:00,12.827188226694153,-0.08456388649241764,True
2015-12-04 12:00:00,12.836195617435992,-0.08456388649241764,True
2016-01-13 04:00:00,12.82967617036266,-0.08456388649241764,True
2012-11-22 07:00:00,12.832997457217392,-0.08456388649241764,True
2012-11-21 16:00:00,12.836574736888265,-0.08456388649241764,True
2016-01-12 14:00:00,11.893307236922116,-0.08456320086488667,True
2016-01-17 04:00:00,11.884733763220948,-0.08456320086488667,True
2014-12-09 15:00:00,11.89525743142812,-0.08456320086488667,True
2014-01-05 06:00:00,11.9007266202474,-0.08456320086488667,True
2016-10-23 15:00:00,11.891813793961065,-0.08456320086488667,True
2017-01-09 11:00:00,11.9006800494537,-0.08456320086488667,True
2016-01-03 06:00:00,11.890604103082913,-0.08456320086488667,True
2014-12-06 07:00:00,11.887391370874935,-0.08456320086488667,True
2016-12-21 22:00:00,11.902887088667422,-0.08456320086488667,True
2014-12-05 11:00:00,11.900537213376806,-0.08456320086488667,True
2016-01-17 20:00:00,11.888322108876071,-0.08456320086488667,True
2013-12-05 22:00:00,11.893235096462488,-0.08456320086488667,True
2018-01-18 08:00:00,11.87255939478058,-0.08456320086488667,True
2016-12-19 18:00:00,11.891450567046585,-0.08456320086488667,True
2017-01-25 10:00:00,11.87350172788502,-0.08456320086488667,True
2015-12-05 00:00:00,11.898130253600412,-0.08456320086488667,True
2017-12-20 04:00:00,11.87091302688772,-0.08456320086488667,True
2015-01-02 13:00:00,11.895546059696136,-0.08456320086488667,True
2017-12-31 03:00:00,11.884343620370691,-0.08456320086488667,True
2016-12-19 11:00:00,11.89518544563927,-0.08456320086488667,True
2016-11-18 18:00:00,11.896976119075608,-0.08456320086488667,True
2017-01-10 20:00:00,11.890524308379296,-0.08456320086488667,True
2017-01-15 04:00:00,11.902648239508755,-0.08456320086488667,True
2014-01-04 05:00:00,11.900976418083054,-0.08456320086488667,True
2015-01-01 20:00:00,11.887936332768236,-0.08456320086488667,True
2015-01-05 14:00:00,11.890582061450074,-0.08456320086488667,True
2014-12-05 14:00:00,11.895695371978,-0.08456320086488667,True
2015-12-08 10:00:00,11.8944247441809,-0.08456320086488667,True
2014-01-06 17:00:00,11.896902503905132,-0.08456320086488667,True
2013-12-03 23:00:00,11.890739835038891,-0.08456320086488667,True
2015-01-25 04:00:00,11.87352060700342,-0.08456320086488667,True
2014-11-18 11:00:00,11.891823541990869,-0.08456320086488667,True
2016-12-22 10:00:00,11.884190536767186,-0.08456320086488667,True
2015-01-05 04:00:00,11.891752287955503,-0.08456320086488667,True
2016-01-26 01:00:00,11.897298108723056,-0.08456320086488667,True
2017-01-10 01:00:00,11.893229175599627,-0.08456320086488667,True
2015-01-03 11:00:00,11.893067809081534,-0.08456320086488667,True
2016-12-06 17:00:00,11.889542555082452,-0.08456320086488667,True
2014-12-06 00:00:00,11.873266319960791,-0.08456320086488667,True
2017-12-29 20:00:00,11.887821485588908,-0.08456320086488667,True
2015-01-05 09:00:00,11.874357463276825,-0.08456320086488667,True
2015-12-30 20:00:00,11.897630164203605,-0.08456320086488667,True
2015-11-25 00:00:00,12.870982270709126,-0.08447289277527104,True
2017-01-05 22:00:00,12.878020928869054,-0.08447289277527104,True
2014-01-06 16:00:00,12.85624441470186,-0.08447289277527104,True
2017-12-08 02:00:00,12.870396920922554,-0.08447289277527104,True
2015-12-02 23:00:00,12.867477388519356,-0.08447289277527104,True
2017-12-07 04:00:00,12.858619421222675,-0.08447289277527104,True
2013-12-01 12:00:00,12.87959131661552,-0.08447289277527104,True
2017-01-16 12:00:00,12.8643710805568,-0.08447289277527104,True
2017-01-22 19:00:00,12.872589685915225,-0.08447289277527104,True
2015-11-02 17:00:00,12.852353796539314,-0.08447289277527104,True
2014-01-08 02:00:00,12.848200505577465,-0.08447289277527104,True
2015-01-25 15:00:00,12.851357001466251,-0.08447289277527104,True
2016-12-13 04:00:00,12.868404541202672,-0.08447289277527104,True
2016-12-29 07:00:00,12.861650940764209,-0.08447289277527104,True
2017-01-03 09:00:00,12.868844052766631,-0.08447289277527104,True
2014-10-29 20:00:00,12.871777630627944,-0.08447289277527104,True
2017-11-15 15:00:00,12.871088703872486,-0.08447289277527104,True
2016-12-07 18:00:00,12.8697546339246,-0.08447289277527104,True
2017-12-30 00:00:00,12.868031991657016,-0.08447289277527104,True
2016-12-13 21:00:00,12.877024107831769,-0.08447289277527104,True
2016-01-18 00:00:00,12.869846663520468,-0.08447289277527104,True
2014-12-02 19:00:00,12.859615329589898,-0.08447289277527104,True
2017-01-02 15:00:00,12.872206037119858,-0.08447289277527104,True
2015-11-30 09:00:00,12.868867114809625,-0.08447289277527104,True
2017-11-16 03:00:00,12.857833954767225,-0.08447289277527104,True
2016-12-11 23:00:00,12.850668707092304,-0.08447289277527104,True
2012-11-22 06:00:00,12.856834022553342,-0.08447289277527104,True
2012-11-23 03:00:00,12.84936633259276,-0.08447289277527104,True
2012-11-23 13:00:00,12.861776381373868,-0.08447289277527104,True
2012-11-22 23:00:00,12.85941728462248,-0.08447289277527104,True
2016-11-24 16:00:00,12.868030827029868,-0.08447289277527104,True
2017-11-25 04:00:00,12.869681321587414,-0.08447289277527104,True
2016-01-12 18:00:00,12.848512289758782,-0.08447289277527104,True
2014-12-04 22:00:00,12.872399476888525,-0.08447289277527104,True
2015-12-02 05:00:00,12.866696312165482,-0.08447289277527104,True
2016-12-06 13:00:00,12.878709651680202,-0.08447289277527104,True
2016-12-25 04:00:00,12.87722882216466,-0.08447289277527104,True
2016-10-17 19:00:00,12.865875618660246,-0.08447289277527104,True
2016-10-21 15:00:00,12.850003343678644,-0.08447289277527104,True
2017-12-22 12:00:00,12.861912448589369,-0.08447289277527104,True
2015-01-22 04:00:00,12.86490521243532,-0.08447289277527104,True
2015-01-05 10:00:00,12.859756976639291,-0.08447289277527104,True
2016-01-06 08:00:00,12.870475792504187,-0.08447289277527104,True
2012-11-23 12:00:00,11.78212223635276,-0.08436932203765846,True
2015-10-19 20:00:00,11.778451059081464,-0.08436932203765846,True
2016-12-22 16:00:00,11.781568187084057,-0.08436932203765846,True
2017-01-18 15:00:00,11.77930937849807,-0.08436932203765846,True
2015-12-08 03:00:00,11.777574780404578,-0.08436932203765846,True
2016-12-23 11:00:00,11.774416425812236,-0.08436932203765846,True
2015-11-26 19:00:00,11.780708634133086,-0.08436932203765846,True
2017-01-20 03:00:00,11.779139316822445,-0.08436932203765846,True
2017-01-23 01:00:00,11.77547823292615,-0.08436932203765846,True
2013-10-23 20:00:00,11.77898264441436,-0.08436932203765846,True
2012-11-26 05:00:00,11.776236292154984,-0.08436932203765846,True
2011-11-22 17:00:00,11.77920010014038,-0.08436932203765846,True
2013-12-01 02:00:00,11.77993655279882,-0.08436932203765846,True
2016-01-18 11:00:00,11.941547451010516,-0.08421551224184576,True
2016-12-23 13:00:00,11.942610882632096,-0.08421551224184576,True
2015-01-16 15:00:00,11.951181593072029,-0.08421551224184576,True
2014-01-05 01:00:00,11.941187206911136,-0.08421551224184576,True
2017-01-08 23:00:00,11.955199136781788,-0.08421551224184576,True
2014-12-08 09:00:00,11.964915635741868,-0.08421551224184576,True
2017-11-27 14:00:00,11.953179931825536,-0.08421551224184576,True
2015-12-29 19:00:00,11.961442161639509,-0.08421551224184576,True
2017-01-23 19:00:00,11.962762585954206,-0.08421551224184576,True
2015-01-01 18:00:00,11.943025562456748,-0.08421551224184576,True
2016-01-02 15:00:00,11.947078195914926,-0.08421551224184576,True
2015-11-04 16:00:00,11.939412403787722,-0.08421551224184576,True
2017-01-20 13:00:00,11.950606192486765,-0.08421551224184576,True
2016-12-24 09:00:00,11.952720450563609,-0.08421551224184576,True
2014-01-06 02:00:00,11.966287001714996,-0.08421551224184576,True
2014-01-13 15:00:00,11.962963128083336,-0.08421551224184576,True
2017-11-03 18:00:00,11.959893094031193,-0.08421551224184576,True
2014-11-18 09:00:00,11.952516464639784,-0.08421551224184576,True
2017-01-19 18:00:00,11.960046622553651,-0.08421551224184576,True
2014-11-23 15:00:00,11.96007458174224,-0.08421551224184576,True
2015-01-02 11:00:00,11.951167251076908,-0.08421551224184576,True
2015-12-31 08:00:00,11.953656380263634,-0.08421551224184576,True
2017-01-24 19:00:00,11.946760854754965,-0.08421551224184576,True
2015-11-25 13:00:00,11.962768973267892,-0.08421551224184576,True
2014-01-12 15:00:00,11.94368016586882,-0.08421551224184576,True
2014-12-10 06:00:00,11.938909016293731,-0.08421551224184576,True
2013-12-01 21:00:00,11.945337500691302,-0.08421551224184576,True
2017-01-09 13:00:00,11.958726989649875,-0.08421551224184576,True
2015-01-03 22:00:00,11.91467121826627,-0.08412456740473728,True
2017-11-27 19:00:00,11.865098150743972,-0.08412456740473728,True
2013-12-02 05:00:00,11.863124828116154,-0.08412456740473728,True
2016-11-26 19:00:00,11.866069494609835,-0.08412456740473728,True
2013-12-06 16:00:00,11.870011468170318,-0.08412456740473728,True
2016-01-11 15:00:00,11.863507850355186,-0.08412456740473728,True
2015-12-05 05:00:00,11.91562494959284,-0.08412456740473728,True
2015-11-16 03:00:00,11.867630602768545,-0.08412456740473728,True
2013-12-04 04:00:00,11.868851546782745,-0.08412456740473728,True
2017-01-16 22:00:00,11.866262257371464,-0.08412456740473728,True
2018-01-09 17:00:00,11.9118173542311,-0.08412456740473728,True
2014-01-07 23:00:00,11.87072952973466,-0.08412456740473728,True
2015-12-11 05:00:00,11.91622138786279,-0.08412456740473728,True
2015-01-05 02:00:00,11.866067109801865,-0.08412456740473728,True
2014-12-09 20:00:00,11.86504866746319,-0.08412456740473728,True
2015-12-05 17:00:00,11.860530737506096,-0.08412456740473728,True
2015-01-24 02:00:00,11.86198639436351,-0.08412456740473728,True
2016-11-25 05:00:00,11.914188670681677,-0.08412456740473728,True
2017-11-26 14:00:00,11.868595550652948,-0.08412456740473728,True
2016-12-21 07:00:00,11.913916693891537,-0.08412456740473728,True
2016-12-13 09:00:00,12.684127308237665,-0.08409936127467899,True
2015-11-16 05:00:00,12.683085063735945,-0.08409936127467899,True
2013-10-30 18:00:00,12.686449806927268,-0.08409936127467899,True
2014-12-03 23:00:00,12.685656245089008,-0.08409936127467899,True
2017-01-10 16:00:00,12.683125773866074,-0.08409936127467899,True
2016-12-23 15:00:00,12.687415982512904,-0.08409936127467899,True
2016-12-30 18:00:00,12.847920430765164,-0.08403432039567371,True
2017-01-12 04:00:00,12.844163110404995,-0.08403432039567371,True
2015-01-05 15:00:00,12.840268482048824,-0.08403432039567371,True
2016-12-05 22:00:00,12.847575310704803,-0.08403432039567371,True
2017-11-26 18:00:00,12.841329933945428,-0.08403432039567371,True
2016-12-14 13:00:00,12.837723918188184,-0.08403432039567371,True
2016-12-21 11:00:00,12.843327175943813,-0.08403432039567371,True
2018-01-13 19:00:00,12.84250179142565,-0.08403432039567371,True
2016-12-11 18:00:00,12.839869491646557,-0.08403432039567371,True
2016-11-20 04:00:00,12.838142615603914,-0.08403432039567371,True
2016-01-26 03:00:00,12.848099644773429,-0.08403432039567371,True
2013-09-15 21:00:00,0.366579459111209,-0.08399599878705599,True
2017-01-03 13:00:00,11.7738920143058,-0.08393081970890437,True
2015-12-07 05:00:00,11.773876698418796,-0.08393081970890437,True
2012-11-18 02:00:00,11.850987917953573,-0.08368623061761038,True
2015-12-30 15:00:00,11.849297765435452,-0.08368623061761038,True
2017-01-23 12:00:00,11.857261104165367,-0.08368623061761038,True
2016-01-19 16:00:00,11.856522223120134,-0.08368623061761038,True
2014-01-06 22:00:00,11.8566969926193,-0.08368623061761038,True
2014-01-12 10:00:00,11.854170914101596,-0.08368623061761038,True
2017-12-09 12:00:00,11.85725061596147,-0.08368623061761038,True
2017-12-11 19:00:00,11.852302479828833,-0.08368623061761038,True
2017-01-21 00:00:00,11.856451282703764,-0.08368623061761038,True
2017-10-20 18:00:00,11.853927257770904,-0.08368623061761038,True
2016-01-22 06:00:00,11.85072852509027,-0.08368623061761038,True
2013-12-06 11:00:00,11.85089842802092,-0.08368623061761038,True
2013-12-06 03:00:00,11.849547055734208,-0.08368623061761038,True
2016-11-26 09:00:00,11.852612796083848,-0.08368623061761038,True
2016-12-21 16:00:00,11.858670482322928,-0.08368623061761038,True
2015-01-01 15:00:00,11.86026956247,-0.08368623061761038,True
2017-01-19 16:00:00,11.853366511153396,-0.08368623061761038,True
2016-12-22 15:00:00,11.857923054536608,-0.08368623061761038,True
2016-12-22 13:00:00,11.856191057041167,-0.08368623061761038,True
2015-01-04 14:00:00,11.84927731620474,-0.08368623061761038,True
2014-01-07 16:00:00,11.849879102201829,-0.08368623061761038,True
2014-01-07 18:00:00,11.852898337684977,-0.08368623061761038,True
2017-01-03 01:00:00,11.849596067524187,-0.08368623061761038,True
2017-01-07 21:00:00,12.679411595386874,-0.08366104153590692,True
2016-01-12 16:00:00,12.679680393269551,-0.08366104153590692,True
2017-01-03 20:00:00,12.679237593288276,-0.08366104153590692,True
2015-11-27 03:00:00,11.772780760958147,-0.08340177055649756,True
2016-01-17 15:00:00,11.772016311286537,-0.08340177055649756,True
2015-12-07 10:00:00,11.782418462497466,-0.08334937621855842,True
2017-01-17 07:00:00,11.784425132825715,-0.08334937621855842,True
2016-01-02 05:00:00,11.9762070798521,-0.08333901215911932,True
2015-11-25 08:00:00,11.97601947300106,-0.08333901215911932,True
2015-12-07 22:00:00,11.980411053213697,-0.08333901215911932,True
2016-01-02 10:00:00,11.972778995040969,-0.08333901215911932,True
2014-01-04 00:00:00,11.979825650317109,-0.08333901215911932,True
2013-12-01 14:00:00,11.975648084197791,-0.08333901215911932,True
2012-11-24 00:00:00,11.972186631537108,-0.08333901215911932,True
2015-01-02 23:00:00,11.97818185945222,-0.08333901215911932,True
2016-12-23 16:00:00,11.977351261374904,-0.08333901215911932,True
2014-01-05 10:00:00,11.977009696579309,-0.08333901215911932,True
2016-12-19 16:00:00,11.978141800099117,-0.08333901215911932,True
2012-11-26 10:00:00,11.979003570839252,-0.08333901215911932,True
2014-10-31 23:00:00,11.976249330881435,-0.08333901215911932,True
2016-01-11 18:00:00,11.83428575467098,-0.08324819030284936,True
2015-11-25 23:00:00,11.841346500439755,-0.08324819030284936,True
2017-01-09 08:00:00,11.833940739827296,-0.08324819030284936,True
2017-11-26 19:00:00,11.83035981985504,-0.08324819030284936,True
2013-12-02 07:00:00,11.834324991817091,-0.08324819030284936,True
2017-01-24 17:00:00,11.844479187938012,-0.08324819030284936,True
2017-01-15 11:00:00,11.821517830206904,-0.08324819030284936,True
2018-01-26 00:00:00,11.840958791363333,-0.08324819030284936,True
2015-12-12 18:00:00,11.822906018084636,-0.08324819030284936,True
2014-12-08 05:00:00,11.832658785096385,-0.08324819030284936,True
2016-01-15 23:00:00,11.82467069718052,-0.08324819030284936,True
2016-01-16 16:00:00,11.828563864476791,-0.08324819030284936,True
2015-01-08 02:00:00,11.844249559336664,-0.08324819030284936,True
2016-01-18 06:00:00,11.833013243997504,-0.08324819030284936,True
2015-12-04 21:00:00,11.840207046407174,-0.08324819030284936,True
2016-11-25 00:00:00,11.82946877831224,-0.08324819030284936,True
2017-01-25 13:00:00,11.838743544793113,-0.08324819030284936,True
2018-01-13 12:00:00,11.84586819019728,-0.08324819030284936,True
2018-01-12 02:00:00,11.827329178177571,-0.08324819030284936,True
2017-01-15 01:00:00,11.82617316812778,-0.08324819030284936,True
2013-12-03 03:00:00,11.842753395288671,-0.08324819030284936,True
2015-01-22 05:00:00,11.828332965982488,-0.08324819030284936,True
2015-01-21 03:00:00,11.824121159618445,-0.08324819030284936,True
2015-01-20 22:00:00,11.844798624060449,-0.08324819030284936,True
2016-11-09 12:00:00,11.838018770599987,-0.08324819030284936,True
2013-10-30 20:00:00,11.844245692466288,-0.08324819030284936,True
2014-01-16 08:00:00,11.823434862898624,-0.08324819030284936,True
2015-12-07 02:00:00,11.837245927906954,-0.08324819030284936,True
2015-12-30 00:00:00,11.836925256433316,-0.08324819030284936,True
2017-01-17 13:00:00,11.835736274785638,-0.08324819030284936,True
2015-12-10 21:00:00,11.846473639860449,-0.08324819030284936,True
2016-01-22 15:00:00,11.822248902643596,-0.08324819030284936,True
2016-11-07 17:00:00,11.834007046339188,-0.08324819030284936,True
2015-10-21 19:00:00,11.8277934428204,-0.08324819030284936,True
2016-01-13 18:00:00,12.672111715246654,-0.08322301825796974,True
2015-10-26 22:00:00,12.677363375517304,-0.08322301825796974,True
2016-01-14 04:00:00,12.674593369748564,-0.08322301825796974,True
2016-12-19 04:00:00,12.673319712941607,-0.08322301825796974,True
2016-12-05 07:00:00,12.67109220571766,-0.08322301825796974,True
2017-12-07 07:00:00,12.674028692328484,-0.08322301825796974,True
2016-12-13 17:00:00,12.669734430399131,-0.08322301825796974,True
2017-11-25 23:00:00,12.673806422120457,-0.08322301825796974,True
2013-10-23 19:00:00,12.677399178469038,-0.08322301825796974,True
2017-12-12 22:00:00,12.66998061786212,-0.08322301825796974,True
2015-12-06 09:00:00,12.672306213681376,-0.08322301825796974,True
2015-01-23 22:00:00,12.67607544919598,-0.08322301825796974,True
2016-12-22 11:00:00,12.67749882592804,-0.08322301825796974,True
2015-09-18 17:00:00,0.3713189451142777,-0.08311979554304627,True
2014-09-25 13:00:00,0.3713189451142777,-0.08311979554304627,True
2013-11-14 03:00:00,0.3730377978871123,-0.08311979554304627,True
2008-05-09 02:00:00,0.3713189451142777,-0.08311979554304627,True
2012-12-25 22:00:00,0.3730377978871123,-0.08311979554304627,True
2009-03-17 17:00:00,0.3713189451142777,-0.08311979554304627,True
2012-12-01 03:00:00,0.375747120093553,-0.08311979554304627,True
2010-03-07 03:00:00,0.3730377978871123,-0.08311979554304627,True
2014-05-10 17:00:00,0.3713189451142777,-0.08311979554304627,True
2018-09-16 19:00:00,0.3713189451142777,-0.08311979554304627,True
2006-07-25 22:00:00,0.3713189451142777,-0.08311979554304627,True
2016-05-09 14:00:00,0.3672007672927672,-0.08311979554304627,True
2015-05-11 03:00:00,0.3713189451142777,-0.08311979554304627,True
2007-07-17 21:00:00,0.3713189451142777,-0.08311979554304627,True
2011-11-28 17:00:00,0.3730377978871123,-0.08311979554304627,True
2015-01-21 05:00:00,11.768226637454502,-0.08296392263842722,True
2017-01-09 20:00:00,11.76935700493192,-0.08296392263842722,True
2016-12-20 04:00:00,11.767308590037866,-0.08296392263842722,True
2013-12-06 08:00:00,11.76903751834068,-0.08296392263842722,True
2014-12-01 01:00:00,11.982038122867015,-0.08290120668816059,True
2016-01-17 16:00:00,11.98284870969978,-0.08290120668816059,True
2014-12-06 20:00:00,11.981546244271955,-0.08290120668816059,True
2017-11-19 12:00:00,11.813789614934176,-0.08281044625993261,True
2016-01-03 11:00:00,11.818591471656449,-0.08281044625993261,True
2013-12-06 18:00:00,12.005202327866591,-0.08281044625993261,True
2017-01-08 22:00:00,12.005532176095777,-0.08281044625993261,True
2016-12-19 06:00:00,12.005028375549252,-0.08281044625993261,True
2017-01-17 20:00:00,12.007565268662477,-0.08281044625993261,True
2015-12-11 02:00:00,11.814583548411528,-0.08281044625993261,True
2017-01-11 01:00:00,11.818835756686914,-0.08281044625993261,True
2015-11-30 06:00:00,11.817158464632444,-0.08281044625993261,True
2015-01-20 15:00:00,11.813333611426325,-0.08281044625993261,True
2015-11-25 20:00:00,12.006528110128189,-0.08281044625993261,True
2016-11-25 19:00:00,12.004050130449848,-0.08281044625993261,True
2017-01-10 15:00:00,12.00919031521162,-0.08281044625993261,True
2016-11-18 08:00:00,12.004536415730431,-0.08281044625993261,True
2012-11-26 13:00:00,12.00648091010786,-0.08281044625993261,True
2012-11-24 05:00:00,11.847819447806597,-0.08281044625993261,True
2017-01-15 21:00:00,11.99694972133451,-0.08281044625993261,True
2013-12-02 17:00:00,12.006987323508694,-0.08281044625993261,True
2015-01-02 01:00:00,11.999082611842177,-0.08281044625993261,True
2016-12-15 13:00:00,12.000347787846003,-0.08281044625993261,True
2016-11-18 13:00:00,11.82010698598314,-0.08281044625993261,True
2017-01-23 11:00:00,11.816106266638696,-0.08281044625993261,True
2015-12-30 17:00:00,12.00546913009634,-0.08281044625993261,True
2014-11-01 00:00:00,11.816471629506385,-0.08281044625993261,True
2014-11-10 20:00:00,12.004234156336013,-0.08281044625993261,True
2013-12-07 19:00:00,11.848364894552324,-0.08281044625993261,True
2016-12-23 01:00:00,11.812762650820847,-0.08281044625993261,True
2017-01-21 01:00:00,12.666677046010482,-0.08278529124035394,True
2014-01-07 10:00:00,12.66597270110042,-0.08278529124035394,True
2016-01-22 12:00:00,12.667510837000773,-0.08278529124035394,True
2012-12-02 07:00:00,12.668836223701902,-0.08278529124035394,True
2016-12-17 15:00:00,12.667671461924806,-0.08278529124035394,True
2016-12-15 20:00:00,12.668558838673992,-0.08278529124035394,True
2015-01-04 10:00:00,12.667066432756789,-0.08278529124035394,True
2015-01-05 06:00:00,12.668496215533578,-0.08278529124035394,True
2016-12-25 14:00:00,12.664558125161165,-0.08278529124035394,True
2016-01-01 13:00:00,11.76115730152301,-0.08252637086207226,True
2015-01-26 10:00:00,11.760953093892647,-0.08252637086207226,True
2015-01-23 10:00:00,11.761489577673688,-0.08252637086207226,True
2016-10-17 21:00:00,11.759966903116789,-0.08252637086207226,True
2015-12-11 07:00:00,11.76550553932467,-0.08252637086207226,True
2016-01-24 19:00:00,11.7598741749398,-0.08252637086207226,True
2016-01-18 09:00:00,11.994552967080686,-0.08246369733020786,True
2018-01-13 13:00:00,11.988244418944191,-0.08246369733020786,True
2015-01-04 13:00:00,11.986829359129452,-0.08246369733020786,True
2013-11-07 00:00:00,11.987888644263847,-0.08246369733020786,True
2017-01-03 03:00:00,11.98806079750762,-0.08246369733020786,True
2016-11-07 16:00:00,11.986263227397671,-0.08246369733020786,True
2016-01-04 02:00:00,11.994840214541725,-0.08246369733020786,True
2014-12-06 21:00:00,11.985141223682673,-0.08246369733020786,True
2016-01-22 09:00:00,11.991363458032358,-0.08246369733020786,True
2014-12-05 04:00:00,11.993513797834687,-0.08246369733020786,True
2016-01-03 21:00:00,11.985888041814894,-0.08246369733020786,True
2013-12-03 22:00:00,11.993863395987187,-0.08246369733020786,True
2015-01-04 09:00:00,11.995779011472507,-0.08246369733020786,True
2015-01-03 21:00:00,11.990747428001756,-0.08246369733020786,True
2016-01-24 21:00:00,11.984215388005182,-0.08246369733020786,True
2017-01-11 11:00:00,11.9874862864898,-0.08246369733020786,True
2015-12-09 18:00:00,11.993874257813497,-0.08246369733020786,True
2016-01-12 22:00:00,11.693778202099612,-0.08246148785239027,True
2015-01-01 03:00:00,11.691114026327451,-0.08246148785239027,True
2017-12-31 04:00:00,11.694062283671222,-0.08246148785239027,True
2017-01-10 05:00:00,11.688329522714634,-0.08246148785239027,True
2016-01-25 02:00:00,11.694895635704748,-0.08246148785239027,True
2016-01-13 08:00:00,11.687451649440565,-0.08246148785239027,True
2014-01-07 13:00:00,11.689017075149822,-0.08246148785239027,True
2015-12-05 22:00:00,11.69043818847203,-0.08246148785239027,True
2016-01-11 23:00:00,11.693225945675822,-0.08246148785239027,True
2015-12-28 16:00:00,11.692990272843543,-0.08246148785239027,True
2015-01-04 23:00:00,11.693637116453743,-0.08246148785239027,True
2017-01-17 03:00:00,11.811646559441256,-0.08237299828847466,True
2016-10-26 14:00:00,11.811644051395824,-0.08237299828847466,True
2016-12-20 16:00:00,11.995965636448394,-0.08237299828847455,True
2015-01-03 17:00:00,12.024521925000794,-0.08228231197263192,True
2014-01-05 21:00:00,12.031496771624058,-0.08228231197263192,True
2016-12-17 22:00:00,12.01856973454027,-0.08228231197263192,True
2017-01-10 23:00:00,12.02156018019849,-0.08228231197263192,True
2015-12-12 03:00:00,12.031949196630128,-0.08228231197263192,True
2014-01-06 08:00:00,12.02883243045602,-0.08228231197263192,True
2014-12-06 09:00:00,12.019472371693738,-0.08228231197263192,True
2017-11-27 02:00:00,12.029062985727624,-0.08228231197263192,True
2015-11-21 16:00:00,12.023353128400336,-0.08228231197263192,True
2016-01-13 13:00:00,12.031333913939052,-0.08228231197263192,True
2016-01-26 04:00:00,12.01813269208539,-0.08228231197263192,True
2016-12-21 17:00:00,12.023508579370125,-0.08228231197263192,True
2014-12-05 16:00:00,12.028382808734234,-0.08228231197263192,True
2015-01-06 05:00:00,12.021428818623994,-0.08228231197263192,True
2012-11-26 08:00:00,12.022612981596591,-0.08228231197263192,True
2015-12-04 14:00:00,12.020597412453236,-0.08228231197263192,True
2016-01-13 00:00:00,12.02956146887608,-0.08228231197263192,True
2014-11-03 22:00:00,12.018048874847016,-0.08228231197263192,True
2015-12-07 00:00:00,12.0274230060882,-0.08228231197263192,True
2017-01-20 16:00:00,12.019203568944256,-0.08228231197263192,True
2015-12-05 20:00:00,12.029550018780569,-0.08228231197263192,True
2017-01-10 18:00:00,12.026380553589709,-0.08228231197263192,True
2015-01-23 15:00:00,12.025819440370045,-0.08228231197263192,True
2013-11-12 01:00:00,12.028640430329402,-0.08228231197263192,True
2015-12-11 22:00:00,12.029067634354506,-0.08228231197263192,True
2017-01-15 09:00:00,12.018420067949211,-0.08228231197263192,True
2015-12-11 17:00:00,12.019943954078656,-0.08228231197263192,True
2015-12-12 08:00:00,11.785056817485746,-0.0820264838849829,True
2016-01-21 17:00:00,11.785368543290687,-0.0820264838849829,True
2017-11-27 07:00:00,11.785365011443718,-0.0820264838849829,True
2018-01-09 18:00:00,11.785287575562707,-0.0820264838849829,True
2017-12-28 03:00:00,11.787837699080711,-0.0820264838849829,True
2016-01-17 23:00:00,11.685617788653705,-0.08202427590156214,True
2018-01-03 05:00:00,11.685624828863643,-0.08202427590156214,True
2014-11-24 18:00:00,11.685242125509912,-0.08202427590156214,True
2013-12-01 04:00:00,11.686051045463982,-0.08202427590156214,True
2015-12-07 07:00:00,12.010919330006216,-0.08193584618822514,True
2013-12-05 17:00:00,11.797525493971422,-0.08193584618822514,True
2015-10-30 18:00:00,11.799820790352507,-0.08193584618822514,True
2017-01-01 21:00:00,12.015204711309616,-0.08193584618822514,True
2017-12-15 08:00:00,11.796703839633397,-0.08193584618822514,True
2013-12-05 18:00:00,12.012416483381676,-0.08193584618822514,True
2014-01-07 03:00:00,12.015005024274346,-0.08193584618822514,True
2013-12-03 12:00:00,11.798486391578365,-0.08193584618822514,True
2013-12-03 00:00:00,11.79890788064044,-0.08193584618822514,True
2015-01-05 07:00:00,12.015583457886835,-0.08193584618822514,True
2015-12-10 17:00:00,11.798428513517589,-0.08193584618822514,True
2014-01-12 05:00:00,11.800867073448376,-0.08193584618822514,True
2015-01-03 16:00:00,12.015075011525695,-0.08193584618822514,True
2018-01-15 16:00:00,11.798571738420248,-0.08193584618822514,True
2016-12-20 09:00:00,11.797878430684902,-0.08193584618822514,True
2014-01-13 04:00:00,12.013019235615154,-0.08193584618822514,True
2016-12-23 06:00:00,12.014002443543,-0.08193584618822514,True
2016-12-17 12:00:00,11.795246340570884,-0.08193584618822514,True
2014-11-24 08:00:00,12.037881256865097,-0.08184522120875071,True
2018-01-09 16:00:00,12.038347132899494,-0.08184522120875071,True
2016-01-02 16:00:00,12.040311669565794,-0.08184522120875071,True
2016-01-01 09:00:00,12.03872930571027,-0.08184522120875071,True
2015-01-03 12:00:00,12.039884372138102,-0.08184522120875071,True
2013-10-08 00:00:00,12.036372285568698,-0.08184522120875071,True
2017-01-04 04:00:00,12.036409281965735,-0.08184522120875071,True
2015-11-17 23:00:00,12.041496052301332,-0.08184522120875071,True
2017-11-19 23:00:00,12.03687639369972,-0.08184522120875071,True
2017-01-03 23:00:00,12.035018500770516,-0.08184522120875071,True
2015-01-05 22:00:00,12.036816526807542,-0.08184522120875071,True
2016-12-14 20:00:00,12.373212415916408,-0.08171647174796859,True
2016-12-07 05:00:00,11.75373985940053,-0.08165215493345346,True
2017-11-10 19:00:00,11.739040288516591,-0.08165215493345346,True
2015-12-13 06:00:00,11.75092392049882,-0.08165215493345346,True
2016-12-19 23:00:00,11.746618388543794,-0.08165215493345346,True
2015-12-08 18:00:00,11.750720274574393,-0.08165215493345346,True
2015-12-31 01:00:00,11.739710437529356,-0.08165215493345346,True
2015-01-01 10:00:00,11.73913680307317,-0.08165215493345346,True
2014-11-18 14:00:00,11.750766308930457,-0.08165215493345346,True
2016-11-18 10:00:00,11.74846244841328,-0.08165215493345346,True
2016-01-26 02:00:00,11.745529376388298,-0.08165215493345346,True
2017-01-23 06:00:00,11.752670813105896,-0.08165215493345346,True
2015-12-08 20:00:00,11.745274434390732,-0.08165215493345346,True
2012-11-25 14:00:00,11.740972140711335,-0.08165215493345346,True
2015-12-06 12:00:00,11.741112369404904,-0.08165215493345346,True
2016-01-18 04:00:00,11.743747422626116,-0.08165215493345346,True
2016-12-19 13:00:00,11.757245541459758,-0.08165215493345346,True
2012-11-26 00:00:00,11.741582610415346,-0.08165215493345346,True
2015-12-10 16:00:00,11.744219644523428,-0.08165215493345346,True
2012-11-25 09:00:00,11.739193799590948,-0.08165215493345346,True
2016-01-12 08:00:00,11.758748281143305,-0.08165215493345346,True
2014-01-07 01:00:00,11.750159782078788,-0.08165215493345346,True
2013-12-02 02:00:00,11.75487383665637,-0.08165215493345346,True
2013-12-07 04:00:00,11.742010844213617,-0.08165215493345346,True
2017-11-27 21:00:00,11.75154909932654,-0.08165215493345346,True
2017-01-22 21:00:00,11.755894550190368,-0.08165215493345346,True
2013-12-06 23:00:00,11.674689902836285,-0.08158735966230823,True
2017-01-19 22:00:00,11.673448028515503,-0.08158735966230823,True
2016-11-18 22:00:00,11.682629564205136,-0.08158735966230823,True
2015-12-11 15:00:00,11.683597238902324,-0.08158735966230823,True
2014-11-24 20:00:00,11.672381701651563,-0.08158735966230823,True
2014-01-12 22:00:00,11.672133137730029,-0.08158735966230823,True
2017-01-20 15:00:00,11.672697779195694,-0.08158735966230823,True
2014-11-24 01:00:00,11.672662729645054,-0.08158735966230823,True
2015-12-31 16:00:00,11.681942481931976,-0.08158735966230823,True
2014-12-08 22:00:00,11.673195282608724,-0.08158735966230823,True
2013-10-28 21:00:00,11.675657330871951,-0.08158735966230823,True
2017-01-20 19:00:00,11.682099542471736,-0.08158735966230823,True
2015-12-12 20:00:00,11.6836588110579,-0.08158735966230823,True
2014-01-02 16:00:00,11.678419752702426,-0.08158735966230823,True
2014-01-05 22:00:00,11.67562019006878,-0.08158735966230823,True
2014-12-08 10:00:00,11.681477475064776,-0.08158735966230823,True
2017-11-28 02:00:00,11.673641050468223,-0.08158735966230823,True
2016-01-02 18:00:00,11.673207857105629,-0.08158735966230823,True
2015-12-31 21:00:00,11.672232486487893,-0.08158735966230823,True
2017-01-17 08:00:00,11.677259726879726,-0.08158735966230823,True
2014-12-08 14:00:00,11.68226741709532,-0.08158735966230823,True
2016-01-02 11:00:00,11.67245930624544,-0.08158735966230823,True
2014-11-18 00:00:00,11.673897586114805,-0.08158735966230823,True
2015-01-01 08:00:00,11.682719899345765,-0.08158735966230823,True
2013-12-08 17:00:00,11.672404714103545,-0.08158735966230823,True
2012-11-26 01:00:00,11.683006479598909,-0.08158735966230823,True
2014-01-03 12:00:00,11.684948198844426,-0.08158735966230823,True
2015-12-30 05:00:00,11.790106963636989,-0.08149898975906955,True
2016-01-25 22:00:00,11.792767571031847,-0.08149898975906955,True
2017-10-20 19:00:00,11.790626824657313,-0.08149898975906955,True
2015-01-04 03:00:00,11.79210100882034,-0.08149898975906955,True
2015-11-19 10:00:00,11.791419701194885,-0.08149898975906955,True
2017-10-23 19:00:00,11.790112265630356,-0.08149898975906955,True
2015-11-19 15:00:00,11.790916191693835,-0.08149898975906955,True
2014-12-09 05:00:00,11.789410254910992,-0.08149898975906955,True
2016-12-04 06:00:00,12.662555126062422,-0.08147388574633352,True
2014-01-05 16:00:00,12.01683161896242,-0.08140842607447807,True
2014-01-16 10:00:00,12.017494726733242,-0.08140842607447807,True
2004-06-26 04:00:00,0.3803117893900028,-0.0813709420100388,True
2018-09-12 13:00:00,0.3893754953388401,-0.0813709420100388,True
2014-09-25 14:00:00,0.3807675841428675,-0.0813709420100388,True
2014-09-25 15:00:00,0.3902162231714573,-0.0813709420100388,True
2009-05-12 19:00:00,0.3898848923699915,-0.0813709420100388,True
2015-12-11 20:00:00,11.715569872434171,-0.08121549038100062,True
2014-12-08 00:00:00,11.705047550635271,-0.08121549038100062,True
2017-01-09 19:00:00,11.713941214592184,-0.08121549038100062,True
2014-12-30 19:00:00,11.729264419723314,-0.08121549038100062,True
2018-01-13 11:00:00,11.703491961450371,-0.08121549038100062,True
2016-01-16 01:00:00,11.730547757709596,-0.08121549038100062,True
2016-12-20 14:00:00,11.700577138799703,-0.08121549038100062,True
2017-01-20 01:00:00,11.703746961606564,-0.08121549038100062,True
2015-01-03 05:00:00,11.724349278765304,-0.08121549038100062,True
2014-01-12 23:00:00,11.72877260315076,-0.08121549038100062,True
2014-01-11 07:00:00,11.695924177341931,-0.08121549038100062,True
2017-11-19 10:00:00,11.696814737910742,-0.08121549038100062,True
2013-12-03 05:00:00,11.716374919054324,-0.08121549038100062,True
2015-12-29 14:00:00,11.695870189676326,-0.08121549038100062,True
2015-12-30 10:00:00,11.728873909986303,-0.08121549038100062,True
2016-01-16 23:00:00,11.722892885738275,-0.08121549038100062,True
2014-01-02 21:00:00,11.713668052250965,-0.08121549038100062,True
2017-11-19 15:00:00,11.704840203967445,-0.08121549038100062,True
2016-01-12 03:00:00,11.69565626167818,-0.08121549038100062,True
2017-11-19 17:00:00,11.700340710047197,-0.08121549038100062,True
2012-11-25 03:00:00,11.731312556085898,-0.08121549038100062,True
2015-12-11 12:00:00,11.7024597420842,-0.08121549038100062,True
2012-11-23 22:00:00,11.720792152380564,-0.08121549038100062,True
2014-12-04 23:00:00,11.698248761191524,-0.08121549038100062,True
2017-01-08 21:00:00,11.732399873681755,-0.08121549038100062,True
2015-12-09 06:00:00,11.695977971107435,-0.08121549038100062,True
2015-12-09 01:00:00,11.733120086782408,-0.08121549038100062,True
2013-12-05 23:00:00,11.703384647267908,-0.08121549038100062,True
2016-12-21 12:00:00,11.713001198510652,-0.08121549038100062,True
2015-01-05 12:00:00,11.725545039396328,-0.08121549038100062,True
2015-01-04 16:00:00,11.70932084678308,-0.08121549038100062,True
2014-01-12 08:00:00,11.720267037002984,-0.08121549038100062,True
2014-12-09 00:00:00,11.729681402565074,-0.08121549038100062,True
2015-12-07 19:00:00,11.711042586599817,-0.08121549038100062,True
2014-01-03 14:00:00,11.73082410538389,-0.08121549038100062,True
2017-11-16 00:00:00,11.717387291197404,-0.08121549038100062,True
2016-12-06 12:00:00,11.7155433594001,-0.08121549038100062,True
2016-10-26 15:00:00,11.727036338763426,-0.08121549038100062,True
2017-11-14 04:00:00,11.705458392112938,-0.08121549038100062,True
2017-11-03 20:00:00,11.696915413796528,-0.08121549038100062,True
2014-12-09 10:00:00,11.724400785772731,-0.08121549038100062,True
2015-01-01 13:00:00,11.70888851785866,-0.08121549038100062,True
2015-12-08 08:00:00,11.708894620286877,-0.08121549038100062,True
2014-01-12 03:00:00,11.709216217605924,-0.08121549038100062,True
2016-12-07 03:00:00,11.700071069265697,-0.08121549038100062,True
2016-01-13 03:00:00,11.699429322479816,-0.08121549038100062,True
2012-11-24 10:00:00,11.709011367920407,-0.08121549038100062,True
2012-11-24 18:00:00,11.712076049658757,-0.08121549038100062,True
2015-12-31 10:00:00,11.710986786613269,-0.08121549038100062,True
2018-01-04 04:00:00,11.721065671503345,-0.08121549038100062,True
2014-11-23 10:00:00,11.726411748855062,-0.08121549038100062,True
2014-12-06 16:00:00,12.379951613543318,-0.08118923076915263,True
2015-01-02 16:00:00,12.376397155200332,-0.08118923076915263,True
2016-12-14 05:00:00,12.375829891419578,-0.08118923076915263,True
2017-12-29 22:00:00,12.377926738622962,-0.08118923076915263,True
2017-01-16 02:00:00,12.375252009414313,-0.08118923076915263,True
2017-11-29 04:00:00,12.376867221974573,-0.08118923076915263,True
2015-12-05 04:00:00,12.377390290493796,-0.08118923076915263,True
2017-01-20 21:00:00,12.37908924226941,-0.08118923076915263,True
2015-01-03 07:00:00,12.378279315622883,-0.08118923076915263,True
2016-01-03 04:00:00,11.668515053583391,-0.08115073893462177,True
2016-01-12 04:00:00,11.666864407587129,-0.08115073893462177,True
2017-01-20 08:00:00,11.670102027946747,-0.08115073893462177,True
2014-12-10 01:00:00,11.667333656948626,-0.08115073893462177,True
2015-01-03 10:00:00,11.665322720832064,-0.08115073893462177,True
2013-12-07 09:00:00,11.670168743260891,-0.08115073893462177,True
2014-01-16 18:00:00,11.667866167203456,-0.08115073893462177,True
2014-12-10 03:00:00,11.669703205918587,-0.08115073893462177,True
2015-11-02 21:00:00,11.666637937969696,-0.08115073893462177,True
2017-11-06 19:00:00,11.811114047389676,-0.08106242880102843,True
2017-11-27 11:00:00,11.810866283273304,-0.08106242880102843,True
2015-12-30 12:00:00,11.805698491272125,-0.08106242880102843,True
2015-01-21 02:00:00,11.810754445908914,-0.08106242880102843,True
2016-01-03 09:00:00,11.806045687173068,-0.08106242880102843,True
2015-12-10 04:00:00,11.805872296531245,-0.08106242880102843,True
2014-12-31 17:00:00,11.808509827405835,-0.08106242880102843,True
2014-11-18 16:00:00,11.802848030679405,-0.08106242880102843,True
2015-11-18 05:00:00,11.80961818809601,-0.08106242880102843,True
2016-01-02 23:00:00,11.80443037505986,-0.08106242880102843,True
2015-11-06 22:00:00,11.803579005296266,-0.08106242880102843,True
2014-01-03 19:00:00,11.806457204620294,-0.08106242880102843,True
2015-12-08 15:00:00,11.803120186126392,-0.08106242880102843,True
2013-12-05 13:00:00,11.801595357832026,-0.08106242880102843,True
2012-11-23 07:00:00,12.044936484473304,-0.08097192636986261,True
2016-01-22 03:00:00,12.042604428668664,-0.08097192636986261,True
2016-01-16 21:00:00,12.046492083040745,-0.08097192636986261,True
2014-01-04 10:00:00,12.042614841667756,-0.08097192636986261,True
2016-11-25 23:00:00,12.044778812395029,-0.08097192636986261,True
2016-12-18 20:00:00,12.044035421381668,-0.08097192636986261,True
2017-11-26 09:00:00,12.050505014924395,-0.08097192636986261,True
2013-12-04 15:00:00,12.051314834589595,-0.08097192636986261,True
2015-12-11 00:00:00,12.049127689233606,-0.08097192636986261,True
2017-11-06 20:00:00,12.049584641966783,-0.08097192636986261,True
2014-11-17 04:00:00,12.152382151228602,-0.08088164080471161,True
2014-11-07 23:00:00,12.150462254320049,-0.08088164080471161,True
2017-11-19 19:00:00,12.149848217148357,-0.08088164080471161,True
2016-12-06 02:00:00,12.14586347822949,-0.08088164080471161,True
2013-12-02 00:00:00,12.14740481738822,-0.08088164080471161,True
2017-11-26 02:00:00,12.1514019646685,-0.08088164080471161,True
2015-12-07 17:00:00,12.150119510323933,-0.08088164080471161,True
2013-12-02 04:00:00,12.147064132329485,-0.08088164080471161,True
2016-01-15 17:00:00,12.145455190515769,-0.08088164080471161,True
2016-12-06 05:00:00,12.149782913658813,-0.08088164080471161,True
2016-12-26 10:00:00,12.370261189023992,-0.08084335101150497,True
2016-12-23 03:00:00,12.372692366842315,-0.08084335101150497,True
2012-11-22 19:00:00,12.370581097232744,-0.08084335101150497,True
2016-12-19 15:00:00,12.363518270335904,-0.08084335101150497,True
2016-01-13 15:00:00,12.367730266696316,-0.08084335101150497,True
2012-11-19 12:00:00,12.360853116798092,-0.08084335101150497,True
2016-12-18 03:00:00,12.364669723591144,-0.08084335101150497,True
2014-01-08 18:00:00,12.361121374183409,-0.08084335101150497,True
2017-01-20 20:00:00,12.36486969706305,-0.08084335101150497,True
2017-01-03 16:00:00,12.35630875902102,-0.08084335101150497,True
2015-01-07 08:00:00,12.359260943905609,-0.08084335101150497,True
2016-12-16 04:00:00,12.367593668703565,-0.08084335101150497,True
2017-01-11 16:00:00,12.356238080850638,-0.08084335101150497,True
2013-11-01 20:00:00,12.364464903166144,-0.08084335101150497,True
2013-11-04 21:00:00,12.353687728881354,-0.08084335101150497,True
2016-12-07 07:00:00,12.35443394600168,-0.08084335101150497,True
2017-01-15 14:00:00,12.355874338247236,-0.08084335101150497,True
2012-11-25 17:00:00,12.352549141502855,-0.08084335101150497,True
2015-12-10 19:00:00,12.359983829853787,-0.08084335101150497,True
2017-01-17 11:00:00,12.361749998247936,-0.08084335101150497,True
2017-01-26 22:00:00,11.735215433282088,-0.08077912116988495,True
2015-12-10 07:00:00,11.736791779970396,-0.08077912116988495,True
2014-12-08 19:00:00,11.737728137105556,-0.08077912116988495,True
2017-11-20 00:00:00,11.7366054601259,-0.08077912116988495,True
2014-11-18 03:00:00,11.735173119324608,-0.08077912116988495,True
2015-12-13 01:00:00,11.737774456112769,-0.08077912116988495,True
2011-11-22 11:00:00,11.737096018402504,-0.08077912116988495,True
2015-11-26 04:00:00,11.736988685470346,-0.08077912116988495,True
2015-01-21 13:00:00,12.657326791456375,-0.0806010930486113,True
2012-11-19 14:00:00,12.658129845891,-0.0806010930486113,True
2012-11-23 04:00:00,12.660380538473593,-0.0806010930486113,True
2013-12-03 19:00:00,12.661103720622071,-0.0806010930486113,True
2016-12-15 16:00:00,12.654689877104865,-0.0806010930486113,True
2012-11-24 14:00:00,12.658974659529354,-0.0806010930486113,True
2016-12-17 17:00:00,12.056779723893928,-0.0805357218950884,True
2015-01-02 06:00:00,12.057265267482943,-0.0805357218950884,True
2017-01-21 05:00:00,12.105691918742624,-0.0805357218950884,True
2015-11-09 21:00:00,12.100351311838288,-0.0805357218950884,True
2015-12-10 14:00:00,12.05729092235749,-0.0805357218950884,True
2014-12-07 01:00:00,12.055178073784278,-0.0805357218950884,True
2015-12-10 09:00:00,12.105123707369964,-0.0805357218950884,True
2017-01-03 06:00:00,12.10139006210167,-0.0805357218950884,True
2016-01-12 20:00:00,12.057112799557808,-0.0805357218950884,True
2016-01-06 15:00:00,12.101863944922489,-0.0805357218950884,True
2015-11-17 20:00:00,12.056729740338213,-0.0805357218950884,True
2016-01-26 08:00:00,12.1016508369733,-0.0805357218950884,True
2015-12-03 23:00:00,12.055065859624085,-0.0805357218950884,True
2015-01-16 17:00:00,12.056529153903725,-0.0805357218950884,True
2014-12-04 13:00:00,12.103334413070614,-0.0805357218950884,True
2014-11-24 10:00:00,12.100791424721429,-0.0805357218950884,True
2016-11-09 11:00:00,12.0550737535524,-0.0805357218950884,True
2017-01-18 01:00:00,12.101066251586804,-0.0805357218950884,True
2016-12-22 03:00:00,12.102492908539183,-0.0805357218950884,True
2016-01-22 11:00:00,12.057546529876278,-0.0805357218950884,True
2014-12-08 12:00:00,12.105659752279813,-0.0805357218950884,True
2016-12-20 19:00:00,12.105367270091543,-0.0805357218950884,True
2014-11-17 22:00:00,12.055502604514134,-0.0805357218950884,True
2013-05-18 21:00:00,0.3982538507004089,-0.08049828851875662,True
2013-06-21 01:00:00,0.3940854358257505,-0.08049828851875662,True
2013-01-22 14:00:00,0.4001753921299831,-0.08049828851875662,True
2005-03-11 11:00:00,0.4049692874001234,-0.08049828851875662,True
2008-11-15 23:00:00,0.3924726386223818,-0.08049828851875662,True
2014-05-10 18:00:00,0.4030346690612538,-0.08049828851875662,True
2014-09-25 16:00:00,0.3996648622000471,-0.08049828851875662,True
2016-07-29 18:00:00,0.3957946768452426,-0.08049828851875662,True
2015-04-15 21:00:00,0.3952341766127512,-0.08049828851875662,True
2016-12-24 02:00:00,12.157739215854518,-0.08044549739525486,True
2017-01-21 03:00:00,12.155703893414454,-0.08044549739525486,True
2016-12-15 23:00:00,12.159201295187732,-0.08044549739525486,True
2016-01-17 09:00:00,12.15872670589293,-0.08044549739525486,True
2014-11-24 05:00:00,12.153012764550624,-0.08044549739525486,True
2014-01-04 22:00:00,12.158758763818511,-0.08044549739525486,True
2013-11-09 01:00:00,12.152867549519591,-0.08044549739525486,True
2016-11-26 02:00:00,12.155569124376385,-0.08044549739525486,True
2015-10-21 23:00:00,12.156594132864086,-0.08044549739525486,True
2017-12-20 05:00:00,12.158873365441185,-0.08044549739525486,True
2012-11-24 11:00:00,12.15578217255856,-0.08044549739525486,True
2016-12-27 11:00:00,12.158996532125258,-0.08044549739525486,True
2015-12-06 06:00:00,12.350291626646356,-0.08040723349963641,True
2014-12-06 23:00:00,12.346726639355314,-0.08040723349963641,True
2012-11-24 21:00:00,12.352419715508208,-0.08040723349963641,True
2016-12-21 15:00:00,12.3476357181655,-0.08040723349963641,True
2016-12-24 11:00:00,12.351933557354108,-0.08040723349963641,True
2016-12-15 01:00:00,12.351445240534856,-0.08040723349963641,True
2013-12-04 12:00:00,12.348995420473942,-0.08040723349963641,True
2015-12-31 18:00:00,12.349759871025874,-0.08040723349963641,True
2017-11-19 13:00:00,12.350061543592195,-0.08040723349963641,True
2016-01-13 23:00:00,12.64465984587146,-0.08016513938972847,True
2017-12-11 17:00:00,12.653300866518038,-0.08016513938972847,True
2016-12-24 01:00:00,12.645323161476574,-0.08016513938972847,True
2014-11-17 09:00:00,12.648533518859846,-0.08016513938972847,True
2017-01-14 18:00:00,12.652688757327688,-0.08016513938972847,True
2012-11-21 11:00:00,12.649527471328698,-0.08016513938972847,True
2017-01-24 18:00:00,12.650221049312911,-0.08016513938972847,True
2015-11-17 15:00:00,12.643461610164907,-0.08016513938972847,True
2016-01-02 14:00:00,12.650594930754266,-0.08016513938972847,True
2014-12-05 02:00:00,12.65274823200602,-0.08016513938972847,True
2016-11-25 16:00:00,12.647950840695016,-0.08016513938972847,True
2017-01-23 22:00:00,12.651283143441596,-0.08016513938972847,True
2013-12-03 01:00:00,12.652198500704529,-0.08016513938972847,True
2011-11-22 16:00:00,12.644076445415696,-0.08016513938972847,True
2017-12-30 23:00:00,12.645468967168568,-0.08016513938972847,True
2012-11-24 19:00:00,12.650213417210116,-0.08016513938972847,True
2015-11-06 18:00:00,12.652221554774089,-0.08016513938972847,True
2016-11-18 16:00:00,12.65119970468777,-0.08016513938972847,True
2015-01-04 22:00:00,12.644039958047047,-0.08016513938972847,True
2016-12-15 10:00:00,12.646231967734463,-0.08016513938972847,True
2012-11-25 15:00:00,12.075002444181044,-0.08009981245047437,True
2016-01-04 07:00:00,12.058041249680654,-0.08009981245047437,True
2015-12-05 02:00:00,12.079259910954022,-0.08009981245047437,True
2017-12-09 11:00:00,12.070909807343249,-0.08009981245047437,True
2017-01-11 06:00:00,12.07837236240587,-0.08009981245047437,True
2016-12-20 21:00:00,12.081413751153017,-0.08009981245047437,True
2017-01-23 00:00:00,12.060500173339875,-0.08009981245047437,True
2015-01-06 20:00:00,12.081229327194364,-0.08009981245047437,True
2017-01-05 15:00:00,12.076301007056369,-0.08009981245047437,True
2016-01-03 01:00:00,12.062515596997583,-0.08009981245047437,True
2016-12-06 07:00:00,12.073750842097215,-0.08009981245047437,True
2016-12-21 00:00:00,12.058812641964495,-0.08009981245047437,True
2013-12-05 00:00:00,12.07429473279566,-0.08009981245047437,True
2016-01-01 14:00:00,12.076696172356534,-0.08009981245047437,True
2015-01-04 18:00:00,12.058745311776116,-0.08009981245047437,True
2015-12-31 03:00:00,12.072930107442374,-0.08009981245047437,True
2014-12-04 01:00:00,12.079549115597947,-0.08009981245047437,True
2017-12-31 02:00:00,12.07462495707016,-0.08009981245047437,True
2016-12-22 20:00:00,12.080664807432676,-0.08009981245047437,True
2012-11-23 05:00:00,12.061696968930937,-0.08009981245047437,True
2013-12-05 08:00:00,12.070019364463809,-0.08009981245047437,True
2015-01-04 08:00:00,12.07220479256484,-0.08009981245047437,True
2016-12-26 03:00:00,12.169200742465677,-0.08000964897465634,True
2012-11-23 15:00:00,12.168359447793176,-0.08000964897465634,True
2013-12-05 15:00:00,12.166136276487606,-0.08000964897465634,True
2016-11-18 17:00:00,12.1657686656929,-0.08000964897465634,True
2016-12-18 08:00:00,12.165013097880466,-0.08000964897465634,True
2015-11-25 15:00:00,12.170188926787276,-0.08000964897465634,True
2016-12-17 14:00:00,12.174210617384212,-0.08000964897465634,True
2015-11-25 18:00:00,12.167709335803472,-0.08000964897465634,True
2013-12-04 14:00:00,12.161121346821318,-0.08000964897465634,True
2013-12-04 10:00:00,12.161240778199888,-0.08000964897465634,True
2013-12-03 17:00:00,12.167120808137469,-0.08000964897465634,True
2015-11-06 17:00:00,12.161533353739529,-0.08000964897465634,True
2017-11-27 09:00:00,12.160897935073164,-0.08000964897465634,True
2018-01-09 15:00:00,12.164876911567886,-0.08000964897465634,True
2016-12-16 21:00:00,12.168753752976263,-0.08000964897465634,True
2016-01-12 06:00:00,12.161518493415846,-0.08000964897465634,True
2015-12-06 11:00:00,12.160834719809456,-0.08000964897465634,True
2012-11-24 12:00:00,12.169158409009054,-0.08000964897465634,True
2015-01-06 15:00:00,12.16392550156384,-0.08000964897465634,True
2016-01-17 12:00:00,12.169158814824309,-0.08000964897465634,True
2014-11-23 14:00:00,12.171470965977356,-0.08000964897465634,True
2013-10-23 17:00:00,12.176147324131875,-0.08000964897465634,True
2015-12-04 16:00:00,12.32133662280632,-0.07997141095910998,True
2016-12-15 18:00:00,12.323229625940394,-0.07997141095910998,True
2016-01-01 11:00:00,12.331843523890724,-0.07997141095910998,True
2017-01-23 10:00:00,12.328062497334152,-0.07997141095910998,True
2017-11-26 20:00:00,12.316438865203802,-0.07997141095910998,True
2017-01-23 17:00:00,12.344352729914611,-0.07997141095910998,True
2013-12-05 03:00:00,12.335395772041943,-0.07997141095910998,True
2015-01-03 02:00:00,12.328647515747194,-0.07997141095910998,True
2016-12-18 12:00:00,12.321201389804044,-0.07997141095910998,True
2017-11-15 23:00:00,12.335740217188148,-0.07997141095910998,True
2016-12-07 06:00:00,12.332507948888535,-0.07997141095910998,True
2012-11-25 12:00:00,12.33326250826176,-0.07997141095910998,True
2014-01-06 14:00:00,12.336170364795384,-0.07997141095910998,True
2014-11-17 05:00:00,12.318605697519814,-0.07997141095910998,True
2014-12-06 10:00:00,12.324960782659756,-0.07997141095910998,True
2014-01-13 03:00:00,12.337349485918136,-0.07997141095910998,True
2016-12-09 16:00:00,12.336962251243143,-0.07997141095910998,True
2017-01-10 07:00:00,12.321988190440562,-0.07997141095910998,True
2016-12-28 09:00:00,12.337158004852704,-0.07997141095910998,True
2016-12-28 12:00:00,12.333028804422398,-0.07997141095910998,True
2016-12-06 19:00:00,12.320130266913033,-0.07997141095910998,True
2016-11-15 14:00:00,12.322821569734282,-0.07997141095910998,True
2016-12-16 06:00:00,12.32056178683498,-0.07997141095910998,True
2015-12-06 01:00:00,12.335931208988626,-0.07997141095910998,True
2014-01-08 04:00:00,12.340946777324357,-0.07997141095910998,True
2017-01-15 13:00:00,12.340873792025134,-0.07997141095910998,True
2015-11-25 22:00:00,12.339808547079633,-0.07997141095910998,True
2016-12-14 22:00:00,12.341731359665811,-0.07997141095910998,True
2016-11-25 21:00:00,12.341279473701858,-0.07997141095910998,True
2014-12-04 20:00:00,12.333117401424053,-0.07997141095910998,True
2017-11-19 18:00:00,12.325855739035694,-0.07997141095910998,True
2014-01-06 18:00:00,12.328034444001752,-0.07997141095910998,True
2016-01-26 07:00:00,12.330279824461474,-0.07997141095910998,True
2015-01-05 17:00:00,12.327935140330323,-0.07997141095910998,True
2013-12-04 19:00:00,12.334214947226291,-0.07997141095910998,True
2016-12-26 15:00:00,12.33991747073582,-0.07997141095910998,True
2012-11-25 02:00:00,12.282515952987088,-0.0799192942579614,True
2012-11-22 09:00:00,12.286269196612006,-0.0799192942579614,True
2015-12-05 10:00:00,12.286157744105532,-0.0799192942579614,True
2016-12-18 17:00:00,12.286948709923976,-0.0799192942579614,True
2017-12-09 10:00:00,12.284568998725025,-0.0799192942579614,True
2016-11-18 15:00:00,11.661444385779278,-0.07984264782292894,True
2013-12-04 03:00:00,11.662305641606414,-0.07984264782292894,True
2014-01-06 04:00:00,12.632713601725886,-0.07972948059136475,True
2014-12-04 00:00:00,12.642723912669949,-0.07972948059136475,True
2016-12-05 12:00:00,12.63696926793603,-0.07972948059136475,True
2015-12-05 23:00:00,12.633796638660185,-0.07972948059136475,True
2016-12-24 17:00:00,12.638431331462026,-0.07972948059136475,True
2018-01-04 02:00:00,12.634615209404371,-0.07972948059136475,True
2015-11-26 00:00:00,12.632516099815009,-0.07972948059136475,True
2015-11-24 22:00:00,12.641743586085914,-0.07972948059136475,True
2016-12-29 22:00:00,12.628451502251506,-0.07972948059136475,True
2016-01-22 13:00:00,12.639071803771934,-0.07972948059136475,True
2016-12-24 06:00:00,12.640693212134542,-0.07972948059136475,True
2017-01-10 04:00:00,12.63087687190857,-0.07972948059136475,True
2016-01-03 23:00:00,12.630899643702536,-0.07972948059136475,True
2017-01-14 22:00:00,12.63581622678698,-0.07972948059136475,True
2016-01-02 02:00:00,12.628930826318571,-0.07972948059136475,True
2016-11-24 12:00:00,12.630682238059634,-0.07972948059136475,True
2014-01-13 01:00:00,12.638112319004392,-0.07972948059136475,True
2015-01-07 18:00:00,12.64002529716098,-0.07972948059136475,True
2018-01-12 04:00:00,12.635130762551416,-0.07972948059136475,True
2016-12-14 07:00:00,12.630806989125904,-0.07972948059136475,True
2013-12-01 23:00:00,12.636137645797096,-0.07972948059136475,True
2014-11-23 19:00:00,12.06685573095875,-0.07966419783647471,True
2014-12-08 17:00:00,12.09222024242625,-0.07966419783647471,True
2014-01-13 09:00:00,12.087535315399348,-0.07966419783647471,True
2015-12-05 15:00:00,12.114251095022269,-0.07966419783647471,True
2012-11-25 10:00:00,12.11417443610356,-0.07966419783647471,True
2014-12-05 01:00:00,12.097935974182873,-0.07966419783647471,True
2016-12-07 12:00:00,12.11685698248832,-0.07966419783647471,True
2013-12-02 14:00:00,12.109991668372745,-0.07966419783647471,True
2016-01-17 07:00:00,12.086752428546966,-0.07966419783647471,True
2016-12-21 05:00:00,12.094219014347589,-0.07966419783647471,True
2016-12-17 02:00:00,12.097155726219876,-0.07966419783647471,True
2015-01-04 19:00:00,12.064223702972408,-0.07966419783647471,True
2016-01-13 10:00:00,12.098746930277178,-0.07966419783647471,True
2016-01-11 20:00:00,12.098059829836895,-0.07966419783647471,True
2017-01-25 05:00:00,12.095334247030005,-0.07966419783647471,True
2017-01-17 02:00:00,12.111168242932214,-0.07966419783647471,True
2017-01-25 08:00:00,12.063616212338989,-0.07966419783647471,True
2015-11-26 03:00:00,12.064244119899367,-0.07966419783647471,True
2014-01-16 13:00:00,12.069432989304287,-0.07966419783647471,True
2016-12-16 09:00:00,12.117667506178858,-0.07966419783647471,True
2016-12-23 23:00:00,12.11370020056849,-0.07966419783647471,True
2015-12-30 22:00:00,12.096210498312294,-0.07966419783647471,True
2015-12-07 12:00:00,12.111024332284286,-0.07966419783647471,True
2016-12-18 05:00:00,12.063692040928489,-0.07966419783647471,True
2015-12-05 19:00:00,12.064502229244358,-0.07966419783647471,True
2014-01-05 03:00:00,12.065825466398673,-0.07966419783647471,True
2014-11-10 21:00:00,12.109852834388969,-0.07966419783647471,True
2017-01-24 21:00:00,12.117393132357964,-0.07966419783647471,True
2016-12-17 07:00:00,12.0899216613956,-0.07966419783647471,True
2014-01-04 17:00:00,12.066072574692305,-0.07966419783647471,True
2018-01-03 06:00:00,12.086394898276271,-0.07966419783647471,True
2016-12-25 22:00:00,12.098463664863791,-0.07966419783647471,True
2016-12-25 10:00:00,12.09691557577798,-0.07966419783647471,True
2016-10-19 17:00:00,12.067303609008713,-0.07966419783647471,True
2016-12-26 08:00:00,12.065176191351952,-0.07966419783647471,True
2012-11-23 00:00:00,12.097573721473296,-0.07966419783647471,True
2013-12-05 10:00:00,12.116444688113074,-0.07966419783647471,True
2014-12-07 14:00:00,12.06876409614278,-0.07966419783647471,True
2015-01-04 02:00:00,12.117761804902566,-0.07966419783647471,True
2015-10-23 23:00:00,12.118846949088557,-0.07966419783647471,True
2016-12-25 05:00:00,12.108921957049404,-0.07966419783647471,True
2017-01-24 23:00:00,12.099123637782087,-0.07966419783647471,True
2014-11-05 23:00:00,12.112905795926933,-0.07966419783647471,True
2017-12-22 04:00:00,12.067703761477466,-0.07966419783647471,True
2015-01-05 21:00:00,12.114123914612517,-0.07966419783647471,True
2016-11-21 07:00:00,12.10908573668731,-0.07966419783647471,True
2013-10-21 21:00:00,12.098040601705756,-0.07966419783647471,True
2015-12-06 19:00:00,12.108570875520314,-0.07966419783647471,True
2012-11-23 20:00:00,12.086742895106935,-0.07966419783647471,True
2017-01-17 22:00:00,12.119009121452244,-0.07966419783647471,True
2015-01-20 23:00:00,12.114046111461755,-0.07966419783647471,True
2016-12-24 04:00:00,12.114931990216013,-0.07966419783647471,True
2016-12-25 00:00:00,12.09018404504242,-0.07966419783647471,True
2016-12-22 05:00:00,12.1136318150592,-0.07966419783647471,True
2015-01-17 04:00:00,12.087348241849304,-0.07966419783647471,True
2016-12-07 15:00:00,12.098824715462172,-0.07966419783647471,True
2013-12-01 06:00:00,12.067856011746043,-0.07966419783647471,True
2017-11-27 01:00:00,12.111682751128829,-0.07966419783647471,True
2015-01-06 22:00:00,12.177208739687742,-0.07957409534339832,True
2016-12-14 10:00:00,12.181171848524976,-0.07957409534339832,True
2016-12-20 06:00:00,12.17763045593044,-0.07957409534339832,True
2013-11-09 00:00:00,12.180837174660304,-0.07957409534339832,True
2016-11-25 02:00:00,12.177524924674945,-0.07957409534339832,True
2018-01-04 03:00:00,12.177840440453858,-0.07957409534339832,True
2013-12-01 11:00:00,12.180685732284935,-0.07957409534339832,True
2017-01-18 08:00:00,12.18027735089664,-0.07957409534339832,True
2015-12-06 02:00:00,12.34519893318023,-0.07953588319041982,True
2017-11-26 05:00:00,12.346142787309285,-0.07953588319041982,True
2017-01-26 20:00:00,12.346111741507304,-0.07953588319041982,True
2016-12-22 12:00:00,12.384233928590266,-0.079510175243931,True
2017-01-17 14:00:00,12.382251722450071,-0.079510175243931,True
2014-01-06 23:00:00,12.289594159691449,-0.07948380173879188,True
2016-12-05 19:00:00,12.2679062664698,-0.07948380173879188,True
2013-11-04 22:00:00,12.297855107615874,-0.07948380173879188,True
2017-01-02 22:00:00,12.293831763021608,-0.07948380173879188,True
2015-01-02 18:00:00,12.266010984845025,-0.07948380173879188,True
2016-12-18 13:00:00,12.273791365028687,-0.07948380173879188,True
2016-12-14 15:00:00,12.275115289430886,-0.07948380173879188,True
2013-12-04 05:00:00,12.296105263417582,-0.07948380173879188,True
2016-01-01 01:00:00,12.275398854236686,-0.07948380173879188,True
2014-12-04 03:00:00,12.28082929959263,-0.07948380173879188,True
2016-11-25 13:00:00,12.267287928070116,-0.07948380173879188,True
2015-12-04 04:00:00,12.276691172778335,-0.07948380173879188,True
2016-11-07 15:00:00,12.27257954495475,-0.07948380173879188,True
2016-11-24 19:00:00,12.27150762502408,-0.07948380173879188,True
2017-11-10 20:00:00,12.29632497247908,-0.07948380173879188,True
2016-12-22 18:00:00,12.273509578703942,-0.07948380173879188,True
2017-01-10 22:00:00,12.29537645202349,-0.07948380173879188,True
2012-11-22 14:00:00,12.279693184992633,-0.07948380173879188,True
2016-12-20 07:00:00,12.29218951221627,-0.07948380173879188,True
2017-01-04 01:00:00,12.295421066009846,-0.07948380173879188,True
2016-12-23 21:00:00,12.289033877695204,-0.07948380173879188,True
2016-01-13 06:00:00,12.296962970713142,-0.07948380173879188,True
2017-01-18 06:00:00,12.294175525686647,-0.07948380173879188,True
2016-12-25 15:00:00,12.2759752389411,-0.07948380173879188,True
2014-11-23 22:00:00,12.295385222354374,-0.07948380173879188,True
2016-12-28 02:00:00,12.280939830586656,-0.07948380173879188,True
2017-01-21 10:00:00,12.2901759531305,-0.07948380173879188,True
2016-01-12 11:00:00,12.278729730793357,-0.07948380173879188,True
2014-01-16 15:00:00,12.273174418082442,-0.07948380173879188,True
2016-12-06 14:00:00,12.29603521403414,-0.07948380173879188,True
2015-11-02 18:00:00,12.274278711466508,-0.07948380173879188,True
2015-11-25 03:00:00,12.276877512156664,-0.07948380173879188,True
2014-01-07 06:00:00,12.27979377657076,-0.07948380173879188,True
2014-12-06 04:00:00,12.293165402700676,-0.07948380173879188,True
2016-01-19 15:00:00,12.29091322495899,-0.07948380173879188,True
2018-01-13 15:00:00,12.272996876438013,-0.07948380173879188,True
2015-12-05 09:00:00,12.273921562256374,-0.07948380173879188,True
2014-11-17 07:00:00,12.292074361287662,-0.07948380173879188,True
2016-12-20 02:00:00,12.29086908109273,-0.07948380173879188,True
2017-01-09 16:00:00,12.276259623197213,-0.07948380173879188,True
2014-10-29 21:00:00,12.270764655441882,-0.07948380173879188,True
2014-12-08 02:00:00,12.289751370223644,-0.07948380173879188,True
2017-01-18 13:00:00,12.29462126861631,-0.07948380173879188,True
2018-01-26 01:00:00,12.290072161443264,-0.07948380173879188,True
2012-11-24 06:00:00,12.280307792568095,-0.07948380173879188,True
2012-11-25 05:00:00,12.269565139345644,-0.07948380173879188,True
2013-12-01 00:00:00,12.275118438541968,-0.07948380173879188,True
2017-01-23 08:00:00,12.295283358343012,-0.07948380173879188,True
2017-01-17 09:00:00,12.28129953015594,-0.07948380173879188,True
2017-01-18 11:00:00,12.289709631426328,-0.07948380173879188,True
2018-01-09 19:00:00,11.658757796894315,-0.07940720714414928,True
2013-12-05 01:00:00,11.656325673365355,-0.07940720714414928,True
2014-01-13 17:00:00,11.657963386349175,-0.07940720714414928,True
2017-01-25 01:00:00,11.659335579921644,-0.07940720714414928,True
2016-10-21 17:00:00,11.654337399667911,-0.07940720714414928,True
2017-11-08 22:00:00,11.659135127807351,-0.07940720714414928,True
2015-11-04 21:00:00,11.656240484331455,-0.07940720714414928,True
2014-12-09 08:00:00,11.652166633755266,-0.07940720714414928,True
2013-12-06 21:00:00,11.66085033495284,-0.07940720714414928,True
2014-12-06 02:00:00,11.657218014107938,-0.07940720714414928,True
2013-12-02 12:00:00,11.659136432602295,-0.07940720714414928,True
2015-11-26 18:00:00,11.65227664995642,-0.07940720714414928,True
2017-01-09 04:00:00,11.651597737697449,-0.07940720714414928,True
2016-11-29 04:00:00,11.651675508856814,-0.07940720714414928,True
2014-11-24 07:00:00,11.654076619133818,-0.07940720714414928,True
2017-01-23 16:00:00,12.093259041932996,-0.0792288778536786,True
2015-11-26 15:00:00,12.093016306540994,-0.0792288778536786,True
2016-01-04 12:00:00,12.093376136726787,-0.0792288778536786,True
2013-10-25 20:00:00,12.093597458013782,-0.0792288778536786,True
2017-11-08 20:00:00,12.092505969443984,-0.0792288778536786,True
2014-01-06 11:00:00,12.38504284248615,-0.07907495943546783,True
2017-11-19 21:00:00,12.388259275340683,-0.07907495943546783,True
2016-12-22 22:00:00,12.39376463990646,-0.07907495943546783,True
2012-11-19 17:00:00,12.387818327007134,-0.07907495943546783,True
2016-12-05 11:00:00,12.385634532722822,-0.07907495943546783,True
2012-11-23 14:00:00,12.389386027915132,-0.07907495943546783,True
2012-11-18 04:00:00,12.38885058578005,-0.07907495943546783,True
2014-12-03 15:00:00,12.394958210271316,-0.07907495943546783,True
2017-01-25 12:00:00,12.387696483031748,-0.07907495943546783,True
2015-11-25 21:00:00,12.390573725357063,-0.07907495943546783,True
2012-11-24 07:00:00,12.394333802004716,-0.07907495943546783,True
2012-11-25 00:00:00,12.390689137033926,-0.07907495943546783,True
2016-12-27 06:00:00,12.388014429414676,-0.07907495943546783,True
2017-01-09 23:00:00,12.387638361407811,-0.07907495943546783,True
2015-01-21 12:00:00,12.187830776990635,-0.0790486037682463,True
2017-01-11 04:00:00,12.310980657116032,-0.0790486037682463,True
2016-12-24 19:00:00,12.18428591757914,-0.0790486037682463,True
2016-01-25 00:00:00,12.192243928254127,-0.0790486037682463,True
2013-10-25 18:00:00,12.18743629163832,-0.0790486037682463,True
2016-01-13 01:00:00,12.188216715365574,-0.0790486037682463,True
2014-01-07 20:00:00,12.311765093734431,-0.0790486037682463,True
2017-01-03 18:00:00,12.183846160232813,-0.0790486037682463,True
2017-01-23 21:00:00,12.186489759641786,-0.0790486037682463,True
2016-12-05 09:00:00,12.19012966180443,-0.0790486037682463,True
2014-12-05 09:00:00,12.191168804439812,-0.0790486037682463,True
2014-12-03 22:00:00,12.190001261648732,-0.0790486037682463,True
2016-12-21 09:00:00,12.31133543328061,-0.0790486037682463,True
2017-01-18 03:00:00,12.191564289485044,-0.0790486037682463,True
2016-12-17 19:00:00,12.19201114507548,-0.0790486037682463,True
2016-12-05 04:00:00,12.190488921057366,-0.0790486037682463,True
2016-12-22 00:00:00,12.192973820281384,-0.0790486037682463,True
2014-11-08 00:00:00,12.188817892299914,-0.0790486037682463,True
2015-01-22 03:00:00,12.192411699990272,-0.0790486037682463,True
2016-12-23 08:00:00,12.188665955279882,-0.0790486037682463,True
2014-12-07 16:00:00,12.191900702456689,-0.0790486037682463,True
2017-01-09 06:00:00,12.191704122255494,-0.0790486037682463,True
2015-12-06 07:00:00,12.138004538348,-0.07872934389819553,True
2015-01-07 03:00:00,12.136103671126476,-0.07872934389819553,True
2016-12-16 11:00:00,12.133387944817706,-0.07872934389819553,True
2016-12-06 10:00:00,12.131740750041272,-0.07872934389819553,True
2016-12-21 10:00:00,12.137426153819147,-0.07872934389819553,True
2017-12-29 21:00:00,12.132874112105934,-0.07872934389819553,True
2016-11-25 14:00:00,12.131877098683203,-0.07872934389819553,True
2016-12-05 14:00:00,12.134828148147768,-0.07872934389819553,True
2015-12-31 20:00:00,12.134762884212222,-0.07872934389819553,True
2014-01-04 15:00:00,12.136820398531048,-0.07872934389819553,True
2012-11-23 10:00:00,12.13737323492582,-0.07872934389819553,True
2014-01-13 14:00:00,12.13610244115686,-0.07872934389819553,True
2014-10-24 21:00:00,12.131253323461376,-0.07872934389819553,True
2016-11-19 00:00:00,12.133394083315425,-0.07872934389819553,True
2017-01-15 16:00:00,12.137916365819471,-0.07872934389819553,True
2017-12-28 02:00:00,12.13395622338972,-0.07872934389819553,True
2015-01-05 16:00:00,12.507084712063394,-0.07864003798847308,True
2016-12-15 06:00:00,12.407860484011936,-0.07864003798847308,True
2016-01-02 09:00:00,12.520378954961018,-0.07864003798847308,True
2016-01-02 07:00:00,12.506936763539178,-0.07864003798847308,True
2015-11-25 10:00:00,12.40053959793898,-0.07864003798847308,True
2013-12-03 14:00:00,12.516361041525036,-0.07864003798847308,True
2016-01-04 09:00:00,12.398973103600746,-0.07864003798847308,True
2017-01-03 21:00:00,12.519381755513336,-0.07864003798847308,True
2014-01-08 01:00:00,12.518291907924407,-0.07864003798847308,True
2016-01-18 16:00:00,12.408578437468291,-0.07864003798847308,True
2014-12-07 09:00:00,12.51114296616814,-0.07864003798847308,True
2016-01-18 07:00:00,12.514270797297392,-0.07864003798847308,True
2016-01-03 07:00:00,12.41103639527843,-0.07864003798847308,True
2016-12-13 19:00:00,12.511045391507857,-0.07864003798847308,True
2016-11-25 09:00:00,12.40110552050225,-0.07864003798847308,True
2016-01-05 05:00:00,12.407388894818991,-0.07864003798847308,True
2013-12-02 20:00:00,12.404479684649369,-0.07864003798847308,True
2015-12-04 02:00:00,12.39918071438205,-0.07864003798847308,True
2015-12-06 04:00:00,12.50639629036967,-0.07864003798847308,True
2015-01-06 07:00:00,12.516285960500552,-0.07864003798847308,True
2017-01-05 02:00:00,12.403081198763363,-0.07864003798847308,True
2016-01-18 21:00:00,12.50582362398714,-0.07864003798847308,True
2016-11-18 21:00:00,12.405531068637892,-0.07864003798847308,True
2017-01-19 17:00:00,12.410913498472269,-0.07864003798847308,True
2018-01-28 03:00:00,12.50619733543865,-0.07864003798847308,True
2017-11-08 19:00:00,12.510796914103787,-0.07864003798847308,True
2017-01-10 02:00:00,12.402068183231837,-0.07864003798847308,True
2017-12-15 09:00:00,12.397821763630434,-0.07864003798847308,True
2016-12-26 23:00:00,12.50701655894156,-0.07864003798847308,True
2014-11-18 04:00:00,12.400537510789349,-0.07864003798847308,True
2017-12-31 01:00:00,12.264906293769627,-0.07861370014710423,True
2016-12-05 21:00:00,12.300996910257778,-0.07861370014710423,True
2017-11-19 07:00:00,12.314502724654728,-0.07861370014710423,True
2013-12-01 19:00:00,12.264136876426804,-0.07861370014710423,True
2017-01-21 08:00:00,12.306456810693598,-0.07861370014710423,True
2016-01-15 20:00:00,12.314924794519836,-0.07861370014710423,True
2016-01-03 19:00:00,12.298792833723946,-0.07861370014710423,True
2014-01-05 08:00:00,12.302959442407785,-0.07861370014710423,True
2015-11-18 02:00:00,12.303243372456956,-0.07861370014710423,True
2015-01-06 12:00:00,12.300139413053689,-0.07861370014710423,True
2013-12-02 15:00:00,12.304731070734036,-0.07861370014710423,True
2014-01-13 18:00:00,12.304884641358433,-0.07861370014710423,True
2016-12-22 23:00:00,12.3142432785743,-0.07861370014710423,True
2012-11-25 07:00:00,12.302423719777847,-0.07861370014710423,True
2016-12-20 01:00:00,12.30453358904706,-0.07861370014710423,True
2015-12-10 22:00:00,11.618327966366955,-0.07844167037321592,True
2016-01-21 19:00:00,11.61097904975098,-0.07844167037321592,True
2015-12-10 12:00:00,11.617264060917227,-0.07844167037321592,True
2017-01-17 12:00:00,11.610234076946156,-0.07844167037321592,True
2014-12-08 04:00:00,11.621840156580715,-0.07844167037321592,True
2013-11-17 18:00:00,11.612778810492294,-0.07844167037321592,True
2015-11-09 20:00:00,11.60996943794826,-0.07844167037321592,True
2012-11-24 13:00:00,11.612623976351143,-0.07844167037321592,True
2014-01-21 21:00:00,11.615705118668169,-0.07844167037321592,True
2014-12-30 14:00:00,11.612185122531464,-0.07844167037321592,True
2013-10-25 21:00:00,11.611247825021136,-0.07844167037321592,True
2015-12-08 13:00:00,11.61214039184044,-0.07844167037321592,True
2015-12-13 21:00:00,11.615979440709634,-0.07844167037321592,True
2015-12-31 11:00:00,11.621365799157903,-0.07844167037321592,True
2015-11-18 12:00:00,11.619411201125835,-0.07844167037321592,True
2015-01-02 21:00:00,12.122706878147277,-0.07835912098472775,True
2016-01-12 01:00:00,12.124184147997394,-0.07835912098472775,True
2017-10-23 18:00:00,12.1202383189816,-0.07835912098472775,True
2016-12-18 22:00:00,12.127923995226665,-0.07835912098472775,True
2012-11-26 03:00:00,12.125728948566506,-0.07835912098472775,True
2016-01-19 14:00:00,12.12993106528928,-0.07835912098472775,True
2018-01-15 15:00:00,12.125586326327234,-0.07835912098472775,True
2018-01-13 14:00:00,12.1306206476911,-0.07835912098472775,True
2014-11-24 00:00:00,12.126658258102555,-0.07835912098472775,True
2015-11-06 21:00:00,12.127221146149289,-0.07835912098472775,True
2014-01-07 11:00:00,12.122849203983725,-0.07835912098472775,True
2015-11-16 04:00:00,12.124356473598876,-0.07835912098472775,True
2016-12-18 00:00:00,12.127432592662725,-0.07835912098472775,True
2016-12-06 00:00:00,12.13015463346962,-0.07835912098472775,True
2017-12-12 23:00:00,12.12789389248688,-0.07835912098472775,True
2018-01-22 15:00:00,12.128987615668672,-0.07835912098472775,True
2017-01-10 11:00:00,12.127446033121144,-0.07835912098472775,True
2016-01-02 00:00:00,12.12154051282233,-0.07835912098472775,True
2013-12-03 18:00:00,12.122052507242651,-0.07835912098472775,True
2016-12-25 17:00:00,12.12191011437049,-0.07835912098472775,True
2016-12-26 13:00:00,12.122921665212097,-0.07835912098472775,True
2016-01-02 20:00:00,12.128353550321885,-0.07835912098472775,True
2015-12-31 13:00:00,12.128232878691176,-0.07835912098472775,True
2014-01-07 08:00:00,12.122727557798283,-0.07835912098472775,True
2016-11-24 09:00:00,12.622710516614315,-0.07829552491353797,True
2016-12-11 13:00:00,12.609944828173807,-0.07829552491353797,True
2014-12-04 16:00:00,12.61487139733856,-0.07829552491353797,True
2016-01-18 02:00:00,12.584539886158607,-0.07829552491353797,True
2014-12-03 12:00:00,12.587097214856357,-0.07829552491353797,True
2016-11-25 11:00:00,12.60360517203467,-0.07829552491353797,True
2014-12-04 06:00:00,12.604870847133624,-0.07829552491353797,True
2014-12-03 10:00:00,12.58500881486114,-0.07829552491353797,True
2013-10-28 19:00:00,12.606612083816833,-0.07829552491353797,True
2016-12-27 04:00:00,12.59740972925368,-0.07829552491353797,True
2016-12-29 15:00:00,12.609560891809494,-0.07829552491353797,True
2014-11-17 17:00:00,12.599423971663471,-0.07829552491353797,True
2015-01-05 01:00:00,12.627215234607482,-0.07829552491353797,True
2017-01-15 18:00:00,12.619536009873698,-0.07829552491353797,True
2017-01-15 19:00:00,12.603028372886529,-0.07829552491353797,True
2017-11-19 09:00:00,12.621879707701757,-0.07829552491353797,True
2017-01-17 01:00:00,12.61429840322794,-0.07829552491353797,True
2017-11-25 14:00:00,12.60672289487313,-0.07829552491353797,True
2014-12-04 21:00:00,12.62430182014156,-0.07829552491353797,True
2016-12-22 01:00:00,12.61311770760332,-0.07829552491353797,True
2013-11-06 23:00:00,12.588300429463112,-0.07829552491353797,True
2015-01-04 05:00:00,12.617486009600851,-0.07829552491353797,True
2012-11-22 12:00:00,12.599261322939274,-0.07829552491353797,True
2012-11-21 23:00:00,12.595868338303813,-0.07829552491353797,True
2014-01-13 11:00:00,12.624972166072814,-0.07829552491353797,True
2015-12-03 06:00:00,12.619405850829189,-0.07829552491353797,True
2016-01-01 16:00:00,12.59586291274258,-0.07829552491353797,True
2017-01-03 05:00:00,12.617715627761724,-0.07829552491353797,True
2014-01-08 16:00:00,12.603785022514527,-0.07829552491353797,True
2016-01-05 08:00:00,12.591079812942322,-0.07829552491353797,True
2017-11-25 16:00:00,12.600371534120091,-0.07829552491353797,True
2017-01-11 21:00:00,12.586783983153524,-0.07829552491353797,True
2016-01-05 20:00:00,12.61502168309742,-0.07829552491353797,True
2016-01-05 15:00:00,12.58659369153058,-0.07829552491353797,True
2017-01-11 09:00:00,12.621714641296732,-0.07829552491353797,True
2014-01-06 09:00:00,12.604661834060243,-0.07829552491353797,True
2014-01-08 09:00:00,12.58711850492491,-0.07829552491353797,True
2016-01-13 20:00:00,12.589580772418245,-0.07829552491353797,True
2016-01-13 07:00:00,12.61479611065876,-0.07829552491353797,True
2016-12-04 18:00:00,12.597797812786846,-0.07829552491353797,True
2016-11-18 19:00:00,12.601965906715511,-0.07829552491353797,True
2016-11-18 05:00:00,12.589263155614267,-0.07829552491353797,True
2017-12-29 23:00:00,12.622979365139988,-0.07829552491353797,True
2016-12-27 18:00:00,12.586608571209116,-0.07829552491353797,True
2017-12-07 14:00:00,12.611315360089796,-0.07829552491353797,True
2017-12-07 02:00:00,12.617259848106118,-0.07829552491353797,True
2012-11-22 11:00:00,12.600721122683526,-0.07829552491353797,True
2016-01-22 05:00:00,12.60585666142761,-0.07829552491353797,True
2016-12-29 12:00:00,12.625179271540382,-0.07829552491353797,True
2016-12-26 00:00:00,12.592827833534663,-0.07829552491353797,True
2017-12-07 22:00:00,12.610032036556658,-0.07829552491353797,True
2017-11-26 10:00:00,12.142615941396237,-0.0782946562108553,True
2016-12-16 16:00:00,12.144078250422814,-0.0782946562108553,True
2017-11-10 18:00:00,12.144224787048095,-0.0782946562108553,True
2016-01-01 04:00:00,12.141237294279234,-0.0782946562108553,True
2013-12-06 06:00:00,12.138865903795722,-0.0782946562108553,True
2013-12-02 19:00:00,12.14034651723331,-0.0782946562108553,True
2014-12-04 18:00:00,12.144424260047929,-0.0782946562108553,True
2015-11-04 19:00:00,12.144543434302683,-0.0782946562108553,True
2014-11-18 06:00:00,12.142172285551853,-0.0782946562108553,True
2015-12-05 14:00:00,12.139831456525268,-0.0782946562108553,True
2014-01-07 15:00:00,12.142632984612275,-0.0782946562108553,True
2016-10-21 16:00:00,12.49793016868782,-0.07820541070385312,True
2017-01-11 03:00:00,12.505384212482236,-0.07820541070385312,True
2017-12-09 09:00:00,12.4982281901068,-0.07820541070385312,True
2015-01-07 23:00:00,12.504541786027623,-0.07820541070385312,True
2016-12-18 18:00:00,12.504531198611769,-0.07820541070385312,True
2016-11-29 07:00:00,12.502831466365492,-0.07820541070385312,True
2015-12-03 18:00:00,12.498714355660894,-0.07820541070385312,True
2015-01-04 00:00:00,12.500117110274848,-0.07820541070385312,True
2015-01-05 05:00:00,12.499685129111414,-0.07820541070385312,True
2017-01-15 08:00:00,12.503373114157991,-0.07820541070385312,True
2017-01-10 17:00:00,12.499171656731232,-0.07820541070385312,True
2017-11-27 04:00:00,12.501807868177885,-0.07820541070385312,True
2013-12-03 02:00:00,12.50047468947442,-0.07820541070385312,True
2016-11-26 04:00:00,12.19636165014124,-0.07817909067628037,True
2014-12-04 11:00:00,12.20166328790086,-0.07817909067628037,True
2017-11-26 21:00:00,12.20484934823601,-0.07817909067628037,True
2016-12-19 03:00:00,12.211255726333857,-0.07817909067628037,True
2017-01-23 05:00:00,12.214556862715089,-0.07817909067628037,True
2017-01-04 14:00:00,12.209189876983595,-0.07817909067628037,True
2015-12-06 14:00:00,12.213490960477053,-0.07817909067628037,True
2012-11-23 19:00:00,12.199335120093146,-0.07817909067628037,True
2015-01-08 01:00:00,12.197608147543688,-0.07817909067628037,True
2012-11-23 02:00:00,12.196535640624075,-0.07817909067628037,True
2014-12-06 05:00:00,12.198216218181814,-0.07817909067628037,True
2017-01-16 19:00:00,12.214715732623512,-0.07817909067628037,True
2016-11-19 02:00:00,12.1961816141165,-0.07817909067628037,True
2015-12-06 16:00:00,12.201875524742515,-0.07817909067628037,True
2016-12-19 21:00:00,12.196622859549937,-0.07817909067628037,True
2014-01-05 20:00:00,12.202553281298616,-0.07817909067628037,True
2013-12-03 11:00:00,12.209266354920588,-0.07817909067628037,True
2016-12-04 23:00:00,12.194944863838115,-0.07817909067628037,True
2013-12-01 16:00:00,12.198812661909622,-0.07817909067628037,True
2013-12-01 09:00:00,12.194065511364087,-0.07817909067628037,True
2013-12-05 20:00:00,12.202725033510744,-0.07817909067628037,True
2016-01-01 23:00:00,12.214199809672197,-0.07817909067628037,True
2017-11-26 15:00:00,12.197094842125876,-0.07817909067628037,True
2013-12-04 09:00:00,12.212702700410969,-0.07817909067628037,True
2017-11-15 20:00:00,12.194884337110349,-0.07817909067628037,True
2016-12-24 12:00:00,12.200008929902852,-0.07817909067628037,True
2014-01-12 20:00:00,12.21076352852326,-0.07817909067628037,True
2017-12-08 00:00:00,12.199308249803591,-0.07817909067628037,True
2015-01-03 14:00:00,12.198029358787885,-0.07817909067628037,True
2014-12-05 06:00:00,12.315748043848586,-0.07808899280336534,True
2016-12-27 21:00:00,12.31539841239858,-0.07808899280336534,True
2014-12-06 14:00:00,11.63401173944358,-0.07791710350409953,True
2014-01-12 00:00:00,11.635130002514176,-0.07791710350409953,True
2014-12-31 22:00:00,11.637962761162813,-0.07791710350409953,True
2014-11-24 13:00:00,11.639388797921312,-0.07791710350409953,True
2015-01-26 17:00:00,11.640836860419142,-0.07791710350409953,True
2015-01-21 04:00:00,12.496094194341444,-0.0777710773826491,True
2015-11-26 05:00:00,12.495158158630645,-0.0777710773826491,True
2016-12-07 11:00:00,12.2468989471106,-0.07774477515682388,True
2016-01-01 19:00:00,12.255481765602536,-0.07774477515682388,True
2016-01-02 21:00:00,12.2443457503892,-0.07774477515682388,True
2014-01-08 20:00:00,12.236635915337908,-0.07774477515682388,True
2015-12-04 11:00:00,12.242761244690335,-0.07774477515682388,True
2016-10-23 14:00:00,12.246089119667037,-0.07774477515682388,True
2017-01-04 11:00:00,12.236450755714786,-0.07774477515682388,True
2014-12-04 08:00:00,12.244263550831697,-0.07774477515682388,True
2014-12-06 15:00:00,12.236265035769511,-0.07774477515682388,True
2017-01-19 20:00:00,12.233965341839106,-0.07774477515682388,True
2012-11-25 22:00:00,12.243046611221883,-0.07774477515682388,True
2017-12-11 18:00:00,12.252801673173437,-0.07774477515682388,True
2017-01-10 06:00:00,12.245298777579832,-0.07774477515682388,True
2016-12-21 14:00:00,12.251810258677402,-0.07774477515682388,True
2016-12-15 03:00:00,12.248219538199296,-0.07774477515682388,True
2016-12-15 08:00:00,12.244649899497704,-0.07774477515682388,True
2016-10-17 18:00:00,12.25785101663552,-0.07774477515682388,True
2016-12-17 09:00:00,12.24191652562788,-0.07774477515682388,True
2015-11-26 02:00:00,12.251205342619214,-0.07774477515682388,True
2013-12-02 09:00:00,12.249224395761384,-0.07774477515682388,True
2013-12-03 07:00:00,12.253708248833732,-0.07774477515682388,True
2016-01-12 19:00:00,12.2379965407551,-0.07774477515682388,True
2016-12-06 15:00:00,12.241744086339663,-0.07774477515682388,True
2017-01-25 02:00:00,12.249525411047134,-0.07774477515682388,True
2015-01-23 23:00:00,12.246920523241036,-0.07774477515682388,True
2016-11-18 12:00:00,12.246168927057203,-0.07774477515682388,True
2015-11-06 20:00:00,12.237147441381396,-0.07774477515682388,True
2012-11-24 01:00:00,12.2365375641539,-0.07774477515682388,True
2017-01-04 09:00:00,12.238313996489168,-0.07774477515682388,True
2016-01-22 07:00:00,12.235511060155856,-0.07774477515682388,True
2016-12-20 12:00:00,12.263715451469018,-0.07774477515682388,True
2014-12-08 07:00:00,12.250777238821009,-0.07774477515682388,True
2014-12-07 11:00:00,12.24355663906472,-0.07774477515682388,True
2016-12-28 14:00:00,12.258206645217664,-0.07774477515682388,True
2016-01-01 18:00:00,12.255217334333922,-0.07774477515682388,True
2016-12-14 00:00:00,12.254727818488286,-0.07774477515682388,True
2015-12-07 09:00:00,11.650535852730078,-0.07748296518162723,True
2015-12-13 16:00:00,11.644988904769216,-0.07748296518162723,True
2015-01-02 14:00:00,11.626570147057686,-0.07748296518162723,True
2017-01-20 06:00:00,11.626082395601776,-0.07748296518162723,True
2014-12-10 08:00:00,11.622067147622497,-0.07748296518162723,True
2014-12-30 09:00:00,11.646551081082633,-0.07748296518162723,True
2016-12-06 22:00:00,11.62553659804169,-0.07748296518162723,True
2017-01-24 20:00:00,11.631772743077786,-0.07748296518162723,True
2015-12-07 15:00:00,11.62980293669802,-0.07748296518162723,True
2016-01-12 15:00:00,11.624304338505098,-0.07748296518162723,True
2015-12-06 00:00:00,11.631996305038244,-0.07748296518162723,True
2017-11-26 17:00:00,11.647813529656778,-0.07748296518162723,True
2015-12-11 10:00:00,11.647259162230242,-0.07748296518162723,True
2017-01-17 00:00:00,11.625335269850426,-0.07748296518162723,True
2012-11-24 15:00:00,11.643135262569633,-0.07748296518162723,True
2012-11-25 08:00:00,11.622254537696644,-0.07748296518162723,True
2015-01-02 19:00:00,11.622734980898194,-0.07748296518162723,True
2015-01-02 04:00:00,11.629480871715527,-0.07748296518162723,True
2016-01-12 09:00:00,11.625428387498006,-0.07748296518162723,True
2015-12-09 16:00:00,11.624301079193543,-0.07748296518162723,True
2017-11-15 22:00:00,11.623312366546266,-0.07748296518162723,True
2013-12-03 13:00:00,11.643740651207,-0.07748296518162723,True
2017-12-09 13:00:00,11.643591424579691,-0.07748296518162723,True
2015-11-11 21:00:00,11.642445912110018,-0.07748296518162723,True
2014-01-03 17:00:00,11.644865234697244,-0.07748296518162723,True
2012-12-20 22:00:00,0.4051128122955561,-0.07745328374390359,True
2014-03-05 16:00:00,0.4051128122955561,-0.07745328374390359,True
2015-10-19 19:00:00,12.460853315170098,-0.07733703782603651,True
2017-11-19 00:00:00,12.493228108901606,-0.07733703782603651,True
2016-01-17 17:00:00,12.492722399795207,-0.07733703782603651,True
2017-01-05 07:00:00,12.494431318519498,-0.07733703782603651,True
2017-01-04 21:00:00,12.493528868149186,-0.07733703782603651,True
2016-12-23 18:00:00,12.228143261482494,-0.07731075338991866,True
2015-12-04 19:00:00,12.227327944573606,-0.07731075338991866,True
2017-11-27 06:00:00,12.23357173264236,-0.07731075338991866,True
2016-12-07 01:00:00,12.225150934757217,-0.07731075338991866,True
2017-01-25 11:00:00,12.230299974445664,-0.07731075338991866,True
2015-11-17 22:00:00,12.226693938868088,-0.07731075338991866,True
2014-10-22 20:00:00,12.221640300102894,-0.07731075338991866,True
2014-12-07 21:00:00,12.221001090002256,-0.07731075338991866,True
2016-01-22 00:00:00,12.224082192221182,-0.07731075338991866,True
2018-01-12 03:00:00,12.231229970364495,-0.07731075338991866,True
2017-01-09 01:00:00,12.233550702086324,-0.07731075338991866,True
2017-01-24 00:00:00,12.231276622701662,-0.07731075338991866,True
2013-12-05 05:00:00,12.218217064891617,-0.07731075338991866,True
2013-12-06 01:00:00,12.2256451953993,-0.07731075338991866,True
2015-01-05 00:00:00,12.228662046434287,-0.07731075338991866,True
2015-10-30 17:00:00,12.232504500718443,-0.07731075338991866,True
2018-01-17 01:00:00,12.225815611008947,-0.07731075338991866,True
2017-11-19 05:00:00,12.222732424412335,-0.07731075338991866,True
2015-12-31 23:00:00,12.222677944859305,-0.07731075338991866,True
2016-12-25 07:00:00,12.217867330922251,-0.07731075338991866,True
2016-01-12 13:00:00,12.222681049956291,-0.07731075338991866,True
2017-01-23 03:00:00,12.231566122660391,-0.07731075338991866,True
2014-11-18 02:00:00,12.233594663267572,-0.07731075338991866,True
2017-01-09 21:00:00,12.224055442550526,-0.07731075338991866,True
2015-12-04 09:00:00,12.229701338969214,-0.07731075338991866,True
2012-11-24 17:00:00,12.22136192441944,-0.07731075338991866,True
2014-11-03 17:00:00,12.23351852111824,-0.07731075338991866,True
2015-01-06 10:00:00,12.224977396727072,-0.07731075338991866,True
2014-10-29 16:00:00,12.233195727402324,-0.07731075338991866,True
2016-01-02 06:00:00,11.60755941821877,-0.07712880781451059,True
2016-01-22 02:00:00,11.604424168433937,-0.07712880781451059,True
2016-01-01 02:00:00,11.601209990676642,-0.07712880781451059,True
2015-10-27 00:00:00,11.601318161608068,-0.07712880781451059,True
2015-12-06 17:00:00,11.60250188082297,-0.07712880781451059,True
2013-12-08 22:00:00,11.604961033487315,-0.07712880781451059,True
2015-12-28 21:00:00,11.60664145622206,-0.07712880781451059,True
2016-01-16 06:00:00,11.601999552690678,-0.07712880781451059,True
2012-11-24 23:00:00,11.628478876463134,-0.07704912049185764,True
2016-10-19 20:00:00,11.627323160212786,-0.07704912049185764,True
2013-12-02 10:00:00,12.427029742725804,-0.07690329183532574,True
2014-01-07 00:00:00,12.43454826934983,-0.07690329183532574,True
2017-12-23 14:00:00,12.423537049585804,-0.07690329183532574,True
2016-12-26 18:00:00,12.431075222254686,-0.07690329183532574,True
2017-12-31 00:00:00,12.455187630469098,-0.07690329183532574,True
2012-11-24 16:00:00,12.42069438167058,-0.07690329183532574,True
2016-12-14 12:00:00,12.451042889543336,-0.07690329183532574,True
2014-01-08 11:00:00,12.449848744352384,-0.07690329183532574,True
2017-01-11 13:00:00,12.4166045003785,-0.07690329183532574,True
2016-12-23 09:00:00,12.527789617530004,-0.07690329183532574,True
2016-12-23 04:00:00,12.418118248767437,-0.07690329183532574,True
2013-12-01 07:00:00,12.459746927948794,-0.07690329183532574,True
2013-12-01 03:00:00,12.53076400239032,-0.07690329183532574,True
2013-12-03 06:00:00,12.442924335585897,-0.07690329183532574,True
2017-01-24 15:00:00,12.529370868157551,-0.07690329183532574,True
2017-01-04 06:00:00,12.448433840994053,-0.07690329183532574,True
2017-01-14 20:00:00,12.451816350088883,-0.07690329183532574,True
2016-12-17 00:00:00,12.42863723142593,-0.07690329183532574,True
2017-01-25 06:00:00,12.454626431644687,-0.07690329183532574,True
2016-01-04 04:00:00,12.527495551735814,-0.07690329183532574,True
2017-11-25 21:00:00,12.43964114779648,-0.07690329183532574,True
2016-01-04 00:00:00,12.457370807409283,-0.07690329183532574,True
2017-01-23 13:00:00,12.4375451419803,-0.07690329183532574,True
2016-12-24 07:00:00,12.417222863811553,-0.07690329183532574,True
2017-01-09 18:00:00,12.423435960280267,-0.07690329183532574,True
2016-12-28 19:00:00,12.523746892499414,-0.07690329183532574,True
2017-11-19 14:00:00,12.42225916307572,-0.07690329183532574,True
2015-01-07 13:00:00,12.524543049091587,-0.07690329183532574,True
2016-01-17 14:00:00,12.443475879611135,-0.07690329183532574,True
2017-01-17 18:00:00,12.427915652961644,-0.07690329183532574,True
2018-01-18 09:00:00,12.415476456567834,-0.07690329183532574,True
2015-12-03 03:00:00,12.528305291808968,-0.07690329183532574,True
2018-01-13 16:00:00,12.41537310518492,-0.07690329183532574,True
2017-01-05 12:00:00,12.457026132302744,-0.07690329183532574,True
2017-01-03 15:00:00,12.448207014752624,-0.07690329183532574,True
2016-12-16 19:00:00,12.451934190621474,-0.07690329183532574,True
2015-11-25 11:00:00,12.432551062255309,-0.07690329183532574,True
2014-12-03 00:00:00,12.433437804613366,-0.07690329183532574,True
2014-11-24 03:00:00,12.438321062201496,-0.07690329183532574,True
2014-11-17 12:00:00,12.433925867082026,-0.07690329183532574,True
2016-01-14 06:00:00,12.453414247198133,-0.07690329183532574,True
2011-11-22 14:00:00,12.421492217168815,-0.07690329183532574,True
2014-12-07 06:00:00,12.450053755129414,-0.07690329183532574,True
2016-12-19 20:00:00,12.440241117292032,-0.07690329183532574,True
2015-12-04 06:00:00,12.454343302776625,-0.07690329183532574,True
2015-11-09 19:00:00,12.52336865682019,-0.07690329183532574,True
2013-12-04 22:00:00,12.453003025101204,-0.07690329183532574,True
2014-01-05 13:00:00,12.428465358562406,-0.07690329183532574,True
2015-11-18 00:00:00,12.429377658334992,-0.07690329183532574,True
2012-11-22 04:00:00,12.413894560523651,-0.07690329183532574,True
2016-12-12 11:00:00,12.5288314750256,-0.07690329183532574,True
2012-11-22 21:00:00,12.43355246638066,-0.07690329183532574,True
2015-01-07 01:00:00,12.412400046123278,-0.07690329183532574,True
2016-12-06 09:00:00,12.437103429606037,-0.07690329183532574,True
2016-12-24 16:00:00,12.459188230902464,-0.07690329183532574,True
2014-11-17 19:00:00,12.41545935880106,-0.07690329183532574,True
2017-12-20 06:00:00,12.446833703994646,-0.07690329183532574,True
2017-11-26 00:00:00,12.412602104762422,-0.07690329183532574,True
2016-12-21 19:00:00,12.44198018571995,-0.07690329183532574,True
2016-11-25 18:00:00,12.417136982552256,-0.07690329183532574,True
2014-12-03 20:00:00,12.41953455579404,-0.07690329183532574,True
2017-01-17 04:00:00,12.447297856017151,-0.07690329183532574,True
2015-11-04 20:00:00,12.418137104085767,-0.07690329183532574,True
2016-11-24 21:00:00,12.435850103186814,-0.07690329183532574,True
2017-01-22 18:00:00,12.42352802605325,-0.07690329183532574,True
2012-11-23 09:00:00,12.525521509562196,-0.07690329183532574,True
2015-01-05 11:00:00,12.448444365082752,-0.07690329183532574,True
2013-11-01 19:00:00,12.44999471348372,-0.07690329183532574,True
2014-11-18 01:00:00,12.438995634953791,-0.07690329183532574,True
2015-01-06 03:00:00,12.528516878194466,-0.07690329183532574,True
2017-01-22 22:00:00,12.432164705957376,-0.07690329183532574,True
2016-01-04 17:00:00,12.423215811851357,-0.07690329183532574,True
2017-01-05 00:00:00,12.458112202299104,-0.07690329183532574,True
2016-12-29 05:00:00,12.447797497736111,-0.07690329183532574,True
2016-01-03 02:00:00,12.43401672451313,-0.07690329183532574,True
2016-01-18 14:00:00,12.435475916919485,-0.07690329183532574,True
2015-11-25 05:00:00,12.429056101283894,-0.07690329183532574,True
2015-12-04 07:00:00,12.523179377947583,-0.07690329183532574,True
2016-12-15 11:00:00,12.428108236041998,-0.07690329183532574,True
2016-01-04 05:00:00,12.524337306058722,-0.07690329183532574,True
2016-01-04 19:00:00,12.530833758958206,-0.07690329183532574,True
2015-11-02 19:00:00,12.432060340513855,-0.07690329183532574,True
2016-12-25 02:00:00,12.262086275805016,-0.07687702517688288,True
2016-01-17 21:00:00,12.261648941958487,-0.07687702517688288,True
2016-01-02 04:00:00,12.261953125589027,-0.07687702517688288,True
2016-01-01 06:00:00,12.26214584210819,-0.07687702517688288,True
2015-12-31 06:00:00,11.57399067593292,-0.07669520266172603,True
2013-12-04 01:00:00,11.582063855111954,-0.07669520266172603,True
2014-01-06 12:00:00,11.58312627979934,-0.07669520266172603,True
2013-12-01 01:00:00,11.58321272376655,-0.07669520266172603,True
2016-01-21 07:00:00,11.580013600224738,-0.07669520266172603,True
2014-11-30 23:00:00,11.574768227423368,-0.07669520266172603,True
2016-01-15 21:00:00,11.584277606523845,-0.07669520266172603,True
2016-01-21 09:00:00,11.580835222351752,-0.07669520266172603,True
2016-01-12 17:00:00,11.577488353417046,-0.07669520266172603,True
2017-12-20 03:00:00,11.582952688334258,-0.07669520266172603,True
2015-12-12 13:00:00,11.570792254170277,-0.07669520266172603,True
2015-12-29 02:00:00,11.583323498412534,-0.07669520266172603,True
2015-12-10 02:00:00,11.570186267667491,-0.07669520266172603,True
2015-12-29 04:00:00,11.574180244454482,-0.07669520266172603,True
2014-01-13 07:00:00,11.606430222822445,-0.07669520266172603,True
2015-11-27 18:00:00,11.580924102956866,-0.07669520266172603,True
2017-01-20 11:00:00,11.581899536094689,-0.07669520266172603,True
2014-01-16 16:00:00,11.581639609302831,-0.07669520266172603,True
2016-01-01 17:00:00,11.580989572635346,-0.07669520266172603,True
2016-01-11 13:00:00,11.571267701107544,-0.07669520266172603,True
2014-11-23 21:00:00,11.572736216394606,-0.07669520266172603,True
2015-11-30 05:00:00,12.56850168258425,-0.0765597098711962,True
2016-12-16 23:00:00,12.561945875999903,-0.0765597098711962,True
2013-12-04 07:00:00,12.570284380468893,-0.0765597098711962,True
2016-12-14 17:00:00,12.560263792022653,-0.0765597098711962,True
2016-12-25 20:00:00,12.572379898664297,-0.0765597098711962,True
2015-12-04 01:00:00,12.564453953836145,-0.0765597098711962,True
2016-01-13 11:00:00,12.5681099933483,-0.0765597098711962,True
2015-01-21 15:00:00,12.573096758504644,-0.0765597098711962,True
2016-12-17 04:00:00,12.571987261060984,-0.0765597098711962,True
2017-11-08 21:00:00,12.57210865136078,-0.0765597098711962,True
2017-11-06 18:00:00,12.564800431213689,-0.0765597098711962,True
2017-01-11 23:00:00,12.558398175649714,-0.0765597098711962,True
2013-12-04 17:00:00,12.559433623694993,-0.0765597098711962,True
2016-12-13 12:00:00,12.559159517422366,-0.0765597098711962,True
2015-01-03 19:00:00,12.571764607505546,-0.0765597098711962,True
2015-12-04 23:00:00,12.570093155226935,-0.0765597098711962,True
2017-01-19 14:00:00,12.565413136144508,-0.0765597098711962,True
2016-12-12 16:00:00,12.561849347763212,-0.0765597098711962,True
2016-01-03 03:00:00,12.573131438765138,-0.0765597098711962,True
2014-12-03 05:00:00,12.563519121477723,-0.0765597098711962,True
2014-12-05 13:00:00,12.569908981706725,-0.0765597098711962,True
2012-11-22 16:00:00,12.567421626643048,-0.0765597098711962,True
2015-11-11 19:00:00,12.564487402097932,-0.0765597098711962,True
2016-12-17 10:00:00,12.559085176728267,-0.0765597098711962,True
2016-11-25 03:00:00,12.563396867459485,-0.0765597098711962,True
2016-01-14 11:00:00,12.567828685886672,-0.0765597098711962,True
2015-01-04 20:00:00,12.560471381466163,-0.0765597098711962,True
2015-12-03 13:00:00,12.566547555575164,-0.0765597098711962,True
2016-01-02 12:00:00,12.561448399549544,-0.0765597098711962,True
2014-01-06 03:00:00,11.558358744238356,-0.0765534687262498,True
2012-11-25 04:00:00,11.569596144885676,-0.0765534687262498,True
2014-12-07 03:00:00,11.558113745037074,-0.0765534687262498,True
2012-11-24 20:00:00,11.560826077829557,-0.0765534687262498,True
2018-01-13 10:00:00,11.56111573270346,-0.0765534687262498,True
2016-01-17 00:00:00,11.565794264640402,-0.0765534687262498,True
2015-11-18 09:00:00,11.567057990829449,-0.0765534687262498,True
2014-12-29 18:00:00,11.561412253442588,-0.0765534687262498,True
2014-12-07 18:00:00,11.563741131119423,-0.0765534687262498,True
2017-10-30 18:00:00,11.56937077250823,-0.0765534687262498,True
2017-01-23 07:00:00,11.566910605921654,-0.0765534687262498,True
2015-11-19 13:00:00,11.563168322142973,-0.0765534687262498,True
2016-01-24 22:00:00,11.566079235653133,-0.0765534687262498,True
2015-11-27 08:00:00,11.563159857948548,-0.0765534687262498,True
2014-01-13 08:00:00,12.540429243261974,-0.07646983921196115,True
2016-11-09 13:00:00,12.47161334517397,-0.07646983921196115,True
2015-11-26 17:00:00,12.470046507932544,-0.07646983921196115,True
2015-12-05 21:00:00,12.465818372535436,-0.07646983921196115,True
2017-12-28 13:00:00,12.543644316505988,-0.07646983921196115,True
2017-01-04 16:00:00,12.474749950052626,-0.07646983921196115,True
2016-01-05 00:00:00,12.48621029746844,-0.07646983921196115,True
2016-12-24 21:00:00,12.463585480492428,-0.07646983921196115,True
2015-01-03 04:00:00,12.486808987947864,-0.07646983921196115,True
2016-12-26 01:00:00,12.54473546009934,-0.07646983921196115,True
2017-11-15 17:00:00,12.543471598236636,-0.07646983921196115,True
2016-12-26 05:00:00,12.462888362010617,-0.07646983921196115,True
2015-01-24 00:00:00,12.48575871668796,-0.07646983921196115,True
2017-11-26 23:00:00,12.466645886931946,-0.07646983921196115,True
2016-12-16 01:00:00,12.46738453277992,-0.07646983921196115,True
2015-01-06 02:00:00,12.54162381568218,-0.07646983921196115,True
2016-12-18 23:00:00,12.487059014492344,-0.07646983921196115,True
2016-12-12 21:00:00,12.541524834953009,-0.07646983921196115,True
2016-11-18 11:00:00,12.541073666058994,-0.07646983921196115,True
2016-12-19 10:00:00,12.539837222530029,-0.07646983921196115,True
2017-01-03 10:00:00,12.471085749025743,-0.07646983921196115,True
2017-01-17 06:00:00,12.474181424441085,-0.07646983921196115,True
2017-11-19 08:00:00,12.463843256469692,-0.07646983921196115,True
2017-11-26 04:00:00,12.545756464718012,-0.07646983921196115,True
2018-01-03 07:00:00,12.487164967688894,-0.07646983921196115,True
2016-01-14 01:00:00,12.54514656382147,-0.07646983921196115,True
2016-12-05 16:00:00,12.463631164646111,-0.07646983921196115,True
2017-01-16 21:00:00,12.464820391300735,-0.07646983921196115,True
2016-12-27 23:00:00,12.463569639673777,-0.07646983921196115,True
2017-11-26 11:00:00,12.543806055539804,-0.07646983921196115,True
2014-01-06 19:00:00,12.466700320468044,-0.07646983921196115,True
2016-11-24 14:00:00,12.425510569273987,-0.07646983921196115,True
2017-01-02 20:00:00,12.472782451956556,-0.07646983921196115,True
2016-12-04 21:00:00,12.474683281575391,-0.07646983921196115,True
2015-10-21 22:00:00,12.54219144983684,-0.07646983921196115,True
2016-12-27 01:00:00,12.462627572026449,-0.07646983921196115,True
2016-12-04 13:00:00,12.53719098490747,-0.07646983921196115,True
2016-01-04 14:00:00,12.463542790747464,-0.07646983921196115,True
2014-01-06 01:00:00,12.543283148734009,-0.07646983921196115,True
2017-01-26 19:00:00,12.470270864287622,-0.07646983921196115,True
2012-11-24 02:00:00,12.5391005307713,-0.07646983921196115,True
2014-01-05 23:00:00,12.536521773710737,-0.07646983921196115,True
2014-01-06 10:00:00,11.414930969126813,-0.0764117661469712,True
2013-12-03 15:00:00,11.415400238807646,-0.0764117661469712,True
2015-01-03 00:00:00,11.41404959992478,-0.0764117661469712,True
2014-12-09 18:00:00,11.412935664178065,-0.0764117661469712,True
2015-01-04 11:00:00,11.415973259966078,-0.0764117661469712,True
2016-11-27 05:00:00,11.416658724184346,-0.0764117661469712,True
2016-01-03 18:00:00,12.553478159939573,-0.0761264896320637,True
2014-12-04 15:00:00,12.576552587572586,-0.0761264896320637,True
2016-12-13 07:00:00,12.57446020290162,-0.0761264896320637,True
2014-11-23 17:00:00,12.580455735005026,-0.0761264896320637,True
2014-01-08 14:00:00,12.575517284862352,-0.0761264896320637,True
2016-12-29 10:00:00,12.557079192454369,-0.0761264896320637,True
2015-12-03 08:00:00,12.574842081712909,-0.0761264896320637,True
2014-12-03 17:00:00,12.557726287126956,-0.0761264896320637,True
2015-01-04 07:00:00,12.57844062538033,-0.0761264896320637,True
2017-01-16 17:00:00,12.579138616973973,-0.0761264896320637,True
2016-01-17 22:00:00,12.551757365894954,-0.0761264896320637,True
2017-11-25 11:00:00,12.556996329189374,-0.0761264896320637,True
2016-12-30 13:00:00,12.556059820727777,-0.0761264896320637,True
2017-01-20 18:00:00,12.579338094608929,-0.0761264896320637,True
2013-11-11 23:00:00,12.580201863959884,-0.0761264896320637,True
2018-01-13 17:00:00,12.557749333931833,-0.0761264896320637,True
2017-01-04 02:00:00,12.576861152382474,-0.0761264896320637,True
2014-11-05 22:00:00,12.553572018168795,-0.0761264896320637,True
2014-12-06 11:00:00,12.551843588422852,-0.0761264896320637,True
2016-12-20 23:00:00,12.554065091416136,-0.0761264896320637,True
2016-12-21 04:00:00,12.576334598488408,-0.0761264896320637,True
2016-12-18 07:00:00,12.577722423373515,-0.0761264896320637,True
2016-12-07 02:00:00,12.5563761965411,-0.0761264896320637,True
2014-12-06 13:00:00,12.578061439751629,-0.0761264896320637,True
2016-11-19 05:00:00,11.525036984804466,-0.07612025270836242,True
2016-01-11 10:00:00,11.570052175911036,-0.07612025270836242,True
2012-11-26 06:00:00,11.542947787215065,-0.07612025270836242,True
2016-01-17 10:00:00,11.52476192781154,-0.07612025270836242,True
2018-01-17 00:00:00,11.5223010320141,-0.07612025270836242,True
2016-01-01 22:00:00,11.531051646490496,-0.07612025270836242,True
2015-11-26 14:00:00,11.542740778663786,-0.07612025270836242,True
2016-12-07 13:00:00,11.526957468891284,-0.07612025270836242,True
2016-01-15 19:00:00,11.55212440929254,-0.07612025270836242,True
2014-12-31 07:00:00,11.528651635194512,-0.07612025270836242,True
2015-12-28 18:00:00,11.552216534322056,-0.07612025270836242,True
2016-01-11 22:00:00,11.555108540025168,-0.07612025270836242,True
2015-01-23 13:00:00,11.526733181447115,-0.07612025270836242,True
2014-01-13 05:00:00,11.556697092002237,-0.07612025270836242,True
2017-10-27 18:00:00,11.530752964770675,-0.07612025270836242,True
2014-12-30 16:00:00,11.545393168035348,-0.07612025270836242,True
2014-01-13 02:00:00,11.523683851619602,-0.07612025270836242,True
2014-01-11 17:00:00,11.52768580365744,-0.07612025270836242,True
2014-01-03 22:00:00,11.550425732161443,-0.07612025270836242,True
2013-12-08 00:00:00,11.536450941826148,-0.07612025270836242,True
2015-12-08 05:00:00,11.551405945344644,-0.07612025270836242,True
2013-12-06 04:00:00,11.541433375333796,-0.07612025270836242,True
2015-12-05 12:00:00,11.528830309416485,-0.07612025270836242,True
2016-01-16 18:00:00,11.554126247517564,-0.07612025270836242,True
2018-01-09 20:00:00,11.532228018225926,-0.07612025270836242,True
2016-01-21 02:00:00,11.551453737206886,-0.07612025270836242,True
2017-01-23 14:00:00,11.546016258848846,-0.07612025270836242,True
2014-01-05 17:00:00,11.54206354268223,-0.07612025270836242,True
2013-12-05 02:00:00,11.549086530386548,-0.07612025270836242,True
2015-01-23 12:00:00,11.529405554239194,-0.07612025270836242,True
2017-11-06 16:00:00,11.542212214995937,-0.07612025270836242,True
2015-10-28 17:00:00,11.569854425447977,-0.07612025270836242,True
2013-12-07 02:00:00,11.549142784662893,-0.07612025270836242,True
2017-01-25 00:00:00,11.525542190130937,-0.07612025270836242,True
2014-12-06 17:00:00,11.541497146669236,-0.07612025270836242,True
2011-11-22 13:00:00,11.549250811906846,-0.07612025270836242,True
2016-11-26 00:00:00,11.526413933375515,-0.07612025270836242,True
2016-12-13 14:00:00,12.547907972284438,-0.07603667975752149,True
2014-11-23 12:00:00,12.488595227338411,-0.07603667975752149,True
2015-11-26 07:00:00,12.490086513590835,-0.07603667975752149,True
2015-01-06 17:00:00,12.546332836247451,-0.07603667975752149,True
2017-01-11 08:00:00,12.491196501416573,-0.07603667975752149,True
2016-12-23 14:00:00,12.547906042414914,-0.07603667975752149,True
2014-01-06 06:00:00,12.549824631269589,-0.07603667975752149,True
2016-12-22 17:00:00,12.48857267691282,-0.07603667975752149,True
2016-12-17 05:00:00,12.54876028739635,-0.07603667975752149,True
2013-12-04 00:00:00,12.550720145935284,-0.07603667975752149,True
2014-11-24 06:00:00,11.586577389011874,-0.0758288719740684,True
2016-11-25 15:00:00,11.588353837752663,-0.0758288719740684,True
2013-12-06 13:00:00,11.585823791103715,-0.0758288719740684,True
2014-11-23 09:00:00,11.587416263648636,-0.0758288719740684,True
2015-12-12 23:00:00,11.588564101184865,-0.0758288719740684,True
2014-11-18 07:00:00,11.587017532022008,-0.0758288719740684,True
2011-11-22 15:00:00,11.587938932082452,-0.0758288719740684,True
2015-10-26 23:00:00,11.585248299477904,-0.0758288719740684,True
2016-11-18 23:00:00,11.588697181456329,-0.0758288719740684,True
2015-12-12 15:00:00,11.586044347263394,-0.0758288719740684,True
2016-01-21 14:00:00,11.585906445331275,-0.0758288719740684,True
2015-01-04 21:00:00,11.59106912072776,-0.0758288719740684,True
2017-12-13 00:00:00,11.58580716711164,-0.0758288719740684,True
2017-01-10 10:00:00,11.592630190845057,-0.0758288719740684,True
2014-12-10 16:00:00,11.59143951607949,-0.0758288719740684,True
2015-01-01 23:00:00,11.539742373992944,-0.07568732969937009,True
2015-12-30 02:00:00,11.537850685684438,-0.07568732969937009,True
2013-12-04 08:00:00,11.539020167609117,-0.07568732969937009,True
2013-11-30 22:00:00,11.538491309426004,-0.07568732969937009,True
2015-12-12 01:00:00,11.536724116539329,-0.07568732969937009,True
2017-12-07 12:00:00,12.476350459474943,-0.07560381327371979,True
2016-01-03 08:00:00,12.476734448967289,-0.07560381327371979,True
2017-01-15 23:00:00,12.484586310668844,-0.07560381327371979,True
2016-12-27 13:00:00,12.484599104660644,-0.07560381327371979,True
2017-12-28 01:00:00,12.48007474769873,-0.07560381327371979,True
2016-01-04 22:00:00,12.53233997068125,-0.07560381327371979,True
2016-01-05 10:00:00,12.477579367074688,-0.07560381327371979,True
2016-12-28 04:00:00,12.482217135206533,-0.07560381327371979,True
2014-01-07 21:00:00,12.478999693583686,-0.07560381327371979,True
2016-01-03 13:00:00,12.480944786422231,-0.07560381327371979,True
2016-01-18 08:00:00,12.479622011851928,-0.07560381327371979,True
2017-11-26 16:00:00,12.481378485430955,-0.07560381327371979,True
2017-01-22 20:00:00,12.483340638529306,-0.07560381327371979,True
2016-11-25 08:00:00,12.481963881424296,-0.07560381327371979,True
2016-01-18 03:00:00,12.534168738013271,-0.07560381327371979,True
2015-11-21 17:00:00,12.48459011635825,-0.07560381327371979,True
2014-12-07 04:00:00,12.478581208463115,-0.07560381327371979,True
2016-11-24 22:00:00,12.482599336762318,-0.07560381327371979,True
2015-12-03 11:00:00,12.4757239116129,-0.07560381327371979,True
2016-12-28 07:00:00,12.48011647368548,-0.07560381327371979,True
2015-12-03 01:00:00,12.484205905510256,-0.07560381327371979,True
2016-12-04 11:00:00,12.484404692906525,-0.07560381327371979,True
2018-01-13 09:00:00,11.418739503956552,-0.07554581873846777,True
2014-01-01 18:00:00,11.41744309131468,-0.07554581873846777,True
2015-12-28 23:00:00,11.417016538677473,-0.07554581873846777,True
2014-01-02 06:00:00,11.4186995660206,-0.07554581873846777,True
2016-01-06 17:00:00,11.599871633968108,-0.07539614604261591,True
2012-11-24 03:00:00,11.598365333462707,-0.07539614604261591,True
2016-12-07 10:00:00,11.597269795006184,-0.07539614604261591,True
2014-12-06 19:00:00,11.59560986591866,-0.07539614604261591,True
2017-01-20 22:00:00,11.597372644116154,-0.07539614604261591,True
2016-01-19 18:00:00,11.60079381028956,-0.07539614604261591,True
2017-01-10 00:00:00,11.594918992628038,-0.07539614604261591,True
2016-01-17 18:00:00,11.596167955681551,-0.07539614604261591,True
2013-11-12 03:00:00,11.60073283256257,-0.07539614604261591,True
2014-01-12 18:00:00,11.60058325449542,-0.07539614604261591,True
2014-06-17 13:00:00,0.4072266850440396,-0.07531242971394747,True
2008-08-08 21:00:00,0.4091659480621284,-0.07531242971394747,True
2014-01-12 17:00:00,11.519530899282644,-0.07525469950109409,True
2017-01-09 14:00:00,11.517258589178391,-0.07525469950109409,True
2014-12-31 05:00:00,11.515347208531551,-0.07525469950109409,True
2014-12-09 17:00:00,11.518784467703286,-0.07525469950109409,True
2015-01-04 06:00:00,11.5208316889127,-0.07525469950109409,True
2016-01-01 03:00:00,11.517496211275349,-0.07525469950109409,True
2015-12-12 05:00:00,11.517813022351264,-0.07525469950109409,True
2014-12-10 13:00:00,11.515637569666731,-0.07525469950109409,True
2013-12-09 03:00:00,11.406343317815107,-0.075113284252189,True
2017-10-23 20:00:00,11.410984980510054,-0.075113284252189,True
2015-12-31 22:00:00,11.409569112838843,-0.075113284252189,True
2016-01-02 03:00:00,11.422699481565628,-0.075113284252189,True
2014-12-10 23:00:00,11.402748895609571,-0.075113284252189,True
2014-12-11 16:00:00,11.40851417694541,-0.075113284252189,True
2015-12-31 05:00:00,11.411697780816349,-0.075113284252189,True
2015-11-19 18:00:00,11.41203461623542,-0.075113284252189,True
2018-01-09 21:00:00,11.405698239557532,-0.075113284252189,True
2015-12-07 20:00:00,11.406731390834713,-0.075113284252189,True
2015-12-10 11:00:00,11.421886721838383,-0.075113284252189,True
2015-01-02 08:00:00,11.403008248718214,-0.075113284252189,True
2015-01-01 05:00:00,11.411256735374948,-0.075113284252189,True
2015-01-01 17:00:00,11.411341186218452,-0.075113284252189,True
2015-12-12 06:00:00,11.420899477027543,-0.075113284252189,True
2014-01-08 19:00:00,11.410335311021864,-0.075113284252189,True
2016-12-20 13:00:00,11.404760747050636,-0.075113284252189,True
2015-11-18 10:00:00,11.411377207455116,-0.075113284252189,True
2015-09-11 22:00:00,0.4134369930847511,-0.07488005308208168,True
2018-07-22 06:00:00,0.4163793264650482,-0.07488005308208168,True
2014-01-06 05:00:00,11.513368367542888,-0.07482236191548974,True
2017-11-27 17:00:00,11.37323886801618,-0.07468104231384631,True
2018-01-12 01:00:00,11.423428385990652,-0.07468104231384631,True
2016-01-15 22:00:00,11.337204723396711,-0.07424909272557279,True
2017-11-28 00:00:00,11.340713135478936,-0.07424909272557279,True
2013-12-04 11:00:00,11.335579195253873,-0.07424909272557279,True
2013-12-06 09:00:00,11.377822859213929,-0.07424909272557279,True
2017-01-10 14:00:00,11.335254856557167,-0.07424909272557279,True
2016-01-01 07:00:00,11.37643000064702,-0.07424909272557279,True
2014-12-12 12:00:00,11.330432604001446,-0.07424909272557279,True
2017-11-28 07:00:00,11.34382569175701,-0.07424909272557279,True
2016-01-02 08:00:00,11.336462606789295,-0.07424909272557279,True
2014-01-02 23:00:00,11.338171102995211,-0.07424909272557279,True
2015-01-24 23:00:00,11.341395147514753,-0.07424909272557279,True
2014-01-01 13:00:00,11.33793139376668,-0.07424909272557279,True
2017-11-20 01:00:00,11.377672576203494,-0.07424909272557279,True
2014-12-31 00:00:00,11.340355378221414,-0.07424909272557279,True
2016-01-11 17:00:00,11.344208827909934,-0.07424909272557279,True
2015-12-12 00:00:00,11.37759866252508,-0.07424909272557279,True
2013-12-10 06:00:00,11.334063570765752,-0.07424909272557279,True
2015-01-02 03:00:00,11.338345354277257,-0.07424909272557279,True
2014-12-31 19:00:00,11.379244088421428,-0.07424909272557279,True
2015-12-11 03:00:00,11.331959544428909,-0.07424909272557279,True
2014-12-06 22:00:00,11.370417541209786,-0.07424909272557279,True
2017-10-30 17:00:00,11.336835765929417,-0.07424909272557279,True
2015-12-09 13:00:00,11.331908903227545,-0.07424909272557279,True
2018-01-18 07:00:00,11.329642332993323,-0.07424909272557279,True
2013-11-12 02:00:00,11.332597082423662,-0.07424909272557279,True
2014-12-12 02:00:00,11.344180951149712,-0.07424909272557279,True
2014-01-04 07:00:00,11.492069614562553,-0.07395856379078669,True
2014-12-07 12:00:00,11.499708003817306,-0.07395856379078669,True
2015-01-03 23:00:00,11.503664579827204,-0.07395856379078669,True
2012-11-24 08:00:00,11.492493442642784,-0.07395856379078669,True
2014-01-05 19:00:00,11.49596513809234,-0.07395856379078669,True
2012-11-25 13:00:00,11.494555623967264,-0.07395856379078669,True
2015-12-08 00:00:00,11.5032448795803,-0.07395856379078669,True
2016-01-16 11:00:00,11.503199234575272,-0.07395856379078669,True
2014-12-09 03:00:00,11.499081447653694,-0.07395856379078669,True
2017-11-29 02:00:00,11.496845012395909,-0.07395856379078669,True
2015-11-27 13:00:00,11.500948500117714,-0.07395856379078669,True
2013-12-08 12:00:00,11.499797130880498,-0.07395856379078669,True
2016-12-07 08:00:00,11.499127691774428,-0.07395856379078669,True
2014-12-12 17:00:00,11.49543488039646,-0.07395856379078669,True
2017-10-25 18:00:00,11.497045300906208,-0.07395856379078669,True
2015-11-26 09:00:00,11.493586393891814,-0.07395856379078669,True
2016-11-25 10:00:00,11.493265216131055,-0.07395856379078669,True
2016-11-26 17:00:00,11.499277305963515,-0.07395856379078669,True
2015-12-30 07:00:00,11.497448980133225,-0.07395856379078669,True
2017-12-31 05:00:00,11.503780946971752,-0.07395856379078669,True
2016-01-01 08:00:00,11.424096235596686,-0.07381743528963514,True
2015-12-30 19:00:00,11.427114285802624,-0.07381743528963514,True
2014-01-16 03:00:00,11.400874592351396,-0.07381743528963514,True
2013-12-07 21:00:00,11.423890998656974,-0.07381743528963514,True
2015-12-15 05:00:00,11.40166235616207,-0.07381743528963514,True
2015-12-15 00:00:00,11.427917031273902,-0.07381743528963514,True
2017-11-14 03:00:00,11.426227938489824,-0.07381743528963514,True
2015-12-07 14:00:00,11.428742453370075,-0.07381743528963514,True
2014-01-12 13:00:00,11.402221906947563,-0.07381743528963514,True
2015-01-03 01:00:00,11.428358263823052,-0.07381743528963514,True
2015-12-12 10:00:00,11.427588931557464,-0.07381743528963514,True
2017-01-19 19:00:00,11.427113125093856,-0.07381743528963514,True
2015-01-03 20:00:00,11.428472968808151,-0.07381743528963514,True
2015-12-28 11:00:00,11.40082878860056,-0.07381743528963514,True
2015-12-27 18:00:00,11.505688359619628,-0.07352710285626785,True
2011-11-22 12:00:00,11.50635745018342,-0.07352710285626785,True
2015-12-06 10:00:00,11.505897961624791,-0.07352710285626785,True
2015-12-06 23:00:00,11.506148411143052,-0.07352710285626785,True
2015-10-22 00:00:00,11.369177274057488,-0.0733860698084341,True
2015-12-29 21:00:00,11.345598208065647,-0.0733860698084341,True
2017-01-17 05:00:00,11.32756485596708,-0.0733860698084341,True
2017-11-03 21:00:00,11.358897377905354,-0.0733860698084341,True
2014-01-06 00:00:00,11.349725681806389,-0.0733860698084341,True
2015-12-16 18:00:00,11.346061471707197,-0.0733860698084341,True
2015-01-04 04:00:00,11.364558129592544,-0.0733860698084341,True
2014-01-04 23:00:00,11.3508887758566,-0.0733860698084341,True
2014-12-07 10:00:00,11.345980332900815,-0.0733860698084341,True
2014-12-11 04:00:00,11.365027421087872,-0.0733860698084341,True
2014-12-10 21:00:00,11.346025948404415,-0.0733860698084341,True
2015-12-31 00:00:00,11.356937007917676,-0.0733860698084341,True
2016-01-02 13:00:00,11.395984827158449,-0.0733860698084341,True
2015-12-26 22:00:00,11.345662504457884,-0.0733860698084341,True
2013-12-04 18:00:00,11.395321125343656,-0.0733860698084341,True
2015-11-19 08:00:00,11.400388264653936,-0.0733860698084341,True
2013-12-08 07:00:00,11.396317406548189,-0.0733860698084341,True
2012-11-25 18:00:00,11.363492341424186,-0.0733860698084341,True
2014-12-07 17:00:00,11.392855951635804,-0.0733860698084341,True
2014-12-11 21:00:00,11.358804199013464,-0.0733860698084341,True
2016-01-16 04:00:00,11.397008065813427,-0.0733860698084341,True
2011-11-22 09:00:00,11.39312719473094,-0.0733860698084341,True
2014-12-09 13:00:00,11.398100976952806,-0.0733860698084341,True
2015-12-06 08:00:00,11.393597178096302,-0.0733860698084341,True
2017-11-27 05:00:00,11.368690372873113,-0.0733860698084341,True
2015-12-14 02:00:00,11.395365303077982,-0.0733860698084341,True
2012-11-26 16:00:00,11.34999146703349,-0.0733860698084341,True
2013-12-08 02:00:00,11.366968905660592,-0.0733860698084341,True
2016-01-24 16:00:00,11.36479273655072,-0.0733860698084341,True
2017-01-17 15:00:00,11.511885749772086,-0.07309593374358037,True
2016-11-25 12:00:00,11.5082460642363,-0.07309593374358037,True
2016-11-25 17:00:00,11.509926255684269,-0.07309593374358037,True
2013-12-07 14:00:00,11.507844333945975,-0.07309593374358037,True
2015-12-13 04:00:00,11.51209634896686,-0.07309593374358037,True
2017-11-19 20:00:00,11.50907905081539,-0.07309593374358037,True
2016-01-02 01:00:00,11.511725627165312,-0.07309593374358037,True
2014-01-02 01:00:00,11.508223384886708,-0.07309593374358037,True
2014-11-24 17:00:00,11.51135613387884,-0.07309593374358037,True
2015-11-27 10:00:00,11.391853425242925,-0.07295499608450373,True
2016-11-09 15:00:00,11.440019489032506,-0.07295499608450373,True
2015-10-24 00:00:00,11.38233454548984,-0.07295499608450373,True
2016-11-26 05:00:00,11.446826668525178,-0.07295499608450373,True
2016-12-26 22:00:00,11.381863308392465,-0.07295499608450373,True
2018-01-17 15:00:00,11.450588524116723,-0.07295499608450373,True
2015-12-09 23:00:00,11.45024389260365,-0.07295499608450373,True
2013-12-07 16:00:00,11.452951380953634,-0.07295499608450373,True
2016-01-11 08:00:00,11.35283792460825,-0.07295499608450373,True
2014-12-08 15:00:00,11.436739999076526,-0.07295499608450373,True
2017-01-23 02:00:00,11.436533474020395,-0.07295499608450373,True
2015-01-20 13:00:00,11.380496726056236,-0.07295499608450373,True
2014-01-05 05:00:00,11.354930765972734,-0.07295499608450373,True
2013-10-30 21:00:00,11.32379310802905,-0.07295499608450373,True
2017-01-09 09:00:00,11.439457312734206,-0.07295499608450373,True
2014-01-04 18:00:00,11.44087862969014,-0.07295499608450373,True
2015-12-08 17:00:00,11.391333191855312,-0.07295499608450373,True
2014-01-02 11:00:00,11.456000143058722,-0.07295499608450373,True
2015-12-08 22:00:00,11.390319296706949,-0.07295499608450373,True
2014-01-05 09:00:00,11.320541820557946,-0.07295499608450373,True
2016-01-10 22:00:00,11.43258673719894,-0.07295499608450373,True
2015-12-23 20:00:00,11.3216544273515,-0.07295499608450373,True
2016-01-10 17:00:00,11.38801560673871,-0.07295499608450373,True
2014-01-08 22:00:00,11.38365749417135,-0.07295499608450373,True
2015-12-27 15:00:00,11.445648776916991,-0.07295499608450373,True
2015-12-06 03:00:00,11.435019509890148,-0.07295499608450373,True
2015-11-18 03:00:00,11.355333523413696,-0.07295499608450373,True
2016-11-27 00:00:00,11.450719758027676,-0.07295499608450373,True
2017-11-26 22:00:00,11.354776036759224,-0.07295499608450373,True
2014-12-31 02:00:00,11.354159575656226,-0.07295499608450373,True
2014-11-23 13:00:00,11.456663152313087,-0.07295499608450373,True
2014-01-11 12:00:00,11.438852200488732,-0.07295499608450373,True
2014-11-24 02:00:00,11.383552563160135,-0.07295499608450373,True
2017-11-16 01:00:00,11.458704529349124,-0.07295499608450373,True
2014-11-23 18:00:00,11.449411263508928,-0.07295499608450373,True
2016-10-23 16:00:00,11.387429334721846,-0.07295499608450373,True
2018-01-25 23:00:00,11.391845421283405,-0.07295499608450373,True
2016-11-18 20:00:00,11.448041878055143,-0.07295499608450373,True
2016-10-28 15:00:00,11.386016278373564,-0.07295499608450373,True
2014-12-12 07:00:00,11.356324514477894,-0.07295499608450373,True
2015-12-13 11:00:00,11.43289359862906,-0.07295499608450373,True
2013-12-05 06:00:00,11.45109721398036,-0.07295499608450373,True
2015-11-18 01:00:00,11.447278016132884,-0.07295499608450373,True
2015-12-27 03:00:00,11.438898394844372,-0.07295499608450373,True
2014-11-18 12:00:00,11.32177229706535,-0.07295499608450373,True
2016-01-01 12:00:00,11.383018656424772,-0.07295499608450373,True
2012-11-26 11:00:00,11.446309447676851,-0.07295499608450373,True
2016-11-19 07:00:00,11.436094339763564,-0.07295499608450373,True
2016-01-24 23:00:00,11.386339412834223,-0.07295499608450373,True
2017-12-28 04:00:00,11.441719174771704,-0.07295499608450373,True
2017-12-11 20:00:00,11.451803286484228,-0.07295499608450373,True
2017-10-18 19:00:00,11.351188448886395,-0.07295499608450373,True
2016-01-01 20:00:00,11.432641330851052,-0.07295499608450373,True
2017-10-18 20:00:00,11.43582615479896,-0.07295499608450373,True
2014-12-10 11:00:00,11.44074558904185,-0.07295499608450373,True
2016-01-17 05:00:00,11.456357705076751,-0.07295499608450373,True
2017-01-10 08:00:00,11.432861891050775,-0.07295499608450373,True
2014-12-30 04:00:00,11.448352168677582,-0.07295499608450373,True
2017-01-09 15:00:00,11.382840103604307,-0.07295499608450373,True
2015-12-13 18:00:00,11.435679200794358,-0.07295499608450373,True
2014-12-11 19:00:00,11.38421574213408,-0.07295499608450373,True
2014-12-30 21:00:00,11.35522377730986,-0.07295499608450373,True
2017-11-27 00:00:00,11.389317129201908,-0.07295499608450373,True
2015-12-10 06:00:00,11.380785150149071,-0.07295499608450373,True
2014-01-13 12:00:00,11.447218768579509,-0.07295499608450373,True
2014-11-30 19:00:00,11.44843244985138,-0.07295499608450373,True
2014-12-07 08:00:00,11.456723652836509,-0.07295499608450373,True
2017-11-03 19:00:00,11.454590285708717,-0.07295499608450373,True
2016-01-11 03:00:00,11.459184310704195,-0.07295499608450373,True
2014-01-06 20:00:00,11.446678652541742,-0.07295499608450373,True
2015-12-27 20:00:00,11.44910713786492,-0.07295499608450373,True
2015-11-19 17:00:00,11.323354739844255,-0.07295499608450373,True
2015-11-19 20:00:00,11.380158549494526,-0.07295499608450373,True
2013-11-17 21:00:00,11.323815213701067,-0.07295499608450373,True
2017-01-22 23:00:00,11.318306872341353,-0.072524213920512,True
2015-12-29 12:00:00,11.31266335341308,-0.072524213920512,True
2018-01-24 04:00:00,11.318132045572662,-0.072524213920512,True
2016-11-26 01:00:00,11.318714582676025,-0.072524213920512,True
2015-11-26 01:00:00,11.43077798341058,-0.072524213920512,True
2014-01-06 15:00:00,11.311803480600664,-0.072524213920512,True
2016-11-26 21:00:00,11.318378144276592,-0.072524213920512,True
2014-12-11 14:00:00,11.311908465246374,-0.072524213920512,True
2014-11-24 04:00:00,11.319972128302018,-0.072524213920512,True
2016-01-16 14:00:00,11.314170058014057,-0.072524213920512,True
2014-12-29 13:00:00,11.317921531350963,-0.072524213920512,True
2017-11-27 03:00:00,11.430258829532065,-0.072524213920512,True
2017-12-09 14:00:00,11.429932233197915,-0.072524213920512,True
2013-12-08 05:00:00,11.313115195926034,-0.072524213920512,True
2014-12-29 16:00:00,11.315252996057191,-0.072524213920512,True
2016-01-17 11:00:00,11.431984298027396,-0.072524213920512,True
2017-12-31 06:00:00,11.313499610272284,-0.072524213920512,True
2015-12-08 23:00:00,11.430153528304947,-0.072524213920512,True
2015-12-06 22:00:00,11.320386259000996,-0.072524213920512,True
2015-01-03 03:00:00,11.316026419077025,-0.072524213920512,True
2014-11-30 21:00:00,11.464187916350046,-0.07209372311925999,True
2017-11-28 17:00:00,11.307140065777176,-0.07209372311925999,True
2014-01-04 02:00:00,11.310942880231226,-0.07209372311925999,True
2015-01-01 22:00:00,11.310069048484957,-0.07209372311925999,True
2014-01-01 03:00:00,11.306193411181846,-0.07209372311925999,True
2016-01-25 20:00:00,11.309441997893044,-0.07209372311925999,True
2014-12-07 23:00:00,11.307156056104317,-0.07209372311925999,True
2008-06-14 01:00:00,0.4188529255698086,-0.07203776361220404,True
2015-09-18 16:00:00,0.4307299763325621,-0.07203776361220404,True
2016-06-17 09:00:00,0.4270509339403361,-0.07203776361220404,True
2006-03-31 13:00:00,0.4270509339403361,-0.07203776361220404,True
2007-06-20 11:00:00,0.4270509339403361,-0.07203776361220404,True
2005-04-04 13:00:00,0.4188529255698086,-0.07203776361220404,True
2010-08-31 15:00:00,0.418895280956076,-0.07203776361220404,True
2007-06-20 12:00:00,0.4270509339403361,-0.07203776361220404,True
2016-08-10 22:00:00,0.4270509339403361,-0.07203776361220404,True
2005-08-24 15:00:00,0.4270509339403361,-0.07203776361220404,True
2010-04-03 17:00:00,0.4188529255698086,-0.07203776361220404,True
2008-08-09 21:00:00,0.4243767263410558,-0.07203776361220404,True
2013-06-17 08:00:00,0.4228626766270035,-0.07203776361220404,True
2008-05-24 02:00:00,0.4270509339403361,-0.07203776361220404,True
2009-05-16 14:00:00,0.4270509339403361,-0.07203776361220404,True
2008-06-16 23:00:00,0.4188529255698086,-0.07203776361220404,True
2016-11-09 14:00:00,11.464607135915694,-0.07166352348368243,True
2017-10-25 19:00:00,11.467919536491122,-0.07166352348368243,True
2017-11-26 12:00:00,11.466111483912536,-0.07166352348368243,True
2015-12-28 06:00:00,11.469587294461157,-0.07166352348368243,True
2015-11-18 04:00:00,11.465060233278288,-0.07166352348368243,True
2015-10-30 20:00:00,11.47057401106415,-0.0712336148168472,True
2015-12-29 09:00:00,11.474454637478209,-0.0712336148168472,True
2015-12-06 05:00:00,11.4702752078878,-0.0712336148168472,True
2016-11-26 12:00:00,11.49032671451642,-0.0712336148168472,True
2014-01-03 21:00:00,11.474630446009536,-0.0712336148168472,True
2014-12-06 12:00:00,11.473983891175516,-0.0712336148168472,True
2015-12-11 19:00:00,11.489819865224694,-0.0712336148168472,True
2015-12-09 11:00:00,11.47522531495882,-0.0712336148168472,True
2013-11-17 16:00:00,11.471421832259354,-0.0712336148168472,True
2013-12-04 16:00:00,11.475485832058606,-0.0712336148168472,True
2016-01-22 01:00:00,11.475815700873284,-0.0712336148168472,True
2013-12-03 10:00:00,11.49034425888488,-0.0712336148168472,True
2017-01-25 03:00:00,11.490248483469296,-0.0712336148168472,True
2013-12-03 20:00:00,11.477083773566358,-0.0712336148168472,True
2015-11-02 20:00:00,11.490187854640956,-0.0712336148168472,True
2016-01-16 19:00:00,11.475887935848768,-0.0712336148168472,True
2015-12-26 17:00:00,11.471780376772651,-0.0712336148168472,True
2018-01-15 17:00:00,11.471557150513265,-0.0712336148168472,True
2015-12-14 19:00:00,11.475767585088777,-0.0712336148168472,True
2016-01-22 14:00:00,11.491358546660502,-0.0712336148168472,True
2015-12-25 19:00:00,11.275198728454509,-0.07109308916383161,True
2013-11-01 21:00:00,11.299499482447644,-0.07109308916383161,True
2015-12-27 13:00:00,11.302564281599894,-0.07109308916383161,True
2018-01-09 22:00:00,11.27916846088914,-0.07109308916383161,True
2012-11-25 01:00:00,11.277393374130222,-0.07109308916383161,True
2015-12-14 09:00:00,11.30455217682836,-0.07109308916383161,True
2015-12-29 07:00:00,11.285593447933977,-0.07109308916383161,True
2015-12-14 07:00:00,11.288344893458593,-0.07109308916383161,True
2015-12-15 17:00:00,11.274135250505118,-0.07109308916383161,True
2013-12-07 01:00:00,11.273391289882357,-0.07109308916383161,True
2015-12-30 03:00:00,11.301144818586678,-0.07109308916383161,True
2015-11-26 06:00:00,11.303906862221684,-0.07109308916383161,True
2014-01-16 05:00:00,11.274046700167151,-0.07109308916383161,True
2013-12-05 07:00:00,11.279295230773034,-0.07109308916383161,True
2014-01-02 18:00:00,11.30508168540094,-0.07109308916383161,True
2014-12-08 20:00:00,11.277992871830673,-0.07109308916383161,True
2017-11-01 19:00:00,11.281726641259503,-0.07109308916383161,True
2014-01-05 14:00:00,11.303986101650072,-0.07109308916383161,True
2017-11-09 00:00:00,11.276286573991484,-0.07109308916383161,True
2017-11-10 21:00:00,11.274087594974072,-0.07109308916383161,True
2015-01-23 14:00:00,11.279584542183391,-0.07109308916383161,True
2014-01-04 03:00:00,11.287348866647903,-0.07109308916383161,True
2014-01-04 19:00:00,11.27325733699356,-0.07109308916383161,True
2014-12-30 11:00:00,11.274429430717388,-0.07109308916383161,True
2017-11-27 18:00:00,11.28237709863304,-0.07109308916383161,True
2014-12-31 20:00:00,11.278693890662112,-0.07109308916383161,True
2014-12-31 12:00:00,11.28665729231606,-0.07109308916383161,True
2014-12-31 10:00:00,11.27792325455096,-0.07109308916383161,True
2013-12-08 19:00:00,11.28067956995532,-0.07109308916383161,True
2016-01-21 10:00:00,11.27779430086457,-0.07109308916383161,True
2018-01-03 04:00:00,11.28485475945102,-0.07109308916383161,True
2015-01-20 05:00:00,11.281073739377822,-0.07109308916383161,True
2013-11-23 17:00:00,11.278975676521618,-0.07109308916383161,True
2015-11-07 00:00:00,11.299273030440926,-0.07109308916383161,True
2014-01-01 23:00:00,11.304261537019926,-0.07109308916383161,True
2015-12-30 18:00:00,11.286021858321655,-0.07109308916383161,True
2016-12-06 20:00:00,11.276115011611775,-0.07109308916383161,True
2018-01-28 05:00:00,11.277548470182836,-0.07109308916383161,True
2018-01-13 08:00:00,11.276363275209642,-0.07109308916383161,True
2016-10-31 14:00:00,11.277492343260151,-0.07109308916383161,True
2014-10-29 23:00:00,11.282218482641907,-0.07109308916383161,True
2014-01-04 08:00:00,11.487905647020106,-0.07080399692195538,True
2015-12-29 17:00:00,11.484617594568254,-0.07080399692195538,True
2016-11-25 20:00:00,11.487783013123336,-0.07080399692195538,True
2014-01-11 22:00:00,11.48336568038203,-0.07080399692195538,True
2014-11-23 07:00:00,11.48046822870287,-0.07080399692195538,True
2017-01-10 03:00:00,11.483239417302912,-0.07080399692195538,True
2015-01-02 09:00:00,11.480326818900869,-0.07080399692195538,True
2016-10-21 18:00:00,11.307722741375672,-0.07080399692195538,True
2016-11-19 03:00:00,11.26793423819178,-0.07066356631451676,True
2015-12-26 12:00:00,11.2611614621866,-0.07066356631451676,True
2012-11-26 17:00:00,11.264182877417085,-0.07066356631451676,True
2014-01-01 08:00:00,11.256753370300308,-0.07066356631451676,True
2016-01-21 15:00:00,11.262117697590751,-0.07066356631451676,True
2015-01-04 01:00:00,11.26374072049405,-0.07066356631451676,True
2014-12-07 05:00:00,11.255165776502222,-0.07066356631451676,True
2017-01-20 17:00:00,11.261442548112626,-0.07066356631451676,True
2015-12-25 14:00:00,11.26647615954112,-0.07066356631451676,True
2014-01-03 04:00:00,11.265617072706856,-0.07066356631451676,True
2014-12-28 10:00:00,11.272277838525364,-0.07066356631451676,True
2015-12-13 23:00:00,11.26180417254248,-0.07066356631451676,True
2015-12-14 04:00:00,11.266164025873818,-0.07066356631451676,True
2013-12-04 21:00:00,11.272564292980393,-0.07066356631451676,True
2014-11-18 13:00:00,11.26817494161653,-0.07066356631451676,True
2014-11-18 05:00:00,11.265819531183608,-0.07066356631451676,True
2015-01-25 01:00:00,11.267925118520695,-0.07066356631451676,True
2014-01-13 00:00:00,11.266379175731323,-0.07066356631451676,True
2015-11-04 22:00:00,11.26540093648758,-0.07066356631451676,True
2017-11-19 22:00:00,11.2617136231921,-0.07066356631451676,True
2015-11-20 01:00:00,11.255197711900854,-0.07066356631451676,True
2017-11-27 12:00:00,11.2694351547804,-0.07066356631451676,True
2015-01-25 02:00:00,11.260141746773892,-0.07066356631451676,True
2015-11-09 23:00:00,11.266801945088057,-0.07066356631451676,True
2018-01-04 05:00:00,11.264290902552826,-0.07066356631451676,True
2014-11-17 02:00:00,11.272418095736596,-0.07066356631451676,True
2013-12-04 06:00:00,11.47985296704448,-0.0703746696023414,True
2014-12-11 09:00:00,11.477572923279688,-0.0703746696023414,True
2014-01-03 16:00:00,11.238206714860077,-0.07023433397619472,True
2015-12-31 17:00:00,11.242785449460529,-0.07023433397619472,True
2016-01-22 04:00:00,11.22424949600484,-0.07023433397619472,True
2015-12-27 08:00:00,11.235740841748182,-0.07023433397619472,True
2013-12-04 13:00:00,11.229963349194415,-0.07023433397619472,True
2014-11-18 21:00:00,11.234294476263363,-0.07023433397619472,True
2012-11-25 06:00:00,11.248862788401434,-0.07023433397619472,True
2013-12-05 16:00:00,11.246612500134384,-0.07023433397619472,True
2014-12-31 15:00:00,11.227303732022008,-0.07023433397619472,True
2014-01-15 17:00:00,11.2483552557687,-0.07023433397619472,True
2014-12-12 05:00:00,11.239777062324237,-0.07023433397619472,True
2012-11-18 00:00:00,11.229520435794498,-0.07023433397619472,True
2016-01-12 10:00:00,11.22838652436785,-0.07023433397619472,True
2014-12-29 23:00:00,11.234103842698634,-0.07023433397619472,True
2014-11-23 16:00:00,11.22850904682204,-0.07023433397619472,True
2015-12-13 19:00:00,11.23844740415043,-0.07023433397619472,True
2017-11-06 22:00:00,11.225098816961715,-0.07023433397619472,True
2014-01-11 02:00:00,11.234405136861376,-0.07023433397619472,True
2016-01-11 05:00:00,11.239186007910874,-0.07023433397619472,True
2014-12-07 22:00:00,11.232386620283318,-0.07023433397619472,True
2017-01-23 04:00:00,11.230239252081365,-0.07023433397619472,True
2015-01-16 12:00:00,11.224914816434008,-0.07023433397619472,True
2014-01-05 00:00:00,11.224794373006583,-0.07023433397619472,True
2015-01-03 15:00:00,11.240338499259437,-0.07023433397619472,True
2015-12-14 17:00:00,11.248911324399216,-0.07023433397619472,True
2014-01-21 16:00:00,11.245947355593096,-0.07023433397619472,True
2017-11-27 08:00:00,11.231668098502988,-0.07023433397619472,True
2015-12-09 08:00:00,11.242925796185515,-0.07023433397619472,True
2014-01-11 19:00:00,11.242126264804382,-0.07023433397619472,True
2015-12-14 14:00:00,11.224390552400276,-0.07023433397619472,True
2016-01-24 14:00:00,11.249432417845044,-0.07023433397619472,True
2015-12-27 23:00:00,11.24485258962534,-0.07023433397619472,True
2014-01-01 20:00:00,11.2455017718482,-0.07023433397619472,True
2016-11-19 04:00:00,11.22934549446376,-0.07023433397619472,True
2016-11-07 19:00:00,11.238770307503057,-0.07023433397619472,True
2017-01-17 10:00:00,11.232125358641673,-0.07023433397619472,True
2014-12-09 12:00:00,11.23271532632429,-0.07023433397619472,True
2014-12-10 04:00:00,11.240989810223644,-0.07023433397619472,True
2016-01-16 09:00:00,11.231473828298071,-0.07023433397619472,True
2015-12-29 16:00:00,11.237265925599148,-0.07023433397619472,True
2016-11-26 16:00:00,11.235987716482391,-0.07023433397619472,True
2015-12-30 13:00:00,11.225239964991223,-0.07023433397619472,True
2015-12-15 15:00:00,11.228791668475145,-0.07023433397619472,True
2015-01-24 03:00:00,10.757900026769752,-0.07010722894886279,True
2016-01-20 23:00:00,10.75831265107646,-0.07010722894886279,True
2015-12-30 21:00:00,10.758709381834226,-0.07010722894886279,True
2011-11-12 05:00:00,10.762870162474458,-0.06995463596649965,True
2013-12-09 22:00:00,10.762134822660398,-0.06995463596649965,True
2014-12-10 07:00:00,10.76225480056884,-0.06995463596649965,True
2015-12-14 05:00:00,10.75983824485135,-0.06995463596649965,True
2014-11-25 16:00:00,10.759678527258368,-0.06995463596649965,True
2014-12-26 19:00:00,10.759921776934442,-0.06995463596649965,True
2015-12-25 07:00:00,10.760946595105256,-0.06995463596649965,True
2016-01-24 12:00:00,10.760617335078392,-0.06995463596649965,True
2014-12-28 13:00:00,10.759404761896649,-0.06995463596649965,True
2017-01-09 12:00:00,10.761079853292284,-0.06995463596649965,True
2015-12-09 21:00:00,11.29255454829434,-0.06980539195237634,True
2013-12-04 23:00:00,11.289543181347392,-0.06980539195237634,True
2015-12-13 09:00:00,11.251595641749596,-0.06980539195237634,True
2015-12-17 21:00:00,11.252063405661344,-0.06980539195237634,True
2017-01-01 20:00:00,11.29706795052004,-0.06980539195237634,True
2015-12-16 03:00:00,11.251675420315337,-0.06980539195237634,True
2016-11-26 06:00:00,11.293249477024457,-0.06980539195237634,True
2014-01-16 11:00:00,11.28935959736395,-0.06980539195237634,True
2013-12-07 07:00:00,11.253446996627789,-0.06980539195237634,True
2017-12-20 02:00:00,11.294992349780795,-0.06980539195237634,True
2013-11-04 23:00:00,11.295052537915025,-0.06980539195237634,True
2017-01-23 09:00:00,11.288839580959015,-0.06980539195237634,True
2017-10-30 16:00:00,10.752693994253724,-0.06963840800539167,True
2015-12-18 09:00:00,10.75147060685615,-0.06963840800539167,True
2016-11-12 10:00:00,10.754859623495022,-0.06963840800539167,True
2015-12-19 03:00:00,10.753314017731132,-0.06963840800539167,True
2015-10-30 21:00:00,10.756643249136989,-0.06963840800539167,True
2015-11-26 21:00:00,10.749871833040876,-0.06963840800539167,True
2015-11-27 04:00:00,10.750699341718644,-0.06963840800539167,True
2016-01-09 19:00:00,10.753844710508114,-0.06963840800539167,True
2013-12-06 17:00:00,10.75109338777702,-0.06963840800539167,True
2014-01-04 21:00:00,10.74988770928532,-0.06963840800539167,True
2017-11-28 15:00:00,10.756815082981412,-0.06963840800539167,True
2013-11-18 02:00:00,10.753451855843336,-0.06963840800539167,True
2016-01-19 20:00:00,10.751314223557667,-0.06963840800539167,True
2016-01-10 02:00:00,10.75128875711092,-0.06963840800539167,True
2014-01-16 01:00:00,10.754606389070958,-0.06963840800539167,True
2015-12-23 23:00:00,10.754079619263024,-0.06963840800539167,True
2014-12-16 17:00:00,10.753964491105547,-0.06963840800539167,True
2015-12-20 06:00:00,10.752832017943632,-0.06963840800539167,True
2015-12-29 06:00:00,10.766047997120417,-0.06952588311852292,True
2016-01-11 06:00:00,10.763848120129998,-0.06952588311852292,True
2015-12-31 07:00:00,10.766408119457196,-0.06952588311852292,True
2015-12-08 21:00:00,10.764706700422034,-0.06952588311852292,True
2013-12-12 17:00:00,10.74928263937224,-0.06912102963004729,True
2016-11-19 09:00:00,10.749441660525266,-0.06912102963004729,True
2013-12-08 14:00:00,10.74835743148336,-0.06912102963004729,True
2017-12-28 06:00:00,10.749482126153689,-0.06912102963004729,True
2014-12-29 03:00:00,10.749322756365842,-0.06912102963004729,True
2016-01-16 07:00:00,10.748924319314058,-0.06912102963004729,True
2015-12-16 16:00:00,10.74833095078457,-0.06912102963004729,True
2014-12-08 03:00:00,11.221452475572647,-0.06885957534197662,True
2014-11-25 01:00:00,11.222928206678056,-0.06885957534197662,True
2013-12-05 19:00:00,11.221976863906711,-0.06885957534197662,True
2015-11-27 01:00:00,11.222601449242154,-0.06885957534197662,True
2013-12-09 20:00:00,11.21913239815315,-0.06885957534197662,True
2016-11-26 22:00:00,11.221410322367046,-0.06885957534197662,True
2005-03-09 07:00:00,0.4337463890824438,-0.06879042892234355,True
2008-05-13 14:00:00,0.4337463890824438,-0.06879042892234355,True
2014-05-10 19:00:00,0.4347503930082299,-0.06879042892234355,True
2009-07-31 22:00:00,0.4337463890824438,-0.06879042892234355,True
2009-07-31 23:00:00,0.4337463890824438,-0.06879042892234355,True
2012-03-22 03:00:00,0.4337463890824438,-0.06879042892234355,True
2008-05-22 22:00:00,0.4337463890824438,-0.06879042892234355,True
2011-04-28 23:00:00,0.4337463890824439,-0.06879042892234355,True
2011-03-30 22:00:00,0.4337463890824438,-0.06879042892234355,True
2014-12-12 14:00:00,10.721191732498822,-0.06826494117471504,True
2015-12-15 08:00:00,10.712780507333862,-0.06826494117471504,True
2014-01-09 23:00:00,10.72265501029638,-0.06826494117471504,True
2014-01-15 07:00:00,10.720652465729009,-0.06826494117471504,True
2014-12-12 20:00:00,10.708475221682676,-0.06826494117471504,True
2013-12-29 01:00:00,10.724135006329348,-0.06826494117471504,True
2014-01-01 22:00:00,10.731253661616035,-0.06826494117471504,True
2017-10-16 19:00:00,10.703502108265882,-0.06826494117471504,True
2014-01-02 08:00:00,10.71830848731102,-0.06826494117471504,True
2018-01-23 14:00:00,10.723409693303648,-0.06826494117471504,True
2014-01-01 11:00:00,10.716292047787322,-0.06826494117471504,True
2015-12-20 08:00:00,10.70474608105452,-0.06826494117471504,True
2015-12-29 01:00:00,10.72988449850066,-0.06826494117471504,True
2017-12-20 00:00:00,10.71907167267387,-0.06826494117471504,True
2015-01-23 11:00:00,10.718063432579674,-0.06826494117471504,True
2016-01-20 19:00:00,10.710713996303186,-0.06826494117471504,True
2014-12-24 20:00:00,10.732038607853667,-0.06826494117471504,True
2014-01-03 18:00:00,10.705382466925066,-0.06826494117471504,True
2017-11-06 23:00:00,10.712058912613458,-0.06826494117471504,True
2014-12-31 08:00:00,10.714700729529469,-0.06826494117471504,True
2011-11-22 10:00:00,10.70458681103706,-0.06826494117471504,True
2011-11-10 16:00:00,10.722729056225536,-0.06826494117471504,True
2015-01-29 14:00:00,10.7138707199645,-0.06826494117471504,True
2014-12-28 00:00:00,10.70969047643078,-0.06826494117471504,True
2016-11-27 22:00:00,10.72773007754913,-0.06826494117471504,True
2015-12-21 11:00:00,10.728239506693734,-0.06826494117471504,True
2016-11-28 03:00:00,10.71081616432197,-0.06826494117471504,True
2013-11-30 21:00:00,10.713959372817618,-0.06826494117471504,True
2014-01-12 09:00:00,10.730604040676688,-0.06826494117471504,True
2015-12-07 11:00:00,10.708080307529846,-0.06826494117471504,True
2015-01-01 12:00:00,10.7197479206317,-0.06826494117471504,True
2014-12-09 11:00:00,10.724960793713633,-0.06826494117471504,True
2014-12-11 12:00:00,10.70455112876379,-0.06826494117471504,True
2014-12-09 09:00:00,10.733021922064204,-0.06826494117471504,True
2015-12-11 21:00:00,10.72049438350407,-0.06826494117471504,True
2015-12-11 16:00:00,10.70975697862979,-0.06826494117471504,True
2015-12-30 01:00:00,10.717311528078572,-0.06826494117471504,True
2015-12-09 10:00:00,10.72938138522312,-0.06826494117471504,True
2015-12-29 15:00:00,10.717414811214883,-0.06826494117471504,True
2015-12-23 17:00:00,10.723412811241223,-0.06826494117471504,True
2014-12-21 18:00:00,10.704733192499347,-0.06826494117471504,True
2015-12-17 18:00:00,10.710437691359289,-0.06826494117471504,True
2014-12-24 10:00:00,10.7125589735315,-0.06826494117471504,True
2018-01-13 04:00:00,10.706858360222002,-0.06826494117471504,True
2016-11-19 22:00:00,10.71315855643216,-0.06826494117471504,True
2018-01-10 02:00:00,10.773049346215572,-0.06824136373135736,True
2015-11-20 03:00:00,10.77412761263212,-0.06824136373135736,True
2014-11-24 14:00:00,10.770209534429108,-0.06824136373135736,True
2017-11-27 20:00:00,10.772831528569084,-0.06824136373135736,True
2014-12-12 19:00:00,10.772706993629653,-0.06824136373135736,True
2013-11-23 22:00:00,10.770259644156502,-0.06824136373135736,True
2015-12-20 13:00:00,10.771727593579731,-0.06824136373135736,True
2013-12-29 18:00:00,10.772506032123053,-0.06824136373135736,True
2015-01-20 12:00:00,10.772166590519982,-0.06824136373135736,True
2012-12-02 05:00:00,10.768613484994724,-0.06824136373135736,True
2015-01-03 08:00:00,11.216631074082413,-0.0680038404401675,True
2013-12-08 10:00:00,11.217145277093069,-0.0680038404401675,True
2017-12-09 15:00:00,11.21627304181614,-0.0680038404401675,True
2015-12-08 01:00:00,11.215877601631403,-0.0680038404401675,True
2012-11-25 16:00:00,11.217957097035525,-0.0680038404401675,True
2008-11-19 12:00:00,0.4369872460003232,-0.06793478752429938,True
2015-04-08 21:00:00,0.4373162537185316,-0.06793478752429938,True
2006-10-05 14:00:00,0.4434428000268622,-0.06793478752429938,True
2017-11-29 00:00:00,10.745171170648993,-0.06783733116445323,True
2016-11-27 12:00:00,10.74220930193492,-0.06783733116445323,True
2014-01-10 14:00:00,10.74572183150582,-0.06783733116445323,True
2017-11-01 18:00:00,10.748196125644206,-0.06783733116445323,True
2014-01-10 11:00:00,10.743853399285328,-0.06783733116445323,True
2013-11-23 10:00:00,10.7460592519567,-0.06783733116445323,True
2013-12-12 05:00:00,10.737416558632418,-0.06783733116445323,True
2015-12-12 02:00:00,10.737987938721442,-0.06783733116445323,True
2015-12-20 21:00:00,10.735325675314051,-0.06783733116445323,True
2017-11-28 03:00:00,10.7353141594823,-0.06783733116445323,True
2015-10-28 21:00:00,10.746449917176768,-0.06783733116445323,True
2015-11-19 03:00:00,10.734702481983645,-0.06783733116445323,True
2015-12-18 00:00:00,10.745597615506837,-0.06783733116445323,True
2017-12-31 09:00:00,10.74265560017388,-0.06783733116445323,True
2016-01-21 13:00:00,10.746380076572253,-0.06783733116445323,True
2014-01-15 15:00:00,10.734900445667414,-0.06783733116445323,True
2017-11-03 22:00:00,10.741611957054072,-0.06783733116445323,True
2015-12-10 08:00:00,10.738229546337912,-0.06783733116445323,True
2014-12-14 13:00:00,10.736215820914124,-0.06783733116445323,True
2015-12-14 16:00:00,10.742270191011489,-0.06783733116445323,True
2013-12-31 10:00:00,10.746265671213234,-0.06783733116445323,True
2016-11-07 13:00:00,10.74611557612864,-0.06783733116445323,True
2015-11-27 17:00:00,10.74298942810034,-0.06783733116445323,True
2015-12-25 12:00:00,10.744666523572445,-0.06783733116445323,True
2014-12-01 15:00:00,10.738846686245454,-0.06783733116445323,True
2015-12-10 13:00:00,10.734195656441337,-0.06783733116445323,True
2015-12-30 16:00:00,10.740853698415046,-0.06783733116445323,True
2016-11-12 15:00:00,10.780691918629394,-0.06781376966787578,True
2017-11-08 23:00:00,11.215029975277526,-0.06757640702734113,True
2010-03-31 20:00:00,0.4474812234842308,-0.06750740081592921,True
2008-01-20 07:00:00,0.4515556880898354,-0.06750740081592921,True
2004-06-22 01:00:00,0.4455827341371332,-0.06750740081592921,True
2006-06-30 21:00:00,0.4550551967742304,-0.06750740081592921,True
2011-08-28 12:00:00,0.4566976522190656,-0.06750740081592921,True
2013-09-15 20:00:00,0.4543812227321319,-0.06750740081592921,True
2017-09-28 16:00:00,0.4550780030337422,-0.06750740081592921,True
2011-09-16 22:00:00,0.4523749354423378,-0.06750740081592921,True
2011-08-28 13:00:00,0.4455827341371332,-0.06750740081592921,True
2014-06-10 15:00:00,0.4455827341371332,-0.06750740081592921,True
2015-12-25 17:00:00,10.781783738399492,-0.06738646481083843,True
2015-12-31 02:00:00,10.779822558149434,-0.06738646481083843,True
2014-01-10 09:00:00,10.776605787875676,-0.06738646481083843,True
2015-12-12 07:00:00,10.779521880948687,-0.06738646481083843,True
2014-12-26 04:00:00,10.777935201298346,-0.06738646481083843,True
2013-11-23 20:00:00,10.778082016151007,-0.06738646481083843,True
2015-12-27 17:00:00,10.776681924886743,-0.06738646481083843,True
2013-12-31 15:00:00,10.781830087815337,-0.06738646481083843,True
2015-12-11 06:00:00,10.779431909486345,-0.06738646481083843,True
2011-11-22 19:00:00,10.654002563048872,-0.06719677944250824,True
2014-12-14 04:00:00,10.653790704307855,-0.06719677944250824,True
2015-11-18 19:00:00,10.654088526513869,-0.06719677944250824,True
2013-12-09 06:00:00,10.654923120892631,-0.06719677944250824,True
2014-12-10 17:00:00,10.65459418881302,-0.06719677944250824,True
2015-01-29 19:00:00,10.65444253082139,-0.06719677944250824,True
2016-01-21 18:00:00,10.64267112715003,-0.06676989189142613,True
2013-11-12 04:00:00,10.64036440912619,-0.06676989189142613,True
2014-12-25 01:00:00,10.643580662470374,-0.06676989189142613,True
2014-11-19 00:00:00,10.688442866565136,-0.06676989189142613,True
2015-12-07 21:00:00,10.64114813993796,-0.06676989189142613,True
2013-12-30 04:00:00,10.688251029307764,-0.06676989189142613,True
2015-12-19 17:00:00,10.640272741085347,-0.06676989189142613,True
2017-11-28 20:00:00,10.686217025995656,-0.06676989189142613,True
2014-12-09 21:00:00,10.688260673685969,-0.06676989189142613,True
2014-12-27 12:00:00,10.635779589566418,-0.06676989189142613,True
2014-12-19 19:00:00,10.690125472326049,-0.06676989189142613,True
2016-11-15 10:00:00,10.691855062553223,-0.06676989189142613,True
2016-11-26 18:00:00,10.68602489473238,-0.06676989189142613,True
2015-12-16 11:00:00,10.686981581992194,-0.06676989189142613,True
2015-12-18 04:00:00,10.686732793901529,-0.06676989189142613,True
2015-12-30 04:00:00,10.68663292199441,-0.06676989189142613,True
2015-12-12 19:00:00,10.693130701461287,-0.06676989189142613,True
2014-01-09 06:00:00,10.639672842620923,-0.06676989189142613,True
2014-11-23 08:00:00,10.693383530204809,-0.06676989189142613,True
2014-12-11 18:00:00,10.687380943712482,-0.06676989189142613,True
2013-11-17 20:00:00,10.637061452733732,-0.06676989189142613,True
2014-01-10 04:00:00,10.689113179948697,-0.06676989189142613,True
2014-12-22 16:00:00,10.637051951014456,-0.06676989189142613,True
2014-12-26 06:00:00,10.688154715453784,-0.06676989189142613,True
2013-12-30 09:00:00,10.689290224310923,-0.06676989189142613,True
2015-12-27 11:00:00,10.691869553409605,-0.06676989189142613,True
2015-12-16 21:00:00,10.688383559478956,-0.06676989189142613,True
2014-01-16 09:00:00,10.694388943576024,-0.0666813948316326,True
2013-12-08 03:00:00,10.703344486406316,-0.0666813948316326,True
2015-01-20 17:00:00,10.69459297125099,-0.0666813948316326,True
2014-01-01 16:00:00,10.694534458249343,-0.0666813948316326,True
2014-12-13 05:00:00,10.700472630829722,-0.0666813948316326,True
2016-11-12 05:00:00,10.694870249025826,-0.0666813948316326,True
2015-12-15 18:00:00,10.694172712635668,-0.0666813948316326,True
2014-12-15 09:00:00,10.69945107859377,-0.0666813948316326,True
2013-12-11 07:00:00,10.703029395419124,-0.0666813948316326,True
2016-11-27 08:00:00,10.69751548997542,-0.0666813948316326,True
2014-12-30 23:00:00,10.69854434236087,-0.0666813948316326,True
2014-12-29 19:00:00,10.70037310387882,-0.0666813948316326,True
2014-01-02 02:00:00,10.694654137016125,-0.0666813948316326,True
2015-11-27 23:00:00,10.69438284591935,-0.0666813948316326,True
2014-05-10 20:00:00,0.466466116955206,-0.06665349440227097,True
2007-09-04 05:00:00,0.4651239345890652,-0.06665349440227097,True
2014-12-31 18:00:00,10.788575799350054,-0.06640635878248258,True
2016-01-12 00:00:00,10.784265427514107,-0.06640635878248258,True
2016-11-15 09:00:00,10.788576208526022,-0.06640635878248258,True
2018-01-18 06:00:00,10.786725271206066,-0.06640635878248258,True
2014-01-12 02:00:00,10.786717337542946,-0.06640635878248258,True
2017-11-28 10:00:00,10.782668952543425,-0.06640635878248258,True
2016-01-10 15:00:00,10.78844107597025,-0.06640635878248258,True
2014-01-09 08:00:00,10.787520929352644,-0.06640635878248258,True
2013-12-31 00:00:00,10.788635372042933,-0.06640635878248258,True
2015-12-27 22:00:00,10.78615034267428,-0.06640635878248258,True
2015-11-28 04:00:00,10.652547394066426,-0.06634329306893327,True
2016-11-15 04:00:00,10.645646256156889,-0.06634329306893327,True
2015-11-27 07:00:00,10.662651718905003,-0.06634329306893327,True
2016-11-04 13:00:00,10.644538256196476,-0.06634329306893327,True
2015-11-19 14:00:00,10.660289955807198,-0.06634329306893327,True
2016-01-25 07:00:00,10.684042067874929,-0.06634329306893327,True
2016-01-25 04:00:00,10.661851552917332,-0.06634329306893327,True
2015-01-01 02:00:00,10.65104681076105,-0.06634329306893327,True
2011-11-12 10:00:00,10.630433036094235,-0.06634329306893327,True
2015-11-03 02:00:00,10.632801526181217,-0.06634329306893327,True
2011-11-11 14:00:00,10.63393487946506,-0.06634329306893327,True
2011-11-11 19:00:00,10.65064695913346,-0.06634329306893327,True
2015-12-21 02:00:00,10.630795300570384,-0.06634329306893327,True
2014-12-26 14:00:00,10.664335804509994,-0.06634329306893327,True
2015-01-29 09:00:00,10.644893627852412,-0.06634329306893327,True
2014-12-29 09:00:00,10.66775293622993,-0.06634329306893327,True
2015-12-22 05:00:00,10.66040781095204,-0.06634329306893327,True
2014-01-03 13:00:00,10.647666722205235,-0.06634329306893327,True
2016-12-09 10:00:00,10.646463576914282,-0.06634329306893327,True
2015-11-18 22:00:00,10.66469471044704,-0.06634329306893327,True
2015-12-24 04:00:00,10.658920838359869,-0.06634329306893327,True
2016-01-11 07:00:00,10.658386464401412,-0.06634329306893327,True
2011-11-10 21:00:00,10.664647726759474,-0.06634329306893327,True
2013-11-30 23:00:00,10.631807065245964,-0.06634329306893327,True
2016-01-10 10:00:00,10.657065929294545,-0.06634329306893327,True
2016-01-10 14:00:00,10.658461918965642,-0.06634329306893327,True
2017-11-11 01:00:00,10.684082737755354,-0.06634329306893327,True
2016-01-19 23:00:00,10.66302134978928,-0.06634329306893327,True
2017-01-10 13:00:00,10.661319397902714,-0.06634329306893327,True
2014-01-11 21:00:00,10.660150376134512,-0.06634329306893327,True
2014-12-29 04:00:00,10.631545770986472,-0.06634329306893327,True
2014-12-27 02:00:00,10.649562208951323,-0.06634329306893327,True
2013-12-06 12:00:00,10.645537603600856,-0.06634329306893327,True
2014-12-14 08:00:00,10.65188671965702,-0.06634329306893327,True
2015-12-08 14:00:00,10.65017832596631,-0.06634329306893327,True
2015-12-08 04:00:00,10.644015436186235,-0.06634329306893327,True
2017-12-11 22:00:00,10.650804899795023,-0.06634329306893327,True
2015-12-25 06:00:00,10.646496124892296,-0.06634329306893327,True
2013-10-23 21:00:00,10.66441974734635,-0.06634329306893327,True
2013-12-08 18:00:00,10.63478294027411,-0.06634329306893327,True
2014-10-22 22:00:00,10.651269241120437,-0.06634329306893327,True
2014-01-01 21:00:00,10.666664430208868,-0.06634329306893327,True
2014-11-17 00:00:00,10.65273376974362,-0.06634329306893327,True
2015-10-19 21:00:00,10.649699674558509,-0.06634329306893327,True
2015-12-20 11:00:00,10.630669438639188,-0.06634329306893327,True
2014-12-18 16:00:00,10.633162910898,-0.06634329306893327,True
2018-01-27 23:00:00,10.665183961840937,-0.06634329306893327,True
2015-12-21 01:00:00,10.66411224120501,-0.06634329306893327,True
2016-11-19 15:00:00,10.64416423391379,-0.06634329306893327,True
2018-01-10 03:00:00,10.64651956754718,-0.06634329306893327,True
2013-12-31 12:00:00,10.634248813794825,-0.06634329306893327,True
2015-12-09 07:00:00,10.632707598835973,-0.06634329306893327,True
2015-12-29 18:00:00,10.667762066600169,-0.06634329306893327,True
2015-12-29 10:00:00,10.661131991927864,-0.06634329306893327,True
2014-12-18 06:00:00,10.630483860200334,-0.06634329306893327,True
2015-12-30 06:00:00,10.633845258922287,-0.06634329306893327,True
2014-11-30 20:00:00,10.650379550127338,-0.06634329306893327,True
2017-10-30 19:00:00,10.64951467018701,-0.06634329306893327,True
2014-12-14 21:00:00,10.664778483721012,-0.06634329306893327,True
2013-12-07 20:00:00,10.667057585350136,-0.06634329306893327,True
2014-01-03 23:00:00,10.651462280124472,-0.06634329306893327,True
2013-12-07 05:00:00,10.6625703101803,-0.06634329306893327,True
2017-12-09 17:00:00,10.788954659052589,-0.06598000583832808,True
2014-12-08 01:00:00,10.789060370181858,-0.06598000583832808,True
2016-11-19 14:00:00,10.628374686490602,-0.065916982779746,True
2013-12-08 08:00:00,10.630029238071788,-0.065916982779746,True
2016-01-09 21:00:00,10.630196963541632,-0.065916982779746,True
2014-12-30 01:00:00,10.635285444690815,-0.065916982779746,True
2014-01-02 09:00:00,11.180556178417367,-0.06583169758085572,True
2012-11-26 07:00:00,11.1784925346887,-0.06583169758085572,True
2014-12-29 11:00:00,11.181239594620664,-0.06583169758085572,True
2014-12-29 21:00:00,11.183424974396384,-0.06583169758085572,True
2014-11-03 23:00:00,11.184948693165095,-0.06583169758085572,True
2014-10-29 22:00:00,11.176294810616517,-0.06583169758085572,True
2015-12-23 15:00:00,11.183611016764369,-0.06583169758085572,True
2015-12-25 04:00:00,11.183930724328215,-0.06583169758085572,True
2015-01-20 03:00:00,11.184684586899726,-0.06583169758085572,True
2014-12-29 08:00:00,11.18486809280862,-0.06583169758085572,True
2014-12-09 22:00:00,11.184574209930362,-0.06583169758085572,True
2013-12-09 10:00:00,11.176621406059942,-0.06583169758085572,True
2015-01-01 16:00:00,11.176873091082784,-0.06583169758085572,True
2014-12-29 01:00:00,11.17923634726151,-0.06583169758085572,True
2017-01-09 00:00:00,11.17711398008022,-0.06583169758085572,True
2016-01-20 21:00:00,11.180708746991488,-0.06583169758085572,True
2015-01-21 00:00:00,11.185136107687349,-0.06583169758085572,True
2013-11-06 19:00:00,11.185237896859908,-0.06583169758085572,True
2015-12-28 04:00:00,11.180846814262182,-0.06583169758085572,True
2014-12-30 12:00:00,11.186388185168456,-0.0657433321581552,True
2017-01-20 14:00:00,11.193412999209556,-0.0657433321581552,True
2016-01-01 15:00:00,11.187765949179926,-0.0657433321581552,True
2015-12-18 02:00:00,11.188630010707833,-0.0657433321581552,True
2015-11-27 15:00:00,11.188985608925911,-0.0657433321581552,True
2017-01-26 21:00:00,11.19209835488526,-0.0657433321581552,True
2014-12-07 13:00:00,11.189670572222283,-0.0657433321581552,True
2013-12-07 17:00:00,11.193096487928871,-0.0657433321581552,True
2015-12-09 03:00:00,11.190474139224248,-0.0657433321581552,True
2013-12-31 22:00:00,11.193708572188935,-0.0657433321581552,True
2014-01-01 06:00:00,10.792891919168207,-0.0655539412611772,True
2014-11-10 22:00:00,10.800089938778784,-0.0655539412611772,True
2018-01-04 06:00:00,10.80751613360231,-0.0655539412611772,True
2015-12-29 05:00:00,10.80657635394301,-0.0655539412611772,True
2015-12-29 11:00:00,10.80843392888096,-0.0655539412611772,True
2014-11-25 18:00:00,10.80618743851467,-0.0655539412611772,True
2013-12-11 19:00:00,10.798177136043828,-0.0655539412611772,True
2013-12-11 14:00:00,10.795930239850614,-0.0655539412611772,True
2013-12-10 23:00:00,10.807925455131867,-0.0655539412611772,True
2013-12-07 00:00:00,10.808820158675132,-0.0655539412611772,True
2014-01-04 06:00:00,10.79457542511001,-0.0655539412611772,True
2015-12-11 01:00:00,10.802703485657046,-0.0655539412611772,True
2015-12-13 07:00:00,10.799923422597564,-0.0655539412611772,True
2016-01-24 11:00:00,10.806492055355262,-0.0655539412611772,True
2016-01-21 11:00:00,10.802233020319823,-0.0655539412611772,True
2014-12-07 20:00:00,10.792239644203146,-0.0655539412611772,True
2016-11-26 20:00:00,10.805243722133,-0.0655539412611772,True
2017-10-27 17:00:00,10.802130590488304,-0.0655539412611772,True
2015-12-24 21:00:00,10.805185790980802,-0.0655539412611772,True
2014-12-25 08:00:00,10.803112212329438,-0.0655539412611772,True
2016-01-20 16:00:00,10.796137051898643,-0.0655539412611772,True
2014-12-27 07:00:00,10.795388829257035,-0.0655539412611772,True
2016-11-07 18:00:00,10.793095610671603,-0.0655539412611772,True
2015-12-16 15:00:00,10.794059976867976,-0.0655539412611772,True
2015-12-23 13:00:00,10.794489157716797,-0.0655539412611772,True
2014-12-28 22:00:00,10.810041582072554,-0.0655539412611772,True
2014-12-10 15:00:00,10.79843541891502,-0.0655539412611772,True
2014-12-31 03:00:00,10.794155821174336,-0.0655539412611772,True
2015-01-02 12:00:00,10.791228218531948,-0.0655539412611772,True
2014-12-28 17:00:00,10.802568016599189,-0.0655539412611772,True
2014-12-10 05:00:00,10.795269202885985,-0.0655539412611772,True
2005-11-15 20:00:00,0.4686676005015518,-0.06549972401736948,True
2011-08-28 11:00:00,0.467812570300998,-0.06549972401736948,True
2012-11-27 22:00:00,0.4677430483071364,-0.06549972401736948,True
2008-08-15 17:00:00,0.4687130904249405,-0.06549972401736948,True
2014-01-15 19:00:00,10.680887647440189,-0.06549096082871231,True
2013-12-31 07:00:00,10.673225798176238,-0.06549096082871231,True
2014-11-18 15:00:00,10.676276773077303,-0.06549096082871231,True
2015-12-25 11:00:00,10.671355267274963,-0.06549096082871231,True
2013-11-17 13:00:00,10.680166144306389,-0.06549096082871231,True
2017-01-20 07:00:00,10.62568677410388,-0.06549096082871231,True
2014-01-12 04:00:00,10.670889367567543,-0.06549096082871231,True
2014-01-01 05:00:00,10.67452067485774,-0.06549096082871231,True
2015-11-19 06:00:00,10.62566373038008,-0.06549096082871231,True
2014-12-28 23:00:00,10.626819071328711,-0.06549096082871231,True
2015-01-01 14:00:00,10.680294573557298,-0.06549096082871231,True
2013-12-10 09:00:00,10.675253544526456,-0.06549096082871231,True
2015-01-29 16:00:00,10.675960629843775,-0.06549096082871231,True
2014-12-30 13:00:00,10.678617769358077,-0.06549096082871231,True
2014-12-11 22:00:00,10.6248064427889,-0.06549096082871231,True
2014-01-13 21:00:00,10.671099335143683,-0.06549096082871231,True
2014-12-29 14:00:00,10.677261679577434,-0.06549096082871231,True
2015-12-21 06:00:00,10.672439441497788,-0.06549096082871231,True
2013-12-31 02:00:00,10.673095299563894,-0.06549096082871231,True
2014-12-22 21:00:00,10.626262010667526,-0.06549096082871231,True
2014-11-25 03:00:00,10.62537470143734,-0.06549096082871231,True
2015-12-09 02:00:00,10.680050532294343,-0.06549096082871231,True
2013-12-13 03:00:00,10.681111480622551,-0.06549096082871231,True
2014-12-14 03:00:00,10.67742807821651,-0.06549096082871231,True
2013-12-06 22:00:00,10.671916112775882,-0.06549096082871231,True
2014-12-23 19:00:00,10.682134510425028,-0.06549096082871231,True
2015-12-26 14:00:00,10.674554882822504,-0.06549096082871231,True
2015-12-22 20:00:00,10.680815958955682,-0.06549096082871231,True
2016-11-19 19:00:00,10.674912470641267,-0.06549096082871231,True
2016-10-28 16:00:00,10.681818198588507,-0.06549096082871231,True
2014-01-01 01:00:00,10.672389114581868,-0.06549096082871231,True
2014-11-24 11:00:00,11.174074323350627,-0.06540573331310462,True
2017-01-19 23:00:00,11.17444655123002,-0.06540573331310462,True
2014-11-18 08:00:00,11.175916637819332,-0.06540573331310462,True
2017-01-26 23:00:00,10.816482000892837,-0.06512816485599104,True
2016-11-09 18:00:00,10.81771686240114,-0.06512816485599104,True
2016-01-16 17:00:00,10.815368433369231,-0.06512816485599104,True
2014-12-10 14:00:00,10.821426460199705,-0.06512816485599104,True
2014-01-08 23:00:00,10.812819297715352,-0.06512816485599104,True
2014-01-12 19:00:00,10.818230788299408,-0.06512816485599104,True
2013-12-10 13:00:00,10.818519590134349,-0.06512816485599104,True
2015-12-08 19:00:00,10.819406566592912,-0.06512816485599104,True
2013-11-07 01:00:00,10.817760282234774,-0.06512816485599104,True
2014-11-24 09:00:00,10.815250508419702,-0.06512816485599104,True
2015-12-28 08:00:00,10.813692729168766,-0.06512816485599104,True
2014-01-04 11:00:00,10.8213349284349,-0.06512816485599104,True
2015-12-19 22:00:00,10.820617703809766,-0.06512816485599104,True
2018-01-16 23:00:00,10.81878645301925,-0.06512816485599104,True
2014-11-24 19:00:00,10.819469328254762,-0.06512816485599104,True
2018-01-15 19:00:00,10.817527974699292,-0.06512816485599104,True
2013-12-31 20:00:00,10.813670635514375,-0.06512816485599104,True
2013-12-12 00:00:00,10.594319377574552,-0.06506522702081297,True
2014-12-16 22:00:00,10.619023192527058,-0.06506522702081297,True
2017-12-15 06:00:00,10.59446799163932,-0.06506522702081297,True
2013-12-29 23:00:00,10.621938206245272,-0.06506522702081297,True
2016-01-16 00:00:00,10.669672131505315,-0.06506522702081297,True
2015-12-27 21:00:00,10.620168469905233,-0.06506522702081297,True
2017-01-20 12:00:00,10.62101053857387,-0.06506522702081297,True
2014-01-21 14:00:00,10.592788431390373,-0.06497696914082007,True
2013-12-27 17:00:00,10.593090799139684,-0.06497696914082007,True
2016-10-28 13:00:00,10.966288646933377,-0.06491693513251684,True
2013-12-07 11:00:00,10.969727333714667,-0.06491693513251684,True
2014-01-11 14:00:00,10.964923154666144,-0.06491693513251684,True
2015-12-11 13:00:00,10.964323872368936,-0.06491693513251684,True
2017-11-28 22:00:00,10.968679746069377,-0.06491693513251684,True
2015-12-26 10:00:00,10.969035426213663,-0.06491693513251684,True
2014-10-24 23:00:00,10.966904533731514,-0.06491693513251684,True
2016-11-29 05:00:00,10.971391711540065,-0.06491693513251684,True
2013-12-07 22:00:00,10.969199505859654,-0.06491693513251684,True
2017-11-27 23:00:00,10.96719199306587,-0.06491693513251684,True
2013-11-23 12:00:00,10.964751516617453,-0.06491693513251684,True
2016-01-25 17:00:00,10.97145803986679,-0.06491693513251684,True
2015-01-02 02:00:00,10.9676685565248,-0.06491693513251684,True
2015-12-27 01:00:00,10.970315371317838,-0.06491693513251684,True
2012-11-18 01:00:00,11.19876147665154,-0.06489181121957854,True
2015-12-26 02:00:00,11.198418696281571,-0.06489181121957854,True
2014-11-18 19:00:00,11.213171636626493,-0.06489181121957854,True
2014-11-24 22:00:00,11.202043638056752,-0.06489181121957854,True
2014-12-29 06:00:00,11.197076425850325,-0.06489181121957854,True
2014-11-06 01:00:00,11.204990839517365,-0.06489181121957854,True
2013-12-09 18:00:00,11.204373214624882,-0.06489181121957854,True
2015-11-27 06:00:00,11.20283041407792,-0.06489181121957854,True
2015-12-17 16:00:00,11.20163181209825,-0.06489181121957854,True
2015-11-04 23:00:00,11.203851511578469,-0.06489181121957854,True
2015-12-21 14:00:00,10.823916234958736,-0.06470267642786232,True
2015-12-10 00:00:00,10.822719275951036,-0.06470267642786232,True
2016-01-11 12:00:00,10.823439487029342,-0.06470267642786232,True
2015-12-31 19:00:00,11.163857810704329,-0.06455466889509975,True
2016-01-06 16:00:00,11.164845451842874,-0.06455466889509975,True
2015-12-26 07:00:00,11.162362139530874,-0.06455466889509975,True
2015-12-18 19:00:00,11.162303461221962,-0.06455466889509975,True
2016-11-20 02:00:00,11.161792071578928,-0.06455466889509975,True
2012-11-26 12:00:00,11.162485418401609,-0.06455466889509975,True
2016-01-10 19:00:00,11.162144542120004,-0.06455466889509975,True
2015-12-24 01:00:00,11.16202238503843,-0.06455466889509975,True
2014-12-30 17:00:00,11.164218741580164,-0.06455466889509975,True
2015-11-18 11:00:00,10.579556626939146,-0.0645515829750446,True
2015-11-18 13:00:00,10.576339579800146,-0.0645515829750446,True
2017-12-09 18:00:00,10.57529546767081,-0.0645515829750446,True
2015-12-25 22:00:00,10.574958605302406,-0.0645515829750446,True
2016-01-24 04:00:00,10.571802120694134,-0.0645515829750446,True
2015-12-28 17:00:00,10.575544808480624,-0.0645515829750446,True
2015-12-14 06:00:00,10.571297853815787,-0.0645515829750446,True
2013-11-18 04:00:00,10.573573396377125,-0.0645515829750446,True
2014-11-24 21:00:00,10.576517653345556,-0.0645515829750446,True
2015-12-08 09:00:00,10.570191867290056,-0.0645515829750446,True
2014-12-23 17:00:00,10.574249471236898,-0.0645515829750446,True
2016-11-12 08:00:00,10.580376749705882,-0.0645515829750446,True
2013-10-30 17:00:00,10.574415575063334,-0.0645515829750446,True
2015-12-28 02:00:00,10.571496297052487,-0.0645515829750446,True
2016-01-11 14:00:00,10.587289631596263,-0.0645515829750446,True
2015-12-22 10:00:00,10.58316747251566,-0.0645515829750446,True
2014-01-09 18:00:00,10.581148875973518,-0.0645515829750446,True
2015-11-28 01:00:00,10.573059516834704,-0.0645515829750446,True
2011-11-09 18:00:00,10.584185912464426,-0.0645515829750446,True
2017-01-01 19:00:00,10.578931189730463,-0.0645515829750446,True
2014-12-29 20:00:00,10.576398469426891,-0.0645515829750446,True
2014-01-15 10:00:00,10.576529917281144,-0.0645515829750446,True
2015-11-19 19:00:00,10.579750148604452,-0.0645515829750446,True
2011-11-11 12:00:00,10.57086039197842,-0.0645515829750446,True
2015-12-18 17:00:00,10.974897286657352,-0.06449158957119194,True
2014-01-10 16:00:00,10.97263897324877,-0.06449158957119194,True
2015-12-20 01:00:00,10.972336685996744,-0.06449158957119194,True
2016-01-16 02:00:00,10.974160399633496,-0.06449158957119194,True
2014-12-28 08:00:00,10.974234613188374,-0.06449158957119194,True
2013-11-23 15:00:00,10.974045370666149,-0.06449158957119194,True
2014-12-12 00:00:00,10.978969056298371,-0.06449158957119194,True
2015-12-28 03:00:00,10.975884845206352,-0.06449158957119194,True
2015-11-10 02:00:00,10.974508365512952,-0.06449158957119194,True
2015-12-16 20:00:00,10.975105312421048,-0.06449158957119194,True
2017-11-10 22:00:00,11.208534012821987,-0.06446648265100019,True
2017-01-09 17:00:00,11.209059455950218,-0.06446648265100019,True
2015-01-02 17:00:00,11.209259418368488,-0.06446648265100019,True
2015-01-03 18:00:00,11.210414669331987,-0.06446648265100019,True
2015-12-15 10:00:00,11.207851315520168,-0.06446648265100019,True
2017-12-15 07:00:00,11.195585915636356,-0.06446648265100019,True
2005-03-09 06:00:00,0.4698919215059807,-0.06422336847453347,True
2004-09-06 20:00:00,0.4712299677613661,-0.06422336847453347,True
2004-12-08 23:00:00,0.4712919985680376,-0.06422336847453347,True
2013-05-18 22:00:00,0.4710092477727003,-0.06422336847453347,True
2017-11-07 01:00:00,10.61327353887526,-0.06421462305499737,True
2016-11-21 06:00:00,10.612418356061587,-0.06421462305499737,True
2015-12-30 11:00:00,10.602550942620743,-0.06421462305499737,True
2014-12-18 21:00:00,10.605189423938748,-0.06421462305499737,True
2016-11-12 20:00:00,10.600701289482872,-0.06421462305499737,True
2014-12-17 18:00:00,10.598666306679457,-0.06421462305499737,True
2015-12-10 03:00:00,10.606073283145486,-0.06421462305499737,True
2015-11-10 04:00:00,10.607980455092266,-0.06421462305499737,True
2015-12-15 13:00:00,10.611167286866026,-0.06421462305499737,True
2016-01-21 08:00:00,10.60945719331608,-0.06421462305499737,True
2014-12-25 06:00:00,10.596697461334797,-0.06421462305499737,True
2017-01-20 02:00:00,10.616549600637496,-0.06421462305499737,True
2015-12-18 05:00:00,10.59881016940278,-0.06421462305499737,True
2013-12-12 22:00:00,10.597055321921976,-0.06421462305499737,True
2018-01-11 23:00:00,10.61562680161681,-0.06421462305499737,True
2013-12-07 03:00:00,10.600119098516076,-0.06421462305499737,True
2017-12-22 19:00:00,10.602761880830728,-0.06421462305499737,True
2015-11-07 02:00:00,10.59989093337232,-0.06421462305499737,True
2014-12-25 13:00:00,10.60365797165776,-0.06421462305499737,True
2014-01-11 08:00:00,10.6163480683752,-0.06421462305499737,True
2013-12-31 05:00:00,10.599351187852823,-0.06421462305499737,True
2013-12-30 02:00:00,10.606087940096131,-0.06421462305499737,True
2014-12-15 14:00:00,10.610926669705078,-0.06421462305499737,True
2015-12-17 23:00:00,10.614504092447929,-0.06421462305499737,True
2014-12-12 03:00:00,10.607075716150073,-0.06421462305499737,True
2016-01-16 15:00:00,10.614801259230877,-0.06421462305499737,True
2013-12-09 17:00:00,10.60646816273917,-0.06421462305499737,True
2013-12-10 08:00:00,10.617587194680697,-0.06421462305499737,True
2015-12-20 16:00:00,10.606111946575412,-0.06421462305499737,True
2013-10-21 23:00:00,10.610300206271324,-0.06421462305499737,True
2015-12-28 20:00:00,10.600900960397276,-0.06421462305499737,True
2015-01-29 21:00:00,10.600235672143976,-0.06421462305499737,True
2014-01-02 03:00:00,10.612149725555494,-0.06421462305499737,True
2015-11-28 11:00:00,10.599318160125645,-0.06421462305499737,True
2016-11-02 14:00:00,10.612280099051178,-0.06421462305499737,True
2016-01-17 06:00:00,11.167366412011056,-0.06412956835525507,True
2016-01-17 13:00:00,11.168707745614658,-0.06412956835525507,True
2013-12-08 20:00:00,11.159465600821022,-0.06412956835525507,True
2015-12-27 10:00:00,11.169667710931265,-0.06412956835525507,True
2015-12-30 23:00:00,11.159961517449664,-0.06412956835525507,True
2014-12-07 00:00:00,11.17010070409883,-0.06412956835525507,True
2014-12-28 20:00:00,11.165010054660993,-0.06412956835525507,True
2014-01-11 05:00:00,11.168717205479956,-0.06412956835525507,True
2013-12-06 19:00:00,11.165438257163451,-0.06412956835525507,True
2015-12-22 22:00:00,11.169047360801605,-0.06412956835525507,True
2014-12-25 16:00:00,10.569495955142369,-0.06412648452238512,True
2014-12-27 05:00:00,10.566877910873206,-0.06412648452238512,True
2015-12-16 10:00:00,10.592171161437989,-0.06412648452238512,True
2014-12-25 23:00:00,10.566974808268212,-0.06412648452238512,True
2013-12-07 08:00:00,10.568524682646569,-0.06412648452238512,True
2011-11-10 11:00:00,10.569273204377874,-0.06412648452238512,True
2014-12-23 07:00:00,10.567980453074012,-0.06412648452238512,True
2015-01-24 15:00:00,10.568923386475772,-0.06412648452238512,True
2014-12-30 18:00:00,10.58834621363316,-0.06412648452238512,True
2014-12-12 15:00:00,10.990921363863205,-0.06406653169552001,True
2015-12-24 23:00:00,10.98217476824257,-0.06406653169552001,True
2014-01-04 16:00:00,10.984840750492646,-0.06406653169552001,True
2014-12-13 03:00:00,10.98409791248156,-0.06406653169552001,True
2016-11-27 17:00:00,10.98212251241366,-0.06406653169552001,True
2015-01-23 09:00:00,10.9841349227468,-0.06406653169552001,True
2014-12-09 06:00:00,10.991940629777668,-0.06406653169552001,True
2014-12-31 14:00:00,10.985665777295113,-0.06406653169552001,True
2013-12-07 12:00:00,10.991854953073906,-0.06406653169552001,True
2016-11-27 03:00:00,10.993038707306106,-0.06406653169552001,True
2017-11-27 10:00:00,10.990556821394152,-0.06406653169552001,True
2015-12-21 19:00:00,10.985308599559517,-0.06406653169552001,True
2015-11-27 00:00:00,10.991581010747804,-0.06406653169552001,True
2016-01-21 20:00:00,10.98801331513532,-0.06406653169552001,True
2013-12-06 07:00:00,10.99157728120744,-0.06406653169552001,True
2016-11-15 02:00:00,10.989206975684487,-0.06406653169552001,True
2015-12-31 14:00:00,10.982970963707244,-0.06406653169552001,True
2015-12-10 15:00:00,10.991493169145556,-0.06406653169552001,True
2015-12-13 08:00:00,10.988154198273008,-0.06406653169552001,True
2014-01-10 21:00:00,10.986747510871806,-0.06406653169552001,True
2014-01-10 19:00:00,10.993515442947803,-0.06406653169552001,True
2015-12-24 18:00:00,10.988853463750663,-0.06406653169552001,True
2017-11-06 21:00:00,10.99494429446941,-0.06406653169552001,True
2015-12-17 11:00:00,10.989297633744194,-0.06406653169552001,True
2018-01-13 06:00:00,10.991610817715822,-0.06406653169552001,True
2016-01-01 05:00:00,10.981645589044788,-0.06406653169552001,True
2015-10-28 20:00:00,10.98900678568485,-0.06406653169552001,True
2013-12-07 06:00:00,10.988621094771586,-0.06406653169552001,True
2015-12-15 03:00:00,10.986961598313622,-0.06406653169552001,True
2015-12-19 00:00:00,10.99025143869946,-0.06406653169552001,True
2015-11-27 20:00:00,10.984833736928987,-0.06406653169552001,True
2013-12-30 14:00:00,10.859590962622876,-0.06397841394145631,True
2015-12-18 22:00:00,10.859390514683604,-0.06397841394145631,True
2013-10-08 01:00:00,10.563964822241728,-0.06378975250770091,True
2014-12-24 05:00:00,10.56178062502516,-0.06378975250770091,True
2014-12-16 12:00:00,10.562469038657024,-0.06378975250770091,True
2014-01-10 23:00:00,10.562600098717512,-0.06378975250770091,True
2013-12-28 20:00:00,10.56301197082696,-0.06378975250770091,True
2014-01-02 22:00:00,10.563986992597057,-0.06378975250770091,True
2011-11-12 00:00:00,10.563260885988598,-0.06378975250770091,True
2016-11-27 02:00:00,11.15320560366208,-0.06370475533534126,True
2013-12-05 04:00:00,11.151914820632014,-0.06370475533534126,True
2014-12-08 06:00:00,11.155341763624437,-0.06370475533534126,True
2015-01-20 16:00:00,11.15626038124253,-0.06370475533534126,True
2015-12-11 08:00:00,11.152664734539323,-0.06370475533534126,True
2018-01-09 23:00:00,11.152638682220749,-0.06370475533534126,True
2016-11-25 22:00:00,11.154900171799396,-0.06370475533534126,True
2015-12-10 18:00:00,11.15241451368184,-0.06370475533534126,True
2013-12-05 11:00:00,11.158121220938362,-0.06370475533534126,True
2013-12-29 06:00:00,10.56437481659098,-0.06370167358824474,True
2013-12-11 21:00:00,10.565865253584986,-0.06370167358824474,True
2018-01-13 03:00:00,10.564482131475092,-0.06370167358824474,True
2013-12-11 12:00:00,10.564840524353915,-0.06370167358824474,True
2015-12-13 17:00:00,10.56574753354234,-0.06370167358824474,True
2015-12-14 10:00:00,10.564652489915774,-0.06370167358824474,True
2011-11-11 07:00:00,10.564589357777908,-0.06370167358824474,True
2015-12-22 12:00:00,10.951105817896476,-0.06364176131092258,True
2014-01-11 04:00:00,10.95120605456184,-0.06364176131092258,True
2016-01-10 20:00:00,10.959563154302382,-0.06364176131092258,True
2014-12-28 18:00:00,10.952352584205984,-0.06364176131092258,True
2015-12-21 09:00:00,10.959275329205605,-0.06364176131092258,True
2014-12-13 20:00:00,10.951623879996056,-0.06364176131092258,True
2016-01-16 22:00:00,10.956002603146525,-0.06364176131092258,True
2014-12-11 07:00:00,10.997384960443013,-0.06364176131092258,True
2014-01-12 16:00:00,10.95538111124924,-0.06364176131092258,True
2014-12-11 17:00:00,10.959710483834591,-0.06364176131092258,True
2014-12-10 19:00:00,10.956808000619716,-0.06364176131092258,True
2014-11-08 02:00:00,10.954221831001966,-0.06364176131092258,True
2014-12-13 08:00:00,10.96057761148898,-0.06364176131092258,True
2014-12-26 21:00:00,10.952297795681574,-0.06364176131092258,True
2015-01-01 21:00:00,10.95698409198122,-0.06364176131092258,True
2017-01-19 21:00:00,10.996754143555014,-0.06364176131092258,True
2014-11-18 17:00:00,10.960789353460116,-0.06364176131092258,True
2017-10-23 21:00:00,10.95393771983114,-0.06364176131092258,True
2015-12-11 23:00:00,10.9540496620862,-0.06364176131092258,True
2015-11-19 05:00:00,10.96157738584084,-0.06364176131092258,True
2015-12-23 05:00:00,10.959255659476822,-0.06364176131092258,True
2015-12-17 01:00:00,10.950854152185013,-0.06364176131092258,True
2015-12-11 04:00:00,10.95613140464714,-0.06364176131092258,True
2017-12-22 03:00:00,10.996261460679046,-0.06364176131092258,True
2017-11-01 17:00:00,10.963689007778678,-0.06364176131092258,True
2016-11-26 10:00:00,10.957085835811954,-0.06364176131092258,True
2015-11-18 14:00:00,10.953756952794231,-0.06364176131092258,True
2014-12-27 22:00:00,10.960630474004969,-0.06364176131092258,True
2016-01-24 20:00:00,10.953598460414476,-0.06364176131092258,True
2013-12-09 00:00:00,10.95212676299832,-0.06364176131092258,True
2015-12-22 07:00:00,10.954766638317793,-0.06364176131092258,True
2015-12-23 18:00:00,10.99528425166398,-0.06364176131092258,True
2015-12-23 00:00:00,10.955099489482544,-0.06364176131092258,True
2015-12-31 09:00:00,10.858115228960004,-0.06355370315596132,True
2013-12-29 16:00:00,10.853175026074268,-0.06355370315596132,True
2015-12-29 20:00:00,10.853718621804438,-0.06355370315596132,True
2015-11-30 03:00:00,10.8532207089305,-0.06355370315596132,True
2017-10-27 19:00:00,10.853522658022184,-0.06355370315596132,True
2016-01-25 05:00:00,10.850354850399336,-0.06355370315596132,True
2015-11-12 00:00:00,10.86001202559452,-0.06355370315596132,True
2014-12-08 11:00:00,10.852351366127747,-0.06355370315596132,True
2013-12-09 01:00:00,10.855619116913967,-0.06355370315596132,True
2015-12-27 16:00:00,10.825858753699393,-0.06342793705872452,True
2013-12-10 03:00:00,10.826343091121316,-0.06342793705872452,True
2014-12-30 22:00:00,10.826004839344678,-0.06342793705872452,True
2013-12-10 01:00:00,11.148458737959738,-0.06328022964089197,True
2015-01-25 05:00:00,11.148328888145429,-0.06328022964089197,True
2015-12-26 05:00:00,11.151441143530905,-0.06328022964089197,True
2015-12-24 06:00:00,11.147569098219336,-0.06328022964089197,True
2015-10-28 19:00:00,11.147501715493451,-0.06328022964089197,True
2014-11-04 00:00:00,11.151410876602466,-0.06328022964089197,True
2014-12-30 06:00:00,11.1490838836119,-0.06328022964089197,True
2015-12-06 18:00:00,11.149440099739754,-0.06328022964089197,True
2016-10-19 21:00:00,11.148870590841108,-0.06328022964089197,True
2015-12-16 23:00:00,11.149889051676109,-0.06328022964089197,True
2016-10-23 17:00:00,10.949568155183435,-0.06321727822295309,True
2014-01-15 12:00:00,11.006391505424885,-0.06321727822295309,True
2015-11-19 11:00:00,11.005352704183958,-0.06321727822295309,True
2013-12-09 05:00:00,10.949793629695428,-0.06321727822295309,True
2017-12-20 01:00:00,11.007032011227333,-0.06321727822295309,True
2015-12-09 17:00:00,10.949794079629848,-0.06321727822295309,True
2014-01-16 07:00:00,11.005751905189332,-0.06321727822295309,True
2015-11-20 06:00:00,10.830222511551929,-0.0630035985923878,True
2015-12-27 06:00:00,10.828453889743544,-0.0630035985923878,True
2016-01-25 03:00:00,10.83758820409058,-0.0630035985923878,True
2017-10-30 20:00:00,10.827959097437194,-0.0630035985923878,True
2015-11-19 07:00:00,10.838012391188414,-0.0630035985923878,True
2015-12-22 00:00:00,10.837379834043698,-0.0630035985923878,True
2015-12-26 19:00:00,10.829176962677565,-0.0630035985923878,True
2015-10-27 01:00:00,10.82878598084354,-0.0630035985923878,True
2013-12-07 23:00:00,10.836616275734158,-0.0630035985923878,True
2013-12-07 18:00:00,10.833351269337712,-0.0630035985923878,True
2015-12-08 12:00:00,10.837525384840353,-0.0630035985923878,True
2015-11-03 00:00:00,10.82814362019929,-0.0630035985923878,True
2015-12-23 22:00:00,10.837845979354446,-0.0630035985923878,True
2016-11-27 20:00:00,10.8373717185921,-0.0630035985923878,True
2014-01-03 11:00:00,10.830257022615594,-0.0630035985923878,True
2015-11-28 16:00:00,10.830025239242024,-0.0630035985923878,True
2018-01-28 04:00:00,10.945295029792574,-0.06279308223729618,True
2015-12-17 09:00:00,10.941192003775608,-0.06279308223729618,True
2018-01-25 22:00:00,10.942732051203476,-0.06279308223729618,True
2015-10-23 18:00:00,10.942248232684156,-0.06279308223729618,True
2015-12-31 04:00:00,11.004073644313335,-0.06279308223729618,True
2017-01-20 09:00:00,10.94778177927793,-0.06279308223729618,True
2015-12-15 12:00:00,11.001612576469364,-0.06279308223729618,True
2013-12-05 14:00:00,10.94111917841964,-0.06279308223729618,True
2015-12-12 22:00:00,10.999716201833325,-0.06279308223729618,True
2017-12-09 16:00:00,11.002613850434363,-0.06279308223729618,True
2014-01-05 12:00:00,11.002539267197184,-0.06279308223729618,True
2014-12-31 09:00:00,11.002848996179647,-0.06279308223729618,True
2016-01-11 19:00:00,10.947457065517554,-0.06279308223729618,True
2016-01-16 03:00:00,11.00239776436124,-0.06279308223729618,True
2015-12-13 02:00:00,10.94578124861184,-0.06279308223729618,True
2013-11-07 02:00:00,10.94893599275198,-0.06279308223729618,True
2015-01-23 00:00:00,11.004133270465006,-0.06279308223729618,True
2015-12-24 13:00:00,10.945278109890658,-0.06279308223729618,True
2014-01-04 14:00:00,10.999098363758929,-0.06279308223729618,True
2012-11-26 04:00:00,11.004617692198384,-0.06279308223729618,True
2013-12-09 23:00:00,10.94886826280529,-0.06279308223729618,True
2014-01-05 02:00:00,10.947025455779128,-0.06279308223729618,True
2013-12-08 09:00:00,10.909077250771055,-0.06270514315963571,True
2014-11-18 10:00:00,10.909173245806487,-0.06270514315963571,True
2014-12-14 16:00:00,10.913558505742872,-0.06270514315963571,True
2015-12-12 04:00:00,10.911617264243793,-0.06270514315963571,True
2017-11-10 23:00:00,10.913851686026184,-0.06270514315963571,True
2014-11-06 00:00:00,10.913997045479896,-0.06270514315963571,True
2016-10-26 17:00:00,10.905559108744214,-0.06270514315963571,True
2015-12-10 01:00:00,10.91861264911054,-0.06270514315963571,True
2015-12-09 14:00:00,10.91282193548732,-0.06270514315963571,True
2016-11-15 05:00:00,10.905863540436188,-0.06270514315963571,True
2017-11-29 01:00:00,10.913423217998746,-0.06270514315963571,True
2016-11-26 08:00:00,10.909080166726048,-0.06270514315963571,True
2017-11-28 04:00:00,10.916191038711029,-0.06270514315963571,True
2015-12-21 16:00:00,10.861164111970984,-0.06270514315963571,True
2014-12-09 02:00:00,10.90783928179906,-0.06270514315963571,True
2015-12-25 02:00:00,10.91280631803916,-0.06270514315963571,True
2014-12-25 03:00:00,10.861930364085946,-0.06270514315963571,True
2015-12-13 13:00:00,10.906837054364496,-0.06270514315963571,True
2014-11-23 11:00:00,10.914271008604622,-0.06270514315963571,True
2014-12-25 18:00:00,10.91119967878091,-0.06270514315963571,True
2016-01-12 05:00:00,10.904525080881484,-0.06270514315963571,True
2017-11-27 15:00:00,10.910150765997347,-0.06270514315963571,True
2012-11-26 09:00:00,10.906990969282065,-0.06270514315963571,True
2015-01-20 06:00:00,10.91401753851416,-0.06270514315963571,True
2014-01-11 00:00:00,10.909548240067515,-0.06270514315963571,True
2014-01-03 15:00:00,10.913787944175844,-0.06270514315963571,True
2016-01-16 08:00:00,10.911499915675243,-0.06270514315963571,True
2014-01-12 11:00:00,10.91866717332565,-0.06270514315963571,True
2015-11-12 03:00:00,10.838421490645477,-0.06257954713054781,True
2015-12-26 03:00:00,10.559333877410538,-0.06251686427474068,True
2016-11-12 13:00:00,10.559134092101433,-0.06251686427474068,True
2013-11-05 00:00:00,10.55856244555708,-0.06251686427474068,True
2016-10-28 17:00:00,10.559098959800046,-0.06251686427474068,True
2016-01-22 17:00:00,10.559527498079284,-0.06251686427474068,True
2011-11-12 15:00:00,10.560008772705986,-0.06251686427474068,True
2015-12-14 12:00:00,11.009678144679487,-0.06243203945117959,True
2015-12-07 16:00:00,11.035007532668896,-0.06243203945117959,True
2017-10-16 18:00:00,10.939519035467091,-0.06236917315976798,True
2015-12-26 20:00:00,10.940958900934492,-0.06236917315976798,True
2014-12-08 13:00:00,10.939986743221407,-0.06236917315976798,True
2015-12-08 02:00:00,10.897169578738971,-0.06228129356036072,True
2015-12-14 21:00:00,10.8906287522572,-0.06228129356036072,True
2014-12-11 11:00:00,10.866608682277956,-0.06228129356036072,True
2014-01-09 03:00:00,10.883623937943463,-0.06228129356036072,True
2015-12-28 09:00:00,10.895751036381398,-0.06228129356036072,True
2014-01-04 01:00:00,10.876589693076994,-0.06228129356036072,True
2013-11-17 19:00:00,10.899952014847443,-0.06228129356036072,True
2015-12-24 16:00:00,10.890436329532292,-0.06228129356036072,True
2014-01-11 20:00:00,10.901862821745148,-0.06228129356036072,True
2011-11-22 18:00:00,10.89855343743852,-0.06228129356036072,True
2016-11-27 15:00:00,10.898111893606458,-0.06228129356036072,True
2014-12-26 09:00:00,10.877344837529632,-0.06228129356036072,True
2015-12-14 00:00:00,10.882894272654347,-0.06228129356036072,True
2016-01-11 11:00:00,10.891988342351643,-0.06228129356036072,True
2014-12-14 01:00:00,10.874045264885774,-0.06228129356036072,True
2017-01-20 00:00:00,10.888797461059651,-0.06228129356036072,True
2013-10-21 22:00:00,10.895553565141158,-0.06228129356036072,True
2014-11-25 06:00:00,10.879763509109171,-0.06228129356036072,True
2014-12-31 04:00:00,10.88184142085849,-0.06228129356036072,True
2014-11-08 01:00:00,10.893680969116806,-0.06228129356036072,True
2015-10-30 22:00:00,10.876462092165296,-0.06228129356036072,True
2016-11-19 10:00:00,10.870817014108331,-0.06228129356036072,True
2015-12-17 14:00:00,10.887175627359811,-0.06228129356036072,True
2013-12-11 02:00:00,10.871155237334692,-0.06228129356036072,True
2018-01-03 03:00:00,10.884084690038396,-0.06228129356036072,True
2018-01-10 01:00:00,10.899579124883964,-0.06228129356036072,True
2013-12-06 05:00:00,10.879707420382704,-0.06228129356036072,True
2014-01-16 00:00:00,10.8643565954356,-0.06228129356036072,True
2014-12-12 09:00:00,10.892306549875698,-0.06228129356036072,True
2017-11-28 14:00:00,10.898916090768566,-0.06228129356036072,True
2016-01-10 07:00:00,10.886899428312624,-0.06228129356036072,True
2015-12-12 17:00:00,10.89245775233054,-0.06228129356036072,True
2015-12-24 03:00:00,10.900094884659502,-0.06228129356036072,True
2017-11-27 22:00:00,10.892462708911468,-0.06228129356036072,True
2015-01-02 07:00:00,10.869763706351511,-0.06228129356036072,True
2015-01-01 07:00:00,10.894995526126763,-0.06228129356036072,True
2015-01-01 19:00:00,10.888911188026473,-0.06228129356036072,True
2017-10-25 20:00:00,10.88699809119946,-0.06228129356036072,True
2017-01-27 03:00:00,10.8860252722576,-0.06228129356036072,True
2017-01-27 00:00:00,10.8813594611383,-0.06228129356036072,True
2013-11-24 03:00:00,10.879052304397916,-0.06228129356036072,True
2014-01-03 20:00:00,10.898669089500272,-0.06228129356036072,True
2015-12-24 08:00:00,10.863284436510575,-0.06228129356036072,True
2013-12-10 04:00:00,10.898035499075297,-0.06228129356036072,True
2015-11-19 16:00:00,10.899492409242791,-0.06228129356036072,True
2015-11-19 23:00:00,10.889026978833632,-0.06228129356036072,True
2014-12-10 10:00:00,10.919537797676396,-0.06228129356036072,True
2013-12-11 04:00:00,10.887706215041565,-0.06228129356036072,True
2016-11-02 13:00:00,10.872467410646932,-0.06228129356036072,True
2015-12-19 15:00:00,10.876625737598047,-0.06228129356036072,True
2015-12-23 08:00:00,10.893748099809404,-0.06228129356036072,True
2014-12-10 20:00:00,10.892519014518482,-0.06228129356036072,True
2017-11-09 02:00:00,10.843166688038323,-0.06215578247908682,True
2014-12-14 18:00:00,10.841026583638516,-0.06215578247908682,True
2016-01-19 17:00:00,10.848117628010913,-0.06215578247908682,True
2014-11-10 23:00:00,10.846209381828984,-0.06215578247908682,True
2015-12-18 14:00:00,10.843699236796496,-0.06215578247908682,True
2013-12-06 00:00:00,10.84628184864872,-0.06215578247908682,True
2014-12-09 16:00:00,10.842610117530064,-0.06215578247908682,True
2017-11-28 09:00:00,10.841740729093065,-0.06215578247908682,True
2014-12-13 13:00:00,10.845012973298402,-0.06215578247908682,True
2014-11-19 02:00:00,10.839009257992112,-0.06215578247908682,True
2014-01-11 15:00:00,10.844495058086409,-0.06215578247908682,True
2018-01-13 05:00:00,10.849234588968912,-0.06215578247908682,True
2015-12-30 09:00:00,10.845678545577044,-0.06215578247908682,True
2015-11-28 06:00:00,10.8417295435788,-0.06215578247908682,True
2014-01-08 21:00:00,10.846037183512497,-0.06215578247908682,True
2016-01-25 21:00:00,10.839672290029933,-0.06215578247908682,True
2014-01-03 05:00:00,10.844645965755063,-0.06215578247908682,True
2015-11-18 15:00:00,10.840915146984644,-0.06215578247908682,True
2015-12-16 06:00:00,10.846217322260554,-0.06215578247908682,True
2016-01-11 01:00:00,10.84867600945509,-0.06215578247908682,True
2016-01-16 20:00:00,10.842815169755106,-0.06215578247908682,True
2016-11-04 12:00:00,11.132933209476374,-0.06200837456764119,True
2015-12-19 20:00:00,11.03314385733635,-0.06200837456764119,True
2016-11-26 03:00:00,11.040497192842189,-0.06200837456764119,True
2015-12-20 18:00:00,11.119573612406471,-0.06200837456764119,True
2015-12-10 05:00:00,11.01692091643524,-0.06200837456764119,True
2013-12-11 09:00:00,11.028901284970338,-0.06200837456764119,True
2017-01-24 22:00:00,11.140365380232018,-0.06200837456764119,True
2015-12-09 19:00:00,11.038225895533056,-0.06200837456764119,True
2015-01-16 14:00:00,11.040920589405063,-0.06200837456764119,True
2015-12-16 13:00:00,11.11571114564842,-0.06200837456764119,True
2015-11-19 22:00:00,11.016640938540789,-0.06200837456764119,True
2015-11-19 12:00:00,11.02221547734883,-0.06200837456764119,True
2016-01-25 23:00:00,11.016572996033297,-0.06200837456764119,True
2016-01-25 19:00:00,11.067455809361263,-0.06200837456764119,True
2015-12-17 06:00:00,11.022375925377656,-0.06200837456764119,True
2015-12-17 04:00:00,11.018139311280937,-0.06200837456764119,True
2015-12-15 20:00:00,11.1130821748524,-0.06200837456764119,True
2017-12-31 07:00:00,11.123218273572816,-0.06200837456764119,True
2018-01-15 18:00:00,11.144542562606278,-0.06200837456764119,True
2016-01-25 01:00:00,11.061304577839389,-0.06200837456764119,True
2014-01-16 06:00:00,11.03966273304885,-0.06200837456764119,True
2015-12-16 08:00:00,11.116879506303938,-0.06200837456764119,True
2013-12-09 08:00:00,11.144165520611075,-0.06200837456764119,True
2014-01-01 15:00:00,11.066992700519744,-0.06200837456764119,True
2013-12-08 15:00:00,11.145773940747771,-0.06200837456764119,True
2015-11-18 08:00:00,11.054989921808838,-0.06200837456764119,True
2016-01-24 09:00:00,11.039722531936256,-0.06200837456764119,True
2015-11-18 17:00:00,11.12825225564457,-0.06200837456764119,True
2017-11-28 19:00:00,11.134692453552375,-0.06200837456764119,True
2018-01-12 00:00:00,11.019527593803732,-0.06200837456764119,True
2018-01-13 07:00:00,11.133987046462732,-0.06200837456764119,True
2018-01-10 00:00:00,11.026108903552355,-0.06200837456764119,True
2014-01-02 19:00:00,11.059656580984884,-0.06200837456764119,True
2012-12-02 08:00:00,11.101618435491602,-0.06200837456764119,True
2013-12-31 17:00:00,11.120194288564337,-0.06200837456764119,True
2015-12-09 09:00:00,11.129837192303867,-0.06200837456764119,True
2014-01-03 00:00:00,11.064424317671197,-0.06200837456764119,True
2014-01-02 13:00:00,11.118486921582395,-0.06200837456764119,True
2015-12-07 18:00:00,11.036931998624036,-0.06200837456764119,True
2015-12-08 07:00:00,11.021459065396453,-0.06200837456764119,True
2014-01-15 22:00:00,11.144594556286046,-0.06200837456764119,True
2014-01-02 14:00:00,11.137211998681584,-0.06200837456764119,True
2012-11-25 21:00:00,11.119662464237086,-0.06200837456764119,True
2015-12-30 14:00:00,11.035434719229976,-0.06200837456764119,True
2016-01-01 00:00:00,11.041405239303444,-0.06200837456764119,True
2014-01-21 18:00:00,11.016886898792078,-0.06200837456764119,True
2015-12-09 04:00:00,11.068262981725008,-0.06200837456764119,True
2014-12-12 10:00:00,11.033757411463515,-0.06200837456764119,True
2015-12-28 19:00:00,11.14422914487733,-0.06200837456764119,True
2015-12-28 13:00:00,11.11333466251478,-0.06200837456764119,True
2015-12-27 05:00:00,11.125578513258615,-0.06200837456764119,True
2015-12-27 00:00:00,11.030643411719582,-0.06200837456764119,True
2015-12-13 14:00:00,11.04052841301367,-0.06200837456764119,True
2016-11-27 10:00:00,11.019283386288157,-0.06200837456764119,True
2016-11-27 07:00:00,11.140142165349763,-0.06200837456764119,True
2015-11-02 22:00:00,11.133364020489076,-0.06200837456764119,True
2017-11-28 12:00:00,11.114959405174996,-0.06200837456764119,True
2016-01-24 17:00:00,11.140237659039023,-0.06200837456764119,True
2015-01-19 22:00:00,11.11346881243819,-0.06200837456764119,True
2017-12-22 18:00:00,11.120063990220482,-0.06200837456764119,True
2015-12-15 02:00:00,11.03147495750416,-0.06200837456764119,True
2014-12-14 06:00:00,11.143089149755903,-0.06200837456764119,True
2014-12-13 15:00:00,11.017922713138873,-0.06200837456764119,True
2013-12-05 12:00:00,11.145333825793507,-0.06200837456764119,True
2013-11-09 03:00:00,11.014464548098948,-0.06200837456764119,True
2017-01-09 05:00:00,11.055749712990034,-0.06200837456764119,True
2015-12-08 16:00:00,11.02936858310494,-0.06200837456764119,True
2015-12-08 11:00:00,11.133664534195203,-0.06200837456764119,True
2014-01-05 04:00:00,11.130586950155704,-0.06200837456764119,True
2017-11-03 23:00:00,11.018851753665274,-0.06200837456764119,True
2015-12-21 21:00:00,11.06819697535768,-0.06200837456764119,True
2014-12-28 05:00:00,11.060165947777543,-0.06200837456764119,True
2017-01-09 22:00:00,11.117721025885286,-0.06200837456764119,True
2015-12-07 13:00:00,11.065940143703765,-0.06200837456764119,True
2015-12-06 20:00:00,11.029462796487888,-0.06200837456764119,True
2016-01-21 00:00:00,11.029538346719525,-0.06200837456764119,True
2014-11-18 18:00:00,11.027545054437914,-0.06200837456764119,True
2016-01-21 23:00:00,11.028129088137424,-0.06200837456764119,True
2016-01-21 16:00:00,11.134678764642477,-0.06200837456764119,True
2016-01-21 05:00:00,11.03909312945338,-0.06200837456764119,True
2014-12-30 07:00:00,11.12747597916799,-0.06200837456764119,True
2014-01-13 19:00:00,11.065975604101933,-0.06200837456764119,True
2015-12-10 20:00:00,11.1301812335268,-0.06200837456764119,True
2015-12-11 14:00:00,11.057550479948782,-0.06200837456764119,True
2014-12-28 03:00:00,11.024555044197433,-0.06200837456764119,True
2015-12-23 10:00:00,11.059821517411288,-0.06200837456764119,True
2016-10-17 22:00:00,11.0145435816304,-0.06200837456764119,True
2015-01-01 11:00:00,11.101274102633264,-0.06200837456764119,True
2014-01-09 01:00:00,11.023506575973393,-0.06200837456764119,True
2015-01-01 01:00:00,11.025411839351673,-0.06200837456764119,True
2015-01-01 06:00:00,11.066687919662645,-0.06200837456764119,True
2015-01-02 20:00:00,11.118491689532249,-0.06200837456764119,True
2015-01-02 22:00:00,11.020077626608773,-0.06200837456764119,True
2015-12-11 18:00:00,11.117509490133273,-0.06200837456764119,True
2015-01-02 15:00:00,11.134476085760484,-0.06200837456764119,True
2015-12-06 15:00:00,11.133834232991696,-0.06200837456764119,True
2014-11-24 16:00:00,11.056618573686206,-0.06200837456764119,True
2014-11-24 12:00:00,11.02751830777474,-0.06200837456764119,True
2015-12-22 19:00:00,11.056018438233442,-0.06200837456764119,True
2014-12-09 01:00:00,11.062379007937311,-0.06200837456764119,True
2014-12-11 06:00:00,11.142394110773743,-0.06200837456764119,True
2015-11-09 22:00:00,11.145697194365455,-0.06200837456764119,True
2014-01-12 21:00:00,11.067855574191832,-0.06200837456764119,True
2016-01-17 08:00:00,11.035725866728493,-0.06200837456764119,True
2016-01-12 07:00:00,11.060553139824767,-0.06200837456764119,True
2016-01-11 16:00:00,11.063881914149434,-0.06200837456764119,True
2017-11-27 13:00:00,11.06579043708262,-0.06200837456764119,True
2014-12-07 15:00:00,11.022589782011304,-0.06200837456764119,True
2014-12-08 08:00:00,11.137085565061597,-0.06200837456764119,True
2017-11-28 05:00:00,11.144911356839993,-0.06200837456764119,True
2015-12-07 08:00:00,11.101772811703134,-0.06200837456764119,True
2014-01-12 01:00:00,11.031962709540313,-0.06200837456764119,True
2015-12-12 21:00:00,11.031234307032754,-0.06200837456764119,True
2015-12-12 11:00:00,11.064668861838038,-0.06200837456764119,True
2015-12-12 16:00:00,11.131304728450855,-0.06200837456764119,True
2014-12-08 16:00:00,11.062798681636735,-0.06200837456764119,True
2017-01-20 10:00:00,11.124162876994168,-0.06200837456764119,True
2015-01-03 13:00:00,11.06002930316932,-0.06200837456764119,True
2013-11-12 05:00:00,11.058509258220594,-0.06200837456764119,True
2017-01-09 02:00:00,11.12407901066384,-0.06200837456764119,True
2012-11-25 11:00:00,11.056898471630872,-0.06200837456764119,True
2012-11-25 23:00:00,11.129558861843984,-0.06200837456764119,True
2015-01-23 16:00:00,11.136574863208216,-0.06200837456764119,True
2016-01-11 00:00:00,11.13433375534442,-0.06200837456764119,True
2014-11-24 23:00:00,11.02738917638561,-0.06200837456764119,True
2015-12-25 09:00:00,11.146427434634148,-0.06200837456764119,True
2015-12-26 00:00:00,11.115599963448483,-0.06200837456764119,True
2015-12-25 21:00:00,11.058983434856962,-0.06200837456764119,True
2014-01-01 10:00:00,11.063430561286658,-0.06200837456764119,True
2015-10-24 01:00:00,11.032780862288645,-0.06200837456764119,True
2015-12-19 10:00:00,10.923835709487989,-0.061857730634933494,True
2015-12-18 12:00:00,10.92682644656215,-0.061857730634933494,True
2015-11-26 23:00:00,10.929844522392091,-0.061857730634933494,True
2015-12-17 19:00:00,10.927537176606094,-0.061857730634933494,True
2015-12-29 00:00:00,10.92953195990936,-0.061857730634933494,True
2015-12-15 07:00:00,10.921405696564952,-0.061857730634933494,True
2016-01-24 18:00:00,10.923661262457369,-0.061857730634933494,True
2015-12-31 12:00:00,10.921899279501403,-0.061857730634933494,True
2017-01-27 01:00:00,10.924565440722048,-0.061857730634933494,True
2015-12-19 05:00:00,10.92062783726716,-0.061857730634933494,True
2013-11-09 02:00:00,10.8630866624706,-0.061857730634933494,True
2017-01-20 05:00:00,10.921640766896283,-0.061857730634933494,True
2013-10-28 22:00:00,10.923647517555596,-0.061857730634933494,True
2015-11-05 01:00:00,10.919969744567174,-0.061857730634933494,True
2016-11-15 12:00:00,10.928630267818328,-0.061857730634933494,True
2015-01-02 10:00:00,10.927585367166458,-0.061857730634933494,True
2014-12-08 18:00:00,10.92904411065649,-0.061857730634933494,True
2013-12-06 14:00:00,11.054019973019022,-0.06158499623301672,True
2013-12-05 21:00:00,11.083490432145576,-0.06158499623301672,True
2013-12-06 20:00:00,11.051360044670847,-0.06158499623301672,True
2015-11-27 11:00:00,11.096387998972554,-0.06158499623301672,True
2016-11-19 17:00:00,11.051596186639207,-0.06158499623301672,True
2015-11-26 16:00:00,11.050918682739065,-0.06158499623301672,True
2016-01-01 10:00:00,11.081470425400749,-0.06158499623301672,True
2016-11-19 12:00:00,11.051833158549972,-0.06158499623301672,True
2017-12-11 21:00:00,11.051304093139626,-0.06158499623301672,True
2016-11-26 11:00:00,11.049980683448354,-0.06158499623301672,True
2015-12-29 23:00:00,11.09918874612691,-0.06158499623301672,True
2013-12-30 19:00:00,11.046478791977158,-0.06158499623301672,True
2015-12-30 08:00:00,11.08955297090954,-0.06158499623301672,True
2017-01-09 07:00:00,11.048549638866277,-0.06158499623301672,True
2015-12-10 10:00:00,11.096990818775032,-0.06158499623301672,True
2014-01-04 09:00:00,11.08410814748654,-0.06158499623301672,True
2015-12-08 06:00:00,11.099406438739695,-0.06158499623301672,True
2015-12-10 23:00:00,11.102640601189348,-0.06158499623301672,True
2015-12-11 09:00:00,11.048028320327836,-0.06158499623301672,True
2015-12-07 04:00:00,11.085650002815454,-0.06158499623301672,True
2014-12-11 02:00:00,11.088293298658614,-0.06158499623301672,True
2014-01-12 12:00:00,11.096237115160667,-0.06158499623301672,True
2014-12-10 09:00:00,11.047328099687364,-0.06158499623301672,True
2013-12-05 09:00:00,11.050328808789232,-0.06158499623301672,True
2015-01-08 03:00:00,11.046291821959151,-0.06158499623301672,True
2015-12-26 15:00:00,11.043791820399491,-0.06158499623301672,True
2015-12-28 14:00:00,11.05333966711785,-0.06158499623301672,True
2014-12-28 15:00:00,11.086786409471571,-0.06158499623301672,True
2016-01-21 04:00:00,11.096944681048392,-0.06158499623301672,True
2017-12-13 01:00:00,11.043720441736404,-0.06158499623301672,True
2017-12-28 05:00:00,11.095600650462696,-0.06158499623301672,True
2015-12-14 22:00:00,11.046243297237902,-0.06158499623301672,True
2014-12-08 21:00:00,11.091440237443573,-0.06158499623301672,True
2015-12-24 11:00:00,11.090265215072169,-0.06158499623301672,True
2013-11-17 23:00:00,11.096957490219973,-0.06158499623301672,True
2017-01-09 10:00:00,11.045608974407855,-0.06158499623301672,True
2015-12-23 03:00:00,11.080656165508556,-0.06158499623301672,True
2014-01-11 10:00:00,11.096470046226903,-0.06158499623301672,True
2015-01-01 00:00:00,11.080555138543971,-0.06158499623301672,True
2014-12-09 07:00:00,11.043445427891962,-0.06158499623301672,True
2014-12-09 23:00:00,11.044986403677711,-0.06158499623301672,True
2014-11-23 23:00:00,11.091205646406513,-0.06158499623301672,True
2016-01-12 02:00:00,11.08810124545233,-0.06158499623301672,True
2016-01-11 21:00:00,11.091005050661389,-0.06158499623301672,True
2017-01-20 04:00:00,11.095925348771551,-0.06158499623301672,True
2016-10-28 14:00:00,11.046862603057429,-0.06158499623301672,True
2018-01-23 19:00:00,11.092854395955094,-0.06158499623301672,True
2014-01-12 07:00:00,11.08387830966492,-0.06158499623301672,True
2014-01-12 06:00:00,11.051408145164745,-0.06158499623301672,True
2016-10-31 15:00:00,11.102028149309437,-0.06158499623301672,True
2016-11-15 07:00:00,11.094938080376863,-0.06158499623301672,True
2009-03-20 17:00:00,0.4779046208404907,-0.06143892641709536,True
2013-03-20 09:00:00,0.4779046208404907,-0.06143892641709536,True
2013-03-21 22:00:00,0.4779046208404907,-0.06143892641709536,True
2013-03-24 14:00:00,0.4779046208404907,-0.06143892641709536,True
2013-03-24 15:00:00,0.4779046208404907,-0.06143892641709536,True
2018-05-11 10:00:00,0.4779046208404907,-0.06143892641709536,True
2013-03-21 23:00:00,0.4779046208404907,-0.06143892641709536,True
2013-03-22 00:00:00,0.4779046208404907,-0.06143892641709536,True
2017-05-13 08:00:00,0.4779046208404907,-0.06143892641709536,True
2017-07-19 05:00:00,0.4779046208404907,-0.06143892641709536,True
2017-05-07 23:00:00,0.4779046208404907,-0.06143892641709536,True
2017-05-09 07:00:00,0.4779046208404907,-0.06143892641709536,True
2017-05-10 21:00:00,0.4779046208404907,-0.06143892641709536,True
2017-05-12 09:00:00,0.4779046208404907,-0.06143892641709536,True
2013-03-22 02:00:00,0.4779046208404907,-0.06143892641709536,True
2014-04-30 20:00:00,0.4779046208404907,-0.06143892641709536,True
2015-08-04 04:00:00,0.4779046208404907,-0.06143892641709536,True
2015-08-05 22:00:00,0.4779046208404907,-0.06143892641709536,True
2015-08-10 13:00:00,0.4779046208404907,-0.06143892641709536,True
2016-07-30 13:00:00,0.4779046208404907,-0.06143892641709536,True
2016-07-31 14:00:00,0.4779046208404907,-0.06143892641709536,True
2009-03-20 02:00:00,0.4779046208404907,-0.06143892641709536,True
2009-05-10 22:00:00,0.4779046208404907,-0.06143892641709536,True
2009-03-23 04:00:00,0.4779046208404907,-0.06143892641709536,True
2013-03-22 01:00:00,0.4779046208404907,-0.06143892641709536,True
2014-08-01 05:00:00,0.4779046208404907,-0.06143892641709536,True
2014-08-01 22:00:00,0.4779046208404907,-0.06143892641709536,True
2014-08-02 18:00:00,0.4779046208404907,-0.06143892641709536,True
2014-08-03 16:00:00,0.4779046208404907,-0.06143892641709536,True
2014-08-13 10:00:00,0.4779046208404907,-0.06143892641709536,True
2009-03-18 05:00:00,0.4779046208404907,-0.06143892641709536,True
2009-03-18 07:00:00,0.4779046208404907,-0.06143892641709536,True
2012-07-31 01:00:00,0.4779046208404907,-0.06143892641709536,True
2012-08-02 00:00:00,0.4779046208404907,-0.06143892641709536,True
2014-07-31 14:00:00,0.4779046208404907,-0.06143892641709536,True
2014-03-24 18:00:00,0.4779046208404907,-0.06143892641709536,True
2014-04-30 23:00:00,0.4779046208404907,-0.06143892641709536,True
2014-05-01 00:00:00,0.4779046208404907,-0.06143892641709536,True
2014-05-11 11:00:00,0.4779046208404907,-0.06143892641709536,True
2009-08-09 09:00:00,0.4779046208404907,-0.06143892641709536,True
2016-05-13 04:00:00,0.4779046208404907,-0.06143892641709536,True
2016-05-14 10:00:00,0.4779046208404907,-0.06143892641709536,True
2014-04-30 13:00:00,0.4779046208404907,-0.06143892641709536,True
2014-04-30 14:00:00,0.4779046208404907,-0.06143892641709536,True
2014-04-30 16:00:00,0.4779046208404907,-0.06143892641709536,True
2014-04-30 17:00:00,0.4779046208404907,-0.06143892641709536,True
2014-04-30 18:00:00,0.4779046208404907,-0.06143892641709536,True
2012-07-24 09:00:00,0.4779046208404907,-0.06143892641709536,True
2012-07-28 09:00:00,0.4779046208404907,-0.06143892641709536,True
2018-09-13 04:00:00,0.4779046208404907,-0.06143892641709536,True
2016-07-29 10:00:00,0.4779046208404907,-0.06143892641709536,True
2014-09-20 00:00:00,0.4779046208404907,-0.06143892641709536,True
2014-09-22 19:00:00,0.4779046208404907,-0.06143892641709536,True
2014-09-21 01:00:00,0.4779046208404907,-0.06143892641709536,True
2014-09-18 23:00:00,0.4779046208404907,-0.06143892641709536,True
2012-07-30 08:00:00,0.4779046208404907,-0.06143892641709536,True
2011-08-03 11:00:00,0.4779046208404907,-0.06143892641709536,True
2012-07-29 07:00:00,0.4779046208404907,-0.06143892641709536,True
2012-07-30 13:00:00,0.4779046208404907,-0.06143892641709536,True
2015-05-14 06:00:00,0.4779046208404907,-0.06143892641709536,True
2015-05-13 07:00:00,0.4779046208404907,-0.06143892641709536,True
2009-03-21 05:00:00,0.4779046208404907,-0.06143892641709536,True
2015-08-01 07:00:00,0.4779046208404907,-0.06143892641709536,True
2011-07-23 22:00:00,0.4779046208404907,-0.06143892641709536,True
2016-05-21 07:00:00,0.4779046208404907,-0.06143892641709536,True
2009-03-23 15:00:00,0.4779046208404907,-0.06143892641709536,True
2009-03-24 01:00:00,0.4779046208404907,-0.06143892641709536,True
2015-08-02 18:00:00,0.4779046208404907,-0.06143892641709536,True
2015-07-27 02:00:00,0.4779046208404907,-0.06143892641709536,True
2015-05-16 07:00:00,0.4779046208404907,-0.06143892641709536,True
2014-04-30 22:00:00,0.4779046208404907,-0.06143892641709536,True
2014-04-30 21:00:00,0.4779046208404907,-0.06143892641709536,True
2010-08-11 22:00:00,0.4779046208404907,-0.06143892641709536,True
2009-08-10 06:00:00,0.4779046208404907,-0.06143892641709536,True
2009-08-08 08:00:00,0.4779046208404907,-0.06143892641709536,True
2010-08-10 21:00:00,0.4779046208404907,-0.06143892641709536,True
2009-08-12 23:00:00,0.4779046208404907,-0.06143892641709536,True
2009-08-08 01:00:00,0.4779046208404907,-0.06143892641709536,True
2014-07-29 07:00:00,0.4779046208404907,-0.06143892641709536,True
2014-05-14 03:00:00,0.4779046208404907,-0.06143892641709536,True
2013-08-02 20:00:00,0.4779046208404907,-0.06143892641709536,True
2013-09-15 10:00:00,0.4779046208404907,-0.06143892641709536,True
2014-07-30 06:00:00,0.4779046208404907,-0.06143892641709536,True
2014-07-13 00:00:00,0.4779046208404907,-0.06143892641709536,True
2014-05-16 02:00:00,0.4779046208404907,-0.06143892641709536,True
2014-09-15 22:00:00,0.4779046208404907,-0.06143892641709536,True
2013-09-20 01:00:00,0.4779046208404907,-0.06143892641709536,True
2013-09-14 12:00:00,0.4779046208404907,-0.06143892641709536,True
2013-08-03 06:00:00,0.4779046208404907,-0.06143892641709536,True
2013-09-20 09:00:00,0.4779046208404907,-0.06143892641709536,True
2013-09-20 02:00:00,0.4779046208404907,-0.06143892641709536,True
2014-03-25 13:00:00,0.4779046208404907,-0.06143892641709536,True
2013-09-18 22:00:00,0.4779046208404907,-0.06143892641709536,True
2013-09-18 04:00:00,0.4779046208404907,-0.06143892641709536,True
2013-09-16 23:00:00,0.4779046208404907,-0.06143892641709536,True
2013-09-16 10:00:00,0.4779046208404907,-0.06143892641709536,True
2017-08-08 08:00:00,0.4779046208404907,-0.06143892641709536,True
2009-03-18 08:00:00,0.4779046208404907,-0.06143892641709536,True
2009-03-18 09:00:00,0.4779046208404907,-0.06143892641709536,True
2009-03-19 04:00:00,0.4779046208404907,-0.06143892641709536,True
2017-08-03 15:00:00,0.4779046208404907,-0.06143892641709536,True
2011-07-25 16:00:00,0.4779046208404907,-0.06143892641709536,True
2011-07-25 21:00:00,0.4779046208404907,-0.06143892641709536,True
2014-04-27 21:00:00,0.4779046208404907,-0.06143892641709536,True
2013-04-29 16:00:00,0.4779046208404907,-0.06143892641709536,True
2014-04-29 18:00:00,0.4779046208404907,-0.06143892641709536,True
2013-05-14 08:00:00,0.4779046208404907,-0.06143892641709536,True
2013-04-27 00:00:00,0.4779046208404907,-0.06143892641709536,True
2013-05-04 19:00:00,0.4779046208404907,-0.06143892641709536,True
2013-04-30 19:00:00,0.4779046208404907,-0.06143892641709536,True
2013-05-05 12:00:00,0.4779046208404907,-0.06143892641709536,True
2013-05-13 20:00:00,0.4779046208404907,-0.06143892641709536,True
2009-03-21 17:00:00,0.4779046208404907,-0.06143892641709536,True
2015-07-29 01:00:00,0.4779046208404907,-0.06143892641709536,True
2009-03-22 06:00:00,0.4779046208404907,-0.06143892641709536,True
2015-05-11 21:00:00,0.4779046208404907,-0.06143892641709536,True
2013-07-29 08:00:00,0.4779046208404907,-0.06143892641709536,True
2015-05-10 15:00:00,0.4779046208404907,-0.06143892641709536,True
2011-07-30 09:00:00,0.4779046208404907,-0.06143892641709536,True
2011-07-27 00:00:00,0.4779046208404907,-0.06143892641709536,True
2013-09-20 12:00:00,0.4779046208404907,-0.06143892641709536,True
2013-07-24 10:00:00,0.4779046208404907,-0.06143892641709536,True
2013-07-27 02:00:00,0.4779046208404907,-0.06143892641709536,True
2013-08-06 03:00:00,0.4779046208404907,-0.06143892641709536,True
2013-07-31 17:00:00,0.4779046208404907,-0.06143892641709536,True
2011-07-21 16:00:00,0.4779046208404907,-0.06143892641709536,True
2011-07-18 14:00:00,0.4779046208404907,-0.06143892641709536,True
2017-08-08 20:00:00,0.4779046208404907,-0.06143892641709536,True
2016-08-01 21:00:00,0.4779046208404907,-0.06143892641709536,True
2016-08-03 20:00:00,0.4779046208404907,-0.06143892641709536,True
2018-09-07 07:00:00,0.4779046208404907,-0.06143892641709536,True
2010-08-10 19:00:00,0.4779046208404907,-0.06143892641709536,True
2016-05-07 08:00:00,0.4779046208404907,-0.06143892641709536,True
2016-05-09 06:00:00,0.4779046208404907,-0.06143892641709536,True
2009-04-30 23:00:00,0.4779046208404907,-0.06143892641709536,True
2009-05-02 12:00:00,0.4779046208404907,-0.06143892641709536,True
2009-05-02 17:00:00,0.4779046208404907,-0.06143892641709536,True
2009-08-08 11:00:00,0.4779046208404907,-0.06143892641709536,True
2016-08-06 07:00:00,0.4779046208404907,-0.06143892641709536,True
2009-03-17 23:00:00,0.4779046208404907,-0.06143892641709536,True
2009-03-18 04:00:00,0.4779046208404907,-0.06143892641709536,True
2014-03-18 07:00:00,0.4779046208404907,-0.06143892641709536,True
2014-03-15 22:00:00,0.4779046208404907,-0.06143892641709536,True
2015-05-12 12:00:00,0.4779046208404907,-0.06143892641709536,True
2017-08-01 06:00:00,0.4779046208404907,-0.06143892641709536,True
2017-08-03 00:00:00,0.4779046208404907,-0.06143892641709536,True
2017-08-04 20:00:00,0.4779046208404907,-0.06143892641709536,True
2014-03-20 12:00:00,0.4779046208404907,-0.06143892641709536,True
2014-03-24 08:00:00,0.4779046208404907,-0.06143892641709536,True
2014-05-01 01:00:00,0.4779046208404907,-0.06143892641709536,True
2013-03-22 03:00:00,0.4779046208404907,-0.06143892641709536,True
2017-07-30 05:00:00,0.4779046208404907,-0.06143892641709536,True
2013-03-16 09:00:00,0.4779046208404907,-0.06143892641709536,True
2014-05-13 15:00:00,0.4779046208404907,-0.06143892641709536,True
2014-08-14 10:00:00,0.4779046208404907,-0.06143892641709536,True
2017-07-17 11:00:00,0.4779046208404907,-0.06143892641709536,True
2009-03-19 05:00:00,0.4779046208404907,-0.06143892641709536,True
2010-08-09 23:00:00,0.4779046208404907,-0.06143892641709536,True
2009-03-20 01:00:00,0.4779046208404907,-0.06143892641709536,True
2009-03-19 06:00:00,0.4779046208404907,-0.06143892641709536,True
2018-09-14 04:00:00,0.4779046208404907,-0.06143892641709536,True
2018-06-30 09:00:00,0.4779046208404907,-0.06143892641709536,True
2018-09-15 00:00:00,0.4779046208404907,-0.06143892641709536,True
2018-09-08 08:00:00,0.4779046208404907,-0.06143892641709536,True
2018-09-10 16:00:00,0.4779046208404907,-0.06143892641709536,True
2018-09-11 02:00:00,0.4779046208404907,-0.06143892641709536,True
2018-09-11 17:00:00,0.4779046208404907,-0.06143892641709536,True
2013-03-22 05:00:00,0.4779046208404907,-0.06143892641709536,True
2018-09-14 05:00:00,0.4779046208404907,-0.06143892641709536,True
2014-09-12 22:00:00,0.4779046208404907,-0.06143892641709536,True
2018-09-09 20:00:00,0.4779046208404907,-0.06143892641709536,True
2018-09-06 16:00:00,0.4779046208404907,-0.06143892641709536,True
2014-04-30 19:00:00,0.4779046208404907,-0.06143892641709536,True
2014-05-14 08:00:00,0.4779046208404907,-0.06143892641709536,True
2014-12-27 19:00:00,10.935179968167878,-0.06143445418946003,True
2015-11-06 23:00:00,10.936042727541103,-0.06143445418946003,True
2016-01-21 21:00:00,10.938895080773044,-0.06143445418946003,True
2012-11-26 14:00:00,10.936518960535944,-0.06143445418946003,True
2014-01-21 19:00:00,10.937628951965175,-0.06143445418946003,True
2017-12-31 08:00:00,10.932936936873348,-0.06143445418946003,True
2015-12-16 01:00:00,10.93212666980421,-0.06143445418946003,True
2014-12-11 01:00:00,10.935059203175962,-0.06143445418946003,True
2014-12-26 16:00:00,10.931920230418903,-0.06143445418946003,True
2015-12-21 04:00:00,10.938733345351,-0.06143445418946003,True
2015-12-07 06:00:00,10.934345425539274,-0.06143445418946003,True
2015-01-02 05:00:00,10.93421535394758,-0.06143445418946003,True
2015-12-07 01:00:00,10.932664106688216,-0.06143445418946003,True
2015-12-07 23:00:00,10.931391266462915,-0.06143445418946003,True
2014-12-13 18:00:00,10.93587554843694,-0.06143445418946003,True
2014-12-14 11:00:00,10.932431557185817,-0.06143445418946003,True
2015-11-27 16:00:00,10.935600261326714,-0.06143445418946003,True
2015-12-20 03:00:00,10.93880093774049,-0.06143445418946003,True
2015-12-20 23:00:00,11.070919563507587,-0.06116190425349666,True
2014-11-01 01:00:00,11.07694578891646,-0.06116190425349666,True
2015-11-27 05:00:00,11.07871301561795,-0.06116190425349666,True
2015-12-18 07:00:00,11.010348894283895,-0.06116190425349666,True
2014-01-02 04:00:00,11.077982665277434,-0.06116190425349666,True
2015-11-18 06:00:00,11.071185288353073,-0.06116190425349666,True
2016-11-09 16:00:00,11.07737103641736,-0.06116190425349666,True
2014-12-13 10:00:00,11.070242545463367,-0.06116190425349666,True
2014-12-12 22:00:00,11.071338584889302,-0.06116190425349666,True
2014-01-16 12:00:00,11.071788166473803,-0.06116190425349666,True
2013-12-06 15:00:00,11.077893005013683,-0.06116190425349666,True
2015-12-15 22:00:00,11.069663597070576,-0.06116190425349666,True
2014-01-05 07:00:00,11.07617252365734,-0.06116190425349666,True
2015-12-22 02:00:00,11.079122154558632,-0.06116190425349666,True
2015-01-24 13:00:00,11.076724610333777,-0.06116190425349666,True
2015-12-25 16:00:00,11.011482219534477,-0.06116190425349666,True
2016-01-16 13:00:00,11.07851557096408,-0.06116190425349666,True
2014-12-27 17:00:00,11.010637673472743,-0.06116190425349666,True
2014-12-30 02:00:00,11.075257202745336,-0.06116190425349666,True
2015-12-07 03:00:00,11.010775082941969,-0.06116190425349666,True
2015-12-06 13:00:00,11.069642352973666,-0.06116190425349666,True
2015-11-10 00:00:00,11.069535433337077,-0.06116190425349666,True
2016-01-10 12:00:00,11.075638789925694,-0.06116190425349666,True
2014-01-11 09:00:00,11.071809840670603,-0.06116190425349666,True
2016-01-17 01:00:00,11.109333093533094,-0.060739098435402594,True
2014-01-16 14:00:00,11.110029111619568,-0.060739098435402594,True
2016-11-19 01:00:00,11.111242780228322,-0.060739098435402594,True
2015-12-13 03:00:00,11.1113105544369,-0.060739098435402594,True
2013-12-06 02:00:00,11.106300261045098,-0.060739098435402594,True
2013-12-06 10:00:00,11.10553881493128,-0.060739098435402594,True
2015-11-12 01:00:00,11.106476788082432,-0.060739098435402594,True
2016-01-12 12:00:00,11.1062573966491,-0.060739098435402594,True
2012-11-26 02:00:00,11.110492006892274,-0.060739098435402594,True
2015-01-25 03:00:00,11.10379099261147,-0.060739098435402594,True
2015-12-22 17:00:00,11.112129961272284,-0.060739098435402594,True
2015-12-24 09:00:00,10.552196375330691,-0.05955682004905338,True
2017-12-31 10:00:00,10.552374263474409,-0.05955682004905338,True
2014-12-22 06:00:00,10.5518075656806,-0.05955682004905338,True
2015-01-29 11:00:00,10.557747239645217,-0.05955682004905338,True
2011-11-11 09:00:00,10.552341028037215,-0.05955682004905338,True
2015-12-12 09:00:00,10.556579043554333,-0.05955682004905338,True
2016-01-16 12:00:00,10.538159828699364,-0.059135099841670535,True
2016-11-27 04:00:00,10.546457915772448,-0.059135099841670535,True
2014-12-27 09:00:00,10.53680355269862,-0.059135099841670535,True
2014-12-09 19:00:00,10.549159346094106,-0.059135099841670535,True
2015-11-30 04:00:00,10.545783665400824,-0.059135099841670535,True
2016-01-06 19:00:00,10.554177757833038,-0.059135099841670535,True
2011-11-11 02:00:00,10.54911957845277,-0.059135099841670535,True
2015-11-02 23:00:00,10.553640144550489,-0.059135099841670535,True
2016-11-26 13:00:00,10.54714427526342,-0.059135099841670535,True
2013-12-29 21:00:00,10.541763382925197,-0.059135099841670535,True
2013-12-08 13:00:00,10.54121270679422,-0.059135099841670535,True
2014-01-02 17:00:00,10.536575177714033,-0.059135099841670535,True
2014-12-14 23:00:00,10.538366054424744,-0.059135099841670535,True
2014-12-14 09:00:00,10.539360306725277,-0.059135099841670535,True
2014-12-28 07:00:00,10.539778297520895,-0.059135099841670535,True
2015-12-20 20:00:00,10.54479527038691,-0.059135099841670535,True
2014-12-24 15:00:00,10.549813503010611,-0.059135099841670535,True
2015-12-22 14:00:00,10.537345995987048,-0.059135099841670535,True
2014-01-21 11:00:00,10.539596538074344,-0.059135099841670535,True
2013-12-31 19:00:00,10.538490572898262,-0.059135099841670535,True
2013-11-18 01:00:00,10.541435509573992,-0.059135099841670535,True
2016-11-20 01:00:00,10.553174216099125,-0.059135099841670535,True
2014-01-02 07:00:00,10.54234549884288,-0.059135099841670535,True
2016-10-31 17:00:00,10.553453216957166,-0.059135099841670535,True
2013-11-17 17:00:00,10.548697879889346,-0.059135099841670535,True
2016-01-10 05:00:00,10.536700853295,-0.059135099841670535,True
2014-12-30 20:00:00,10.54796582767363,-0.059135099841670535,True
2014-12-12 04:00:00,10.552890093426017,-0.059135099841670535,True
2013-12-29 11:00:00,10.533031421515668,-0.0587136648679053,True
2015-01-17 05:00:00,10.535643188765766,-0.0587136648679053,True
2017-12-27 15:00:00,10.531865410148257,-0.0587136648679053,True
2014-12-13 17:00:00,10.53345916030016,-0.0587136648679053,True
2013-10-30 22:00:00,10.531326939446052,-0.0587136648679053,True
2014-01-15 20:00:00,10.47428325787217,-0.0586915051191248,True
2013-12-12 02:00:00,10.477316412882312,-0.0586915051191248,True
2013-11-17 14:00:00,10.471492283316922,-0.0586915051191248,True
2014-11-23 05:00:00,10.471376864972177,-0.0586915051191248,True
2013-12-13 08:00:00,10.474708904388113,-0.0586915051191248,True
2015-01-01 04:00:00,10.475372460294208,-0.0586915051191248,True
2015-01-22 22:00:00,10.477856841103751,-0.0586915051191248,True
2013-12-08 04:00:00,10.477959155976457,-0.0586915051191248,True
2011-11-09 03:00:00,10.474412286726734,-0.0586915051191248,True
2011-11-11 22:00:00,10.472871780927717,-0.0586915051191248,True
2014-12-25 11:00:00,10.473307257555378,-0.0586915051191248,True
2013-11-12 08:00:00,10.477392653806683,-0.0586915051191248,True
2015-10-19 22:00:00,10.496607188097974,-0.05829251493483778,True
2014-10-28 00:00:00,10.503831548416304,-0.05829251493483778,True
2014-12-10 02:00:00,10.502115593882454,-0.05829251493483778,True
2017-12-13 02:00:00,10.501633716361162,-0.05829251493483778,True
2014-12-17 03:00:00,10.501088616223448,-0.05829251493483778,True
2015-12-09 20:00:00,10.495793382471192,-0.05829251493483778,True
2018-01-25 21:00:00,10.493618681123548,-0.05829251493483778,True
2014-12-20 17:00:00,10.50944661690564,-0.05829251493483778,True
2016-01-11 02:00:00,10.498120917875438,-0.05829251493483778,True
2015-12-28 15:00:00,10.498002762949806,-0.05829251493483778,True
2014-12-10 00:00:00,10.503738141191874,-0.05829251493483778,True
2014-12-30 10:00:00,10.505553643719242,-0.05829251493483778,True
2014-01-13 20:00:00,10.502036742296696,-0.05829251493483778,True
2011-11-12 03:00:00,10.52441343466282,-0.05829251493483778,True
2013-11-12 06:00:00,10.494208691535636,-0.05829251493483778,True
2015-12-23 01:00:00,10.50438103251146,-0.05829251493483778,True
2014-12-19 09:00:00,10.500936080735444,-0.05829251493483778,True
2011-11-11 17:00:00,10.507985338153013,-0.05829251493483778,True
2015-12-14 20:00:00,10.498546791076944,-0.05829251493483778,True
2011-11-10 06:00:00,10.523883758734277,-0.05829251493483778,True
2011-11-09 20:00:00,10.49630883690416,-0.05829251493483778,True
2013-12-12 15:00:00,10.506138951001864,-0.05829251493483778,True
2015-12-19 18:00:00,10.504071097794728,-0.05829251493483778,True
2015-12-11 11:00:00,10.50042854189718,-0.05829251493483778,True
2011-11-10 14:00:00,10.49566804418395,-0.05829251493483778,True
2013-12-28 18:00:00,10.505631482593948,-0.05829251493483778,True
2015-01-16 05:00:00,10.523677110676926,-0.05829251493483778,True
2015-01-29 04:00:00,10.50147396136284,-0.05829251493483778,True
2015-11-28 09:00:00,10.523952025872305,-0.05829251493483778,True
2015-01-02 00:00:00,10.482723509909151,-0.05827037017396919,True
2014-11-01 02:00:00,10.480930400241284,-0.05827037017396919,True
2011-11-10 19:00:00,10.47967848878816,-0.05827037017396919,True
2018-01-03 02:00:00,10.48331462062577,-0.05827037017396919,True
2015-10-27 02:00:00,10.481395325885993,-0.05827037017396919,True
2015-12-29 03:00:00,10.482446499526665,-0.05827037017396919,True
2013-12-11 16:00:00,10.48071021242777,-0.05827037017396919,True
2016-01-24 07:00:00,10.479309906376796,-0.05827037017396919,True
2015-12-09 15:00:00,10.482743768192234,-0.05827037017396919,True
2014-01-01 17:00:00,10.520661466300432,-0.05787164984967863,True
2014-12-17 13:00:00,10.527350169405162,-0.05787164984967863,True
2016-11-19 06:00:00,10.529125978973036,-0.05787164984967863,True
2014-12-17 08:00:00,10.530174854680697,-0.05787164984967863,True
2013-12-11 17:00:00,10.515181212448764,-0.05787164984967863,True
2011-11-12 07:00:00,10.516107728098246,-0.05787164984967863,True
2011-11-12 08:00:00,10.520813158982902,-0.05787164984967863,True
2014-01-04 04:00:00,10.519566087101756,-0.05787164984967863,True
2013-12-10 14:00:00,10.526530353323674,-0.05787164984967863,True
2018-01-10 04:00:00,10.519989788878789,-0.05787164984967863,True
2013-12-09 11:00:00,10.521585246075713,-0.05787164984967863,True
2016-01-21 06:00:00,10.524890256074263,-0.05787164984967863,True
2015-12-22 09:00:00,10.513885715973274,-0.05787164984967863,True
2014-11-25 13:00:00,10.528244521090672,-0.05787164984967863,True
2014-12-18 11:00:00,10.516919368777453,-0.05787164984967863,True
2014-01-16 02:00:00,10.515901189184325,-0.05787164984967863,True
2015-12-13 20:00:00,10.512381943490928,-0.05787164984967863,True
2016-01-21 03:00:00,10.5151148039534,-0.05787164984967863,True
2013-12-14 21:00:00,10.518616678805758,-0.05787164984967863,True
2013-12-14 06:00:00,10.514198842970512,-0.05787164984967863,True
2015-01-20 00:00:00,10.529742664913076,-0.05787164984967863,True
2016-11-04 15:00:00,10.512940457788863,-0.05787164984967863,True
2015-12-17 02:00:00,10.529222459227029,-0.05787164984967863,True
2015-12-12 12:00:00,10.517185124364756,-0.05787164984967863,True
2014-11-01 03:00:00,10.525683115313424,-0.05787164984967863,True
2009-03-18 02:00:00,0.4797171684169546,-0.05767694388510969,True
2009-03-18 06:00:00,0.4798178655045359,-0.05767694388510969,True
2013-06-14 14:00:00,0.4797171684169546,-0.05767694388510969,True
2016-05-10 07:00:00,0.4797171684169546,-0.05767694388510969,True
2016-05-15 03:00:00,0.4797171684169546,-0.05767694388510969,True
2009-08-13 09:00:00,0.4835436577450452,-0.05767694388510969,True
2015-07-20 10:00:00,0.4798178655045359,-0.05767694388510969,True
2013-09-18 03:00:00,0.4797171684169546,-0.05767694388510969,True
2016-05-10 21:00:00,0.4798178655045359,-0.05767694388510969,True
2012-07-27 11:00:00,0.4798178655045359,-0.05767694388510969,True
2011-08-28 10:00:00,0.4789274883829304,-0.05767694388510969,True
2011-07-21 11:00:00,0.4797171684169546,-0.05767694388510969,True
2013-03-18 13:00:00,0.4797171684169546,-0.05767694388510969,True
2018-08-01 07:00:00,0.4797171684169546,-0.05767694388510969,True
2015-05-02 10:00:00,0.4797171684169546,-0.05767694388510969,True
2015-09-19 00:00:00,0.4798178655045359,-0.05767694388510969,True
2016-07-16 14:00:00,0.4797171684169546,-0.05767694388510969,True
2018-09-14 00:00:00,0.4798178655045359,-0.05767694388510969,True
2018-09-14 07:00:00,0.4797171684169546,-0.05767694388510969,True
2014-09-17 10:00:00,0.4797171684169546,-0.05767694388510969,True
2014-05-13 10:00:00,0.4797171684169546,-0.05767694388510969,True
2014-03-18 08:00:00,0.4797171684169546,-0.05767694388510969,True
2014-07-30 21:00:00,0.4798178655045359,-0.05767694388510969,True
2018-09-14 01:00:00,0.4798178655045359,-0.05767694388510969,True
2018-09-15 01:00:00,0.4797171684169546,-0.05767694388510969,True
2018-09-15 03:00:00,0.4797171684169546,-0.05767694388510969,True
2013-12-07 10:00:00,10.510688741889185,-0.05745106941976885,True
2013-12-30 17:00:00,10.510830643588688,-0.05745106941976885,True
2014-12-26 11:00:00,10.509719569985808,-0.05745106941976885,True
2015-11-19 09:00:00,10.483802964338803,-0.057291482995161847,True
2011-11-09 13:00:00,10.485743241746151,-0.057291482995161847,True
2015-11-27 09:00:00,10.484112110596524,-0.057291482995161847,True
2012-12-04 07:00:00,0.4812647112206832,-0.0572564951460357,True
2013-05-15 21:00:00,0.4802953701970265,-0.0572564951460357,True
2009-05-12 18:00:00,0.4827146286485609,-0.0572564951460357,True
2009-08-09 10:00:00,0.4815297159934186,-0.0572564951460357,True
2009-03-24 11:00:00,0.4817311101685812,-0.0572564951460357,True
2013-03-16 11:00:00,0.4833422635698825,-0.0572564951460357,True
2013-05-09 20:00:00,0.4833422635698825,-0.0572564951460357,True
2018-09-13 02:00:00,0.4833422635698825,-0.0572564951460357,True
2018-09-14 02:00:00,0.4833422635698825,-0.0572564951460357,True
2012-07-29 05:00:00,0.4851548111463464,-0.05674922748871325,True
2017-08-04 07:00:00,0.4869673587228103,-0.05674922748871325,True
2016-07-31 16:00:00,0.4851548111463464,-0.05674922748871325,True
2016-09-21 11:00:00,0.4851548111463464,-0.05674922748871325,True
2015-07-26 04:00:00,0.4851548111463464,-0.05674922748871325,True
2009-03-22 18:00:00,0.4869673587228103,-0.05674922748871325,True
2014-03-20 00:00:00,0.4855575994966717,-0.05674922748871325,True
2011-07-22 02:00:00,0.487470844160717,-0.05674922748871325,True
2013-09-13 16:00:00,0.4851548111463464,-0.05674922748871325,True
2009-05-11 03:00:00,0.4854569024090904,-0.05674922748871325,True
2010-05-03 17:00:00,0.487470844160717,-0.05674922748871325,True
2009-08-08 12:00:00,0.4851548111463464,-0.05674922748871325,True
2016-05-16 09:00:00,0.487470844160717,-0.05674922748871325,True
2016-09-15 21:00:00,0.4851548111463464,-0.05674922748871325,True
2015-05-14 01:00:00,0.4855575994966717,-0.05674922748871325,True
2013-06-11 12:00:00,0.4851548111463464,-0.05674922748871325,True
2016-07-24 19:00:00,0.4869673587228103,-0.05674922748871325,True
2009-05-02 14:00:00,0.4851548111463464,-0.05674922748871325,True
2014-12-27 20:00:00,10.46876505970354,-0.05669411950720171,True
2017-01-27 08:00:00,10.469337193467997,-0.05669411950720171,True
2015-12-26 18:00:00,10.46996374231046,-0.05669411950720171,True
2015-12-26 09:00:00,10.469839325030206,-0.05669411950720171,True
2018-01-15 20:00:00,10.490513386792308,-0.05631413579300826,True
2016-11-12 17:00:00,10.48696745522605,-0.05631413579300826,True
2015-12-19 08:00:00,10.489430030505035,-0.05631413579300826,True
2014-12-31 23:00:00,10.487450756965098,-0.05631413579300826,True
2015-11-10 07:00:00,10.468025799656711,-0.0550166862896756,True
2014-01-11 16:00:00,10.468420545139915,-0.0550166862896756,True
2015-11-20 11:00:00,10.468430480734078,-0.0550166862896756,True
2013-12-30 07:00:00,10.466706517927856,-0.0550166862896756,True
2015-12-13 00:00:00,10.467913053467088,-0.0550166862896756,True
2012-11-28 01:00:00,0.4919462318195645,-0.05498478964092268,True
2017-07-31 13:00:00,0.4924050014522021,-0.05498478964092268,True
2012-07-30 03:00:00,0.4905924538757382,-0.05498478964092268,True
2013-05-02 22:00:00,0.4912973334888075,-0.05498478964092268,True
2011-07-28 12:00:00,0.4887799062992742,-0.05498478964092268,True
2011-08-02 01:00:00,0.4924050014522021,-0.05498478964092268,True
2013-07-03 04:00:00,0.4887799062992742,-0.05498478964092268,True
2018-03-14 04:00:00,0.4887799062992742,-0.05498478964092268,True
2016-08-11 13:00:00,0.4882726461801052,-0.05498478964092268,True
2018-06-23 02:00:00,0.4905924538757382,-0.05498478964092268,True
2015-09-18 15:00:00,0.4901410075508465,-0.05498478964092268,True
2015-07-31 17:00:00,0.4887799062992742,-0.05498478964092268,True
2018-06-07 04:00:00,0.4905924538757382,-0.05498478964092268,True
2017-05-11 12:00:00,0.4924050014522021,-0.05498478964092268,True
2012-11-27 21:00:00,0.4885794139495215,-0.05498478964092268,True
2014-03-23 22:00:00,0.4924050014522021,-0.05498478964092268,True
2014-05-17 05:00:00,0.4924050014522021,-0.05498478964092268,True
2014-07-15 16:00:00,0.4924050014522021,-0.05498478964092268,True
2014-09-21 15:00:00,0.4924050014522021,-0.05498478964092268,True
2014-04-29 19:00:00,0.4924050014522021,-0.05498478964092268,True
2014-08-04 12:00:00,0.4893840888247622,-0.05498478964092268,True
2014-09-18 22:00:00,0.4912973334888075,-0.05498478964092268,True
2016-09-18 11:00:00,0.4888806033868556,-0.05498478964092268,True
2015-07-29 16:00:00,0.4912973334888075,-0.05498478964092268,True
2016-05-24 09:00:00,0.4887799062992742,-0.05498478964092268,True
2016-05-08 16:00:00,0.4887799062992742,-0.05498478964092268,True
2018-09-02 11:00:00,0.4905924538757382,-0.05498478964092268,True
2013-07-25 08:00:00,0.4887799062992743,-0.05498478964092268,True
2017-05-14 09:00:00,0.4887799062992742,-0.05498478964092268,True
2013-11-05 01:00:00,10.43616475212936,-0.054461191518484164,True
2013-12-29 13:00:00,10.439428186772972,-0.054461191518484164,True
2011-11-11 04:00:00,10.436257750359804,-0.054461191518484164,True
2011-11-10 04:00:00,10.439704563408965,-0.054461191518484164,True
2007-11-17 19:00:00,10.436193969827118,-0.054461191518484164,True
2017-11-28 01:00:00,10.438743696045194,-0.054461191518484164,True
2015-12-19 23:00:00,10.435198044094076,-0.054461191518484164,True
2014-12-20 15:00:00,10.434867108796142,-0.054461191518484164,True
2017-11-01 20:00:00,10.43317170594823,-0.054461191518484164,True
2016-11-07 20:00:00,10.432915819291662,-0.054461191518484164,True
2014-12-12 08:00:00,10.432488973659687,-0.054461191518484164,True
2015-01-01 09:00:00,10.432566872156796,-0.054461191518484164,True
2014-01-02 12:00:00,10.43652062446349,-0.054461191518484164,True
2013-10-28 23:00:00,10.43984569186058,-0.054461191518484164,True
2011-11-08 22:00:00,10.436272104289792,-0.054461191518484164,True
2014-01-21 13:00:00,10.438113826306768,-0.054461191518484164,True
2013-12-09 02:00:00,10.442023236540455,-0.0540429177775843,True
2014-12-27 10:00:00,10.443878276292155,-0.0540429177775843,True
2016-10-19 22:00:00,10.440548770011278,-0.0540429177775843,True
2013-12-12 07:00:00,10.441597075764625,-0.0540429177775843,True
2016-01-24 06:00:00,10.440278263860153,-0.0540429177775843,True
2015-12-22 15:00:00,10.442241751098637,-0.0540429177775843,True
2014-01-12 14:00:00,10.442798529289137,-0.0540429177775843,True
2014-12-30 05:00:00,10.449616959626152,-0.05362492693925858,True
2015-12-14 01:00:00,10.449630732265303,-0.05362492693925858,True
2014-12-13 00:00:00,10.455407495782524,-0.05362492693925858,True
2014-12-16 15:00:00,10.427913973372656,-0.05362492693925858,True
2016-10-17 23:00:00,10.448198049405253,-0.05362492693925858,True
2016-11-12 18:00:00,10.445630110956698,-0.05362492693925858,True
2014-12-17 20:00:00,10.45693532466051,-0.05362492693925858,True
2016-11-04 14:00:00,10.460189898967828,-0.05362492693925858,True
2016-11-12 12:00:00,10.461588683383871,-0.05362492693925858,True
2011-11-09 23:00:00,10.447978112096706,-0.05362492693925858,True
2014-12-27 14:00:00,10.445777657383957,-0.05362492693925858,True
2014-01-09 13:00:00,10.454305366518389,-0.05362492693925858,True
2014-11-25 11:00:00,10.455155627684372,-0.05362492693925858,True
2015-11-27 19:00:00,10.450616679133953,-0.05362492693925858,True
2014-01-21 22:00:00,10.461020281878197,-0.05362492693925858,True
2013-11-17 15:00:00,10.429208863415024,-0.05362492693925858,True
2014-01-11 11:00:00,10.451487525362984,-0.05362492693925858,True
2014-01-10 06:00:00,10.45989213581822,-0.05362492693925858,True
2015-12-12 14:00:00,10.427286739736072,-0.05362492693925858,True
2011-11-10 09:00:00,10.45451139202754,-0.05362492693925858,True
2015-12-13 05:00:00,10.44540364936604,-0.05362492693925858,True
2015-12-14 11:00:00,10.446696751433246,-0.05362492693925858,True
2014-12-17 10:00:00,10.451034901181815,-0.05362492693925858,True
2017-12-19 23:00:00,10.431111334120407,-0.05362492693925858,True
2016-01-22 16:00:00,10.45706754489978,-0.05362492693925858,True
2017-10-18 21:00:00,10.462739058507628,-0.05362492693925858,True
2011-11-09 08:00:00,10.46038122778238,-0.05362492693925858,True
2014-01-09 00:00:00,10.4528700784514,-0.05362492693925858,True
2013-12-27 12:00:00,10.4454851493864,-0.05362492693925858,True
2015-12-16 05:00:00,10.4638357232715,-0.05362492693925858,True
2013-12-07 13:00:00,10.462813897343809,-0.05362492693925858,True
2013-12-12 20:00:00,10.454567397201822,-0.05362492693925858,True
2014-12-22 09:00:00,10.465270468661435,-0.05362492693925858,True
2011-11-10 01:00:00,10.459069814860053,-0.05362492693925858,True
2013-12-14 16:00:00,10.4650578237866,-0.05362492693925858,True
2014-12-21 13:00:00,10.445735379489465,-0.05362492693925858,True
2015-12-25 01:00:00,10.453326993235708,-0.05362492693925858,True
2013-12-08 23:00:00,10.453066763086143,-0.05362492693925858,True
2015-01-30 02:00:00,10.427997355177226,-0.05362492693925858,True
2016-11-19 08:00:00,10.458154430615826,-0.05362492693925858,True
2014-12-24 17:00:00,10.446498874203463,-0.05362492693925858,True
2015-12-28 10:00:00,10.273963130800688,-0.05347423513945326,True
2016-11-15 03:00:00,10.275128137831723,-0.05347423513945326,True
2015-12-21 22:00:00,10.27547569918656,-0.05347423513945326,True
2013-11-23 05:00:00,10.274765877821396,-0.05347423513945326,True
2014-12-11 23:00:00,10.275928314243805,-0.05347423513945326,True
2016-01-20 11:00:00,10.27497455767501,-0.05347423513945326,True
2017-07-16 08:00:00,0.494217549028666,-0.05331197620599526,True
2013-06-30 12:00:00,0.494217549028666,-0.05331197620599526,True
2018-06-27 07:00:00,0.4942175490286661,-0.05331197620599526,True
2009-08-08 10:00:00,0.494217549028666,-0.05331197620599526,True
2011-07-30 22:00:00,0.4932105781528528,-0.05331197620599526,True
2016-05-16 04:00:00,0.4932105781528528,-0.05331197620599526,True
2013-07-25 06:00:00,0.49603009660513,-0.05289447974547057,True
2014-05-13 05:00:00,0.49603009660513,-0.05289447974547057,True
2013-08-07 02:00:00,0.49603009660513,-0.05289447974547057,True
2009-08-10 02:00:00,0.4945196402914099,-0.05289447974547057,True
2009-12-14 00:00:00,0.4956066544985158,-0.05289447974547057,True
2009-03-18 00:00:00,0.4946203373789914,-0.05289447974547057,True
2015-05-17 13:00:00,0.49603009660513,-0.05289447974547057,True
2018-05-13 09:00:00,0.49603009660513,-0.05289447974547057,True
2014-12-28 11:00:00,10.303541550120858,-0.052775747346408886,True
2015-11-27 12:00:00,10.30820151390322,-0.052775747346408886,True
2014-01-10 17:00:00,10.298018631273491,-0.052775747346408886,True
2014-10-30 00:00:00,10.306108172132276,-0.052775747346408886,True
2014-11-16 23:00:00,10.299995350753669,-0.052775747346408886,True
2015-12-27 02:00:00,10.30816441888655,-0.052775747346408886,True
2016-11-27 19:00:00,10.306102231686744,-0.052775747346408886,True
2017-11-28 08:00:00,10.298273445751642,-0.052775747346408886,True
2014-12-17 23:00:00,10.29735331363747,-0.052775747346408886,True
2014-12-13 01:00:00,10.304132708492848,-0.052775747346408886,True
2013-12-25 18:00:00,10.30373145600972,-0.052775747346408886,True
2014-12-16 20:00:00,10.298045077877957,-0.052775747346408886,True
2013-12-08 21:00:00,10.306941764011752,-0.052775747346408886,True
2014-12-29 17:00:00,10.307141340707394,-0.052775747346408886,True
2014-12-30 08:00:00,10.305521707317476,-0.052775747346408886,True
2013-12-28 23:00:00,10.306898903621509,-0.052775747346408886,True
2015-01-29 07:00:00,10.29791424043222,-0.052775747346408886,True
2016-01-20 22:00:00,10.299794526677644,-0.052775747346408886,True
2014-11-25 21:00:00,10.302246496933304,-0.052775747346408886,True
2014-12-20 20:00:00,10.305267950779257,-0.052775747346408886,True
2015-12-17 17:00:00,10.302149721093205,-0.052775747346408886,True
2015-11-20 16:00:00,10.306142169950288,-0.052775747346408886,True
2013-12-11 06:00:00,10.307114097404378,-0.052775747346408886,True
2017-11-28 06:00:00,10.303087062816555,-0.052775747346408886,True
2015-12-19 02:00:00,10.302676981840808,-0.052775747346408886,True
2016-11-07 22:00:00,10.305017489090543,-0.052775747346408886,True
2016-11-13 06:00:00,10.300776179426466,-0.052775747346408886,True
2014-10-25 00:00:00,10.270162887404174,-0.05263930517939819,True
2007-11-17 14:00:00,10.238226125337476,-0.05263930517939819,True
2012-01-30 04:00:00,10.2418404105391,-0.05263930517939819,True
2013-12-11 22:00:00,10.273155656661284,-0.05263930517939819,True
2014-12-18 13:00:00,10.270794664147074,-0.05263930517939819,True
2013-12-15 17:00:00,10.235478486687992,-0.05263930517939819,True
2011-11-13 06:00:00,10.238449159163215,-0.05263930517939819,True
2017-11-07 03:00:00,10.241516594821787,-0.05263930517939819,True
2016-01-11 09:00:00,10.239006300375388,-0.05263930517939819,True
2013-12-27 02:00:00,10.238958743067336,-0.05263930517939819,True
2017-01-27 06:00:00,10.27150491540398,-0.05263930517939819,True
2015-12-16 22:00:00,10.242112060833684,-0.05263930517939819,True
2013-11-30 20:00:00,10.237977780045304,-0.05263930517939819,True
2016-01-10 21:00:00,10.272055000751394,-0.05263930517939819,True
2014-12-15 12:00:00,10.239015390689296,-0.05263930517939819,True
2014-12-26 02:00:00,10.236504164638928,-0.05263930517939819,True
2014-12-29 05:00:00,10.272134353665514,-0.05263930517939819,True
2017-12-18 11:00:00,10.240342864464422,-0.05263930517939819,True
2014-12-10 12:00:00,10.239141959914368,-0.05263930517939819,True
2015-01-30 07:00:00,10.236891403419476,-0.05263930517939819,True
2013-12-31 03:00:00,10.238436062760142,-0.05263930517939819,True
2011-11-09 06:00:00,10.270108989912274,-0.05263930517939819,True
2014-11-18 22:00:00,10.238124327693354,-0.05263930517939819,True
2013-12-08 06:00:00,10.315329615844052,-0.05235861356828564,True
2015-12-21 12:00:00,10.292147916139577,-0.05235861356828564,True
2016-01-11 04:00:00,10.313024852370791,-0.05235861356828564,True
2015-12-15 23:00:00,10.315331196640944,-0.05235861356828564,True
2014-12-13 06:00:00,10.291953261454204,-0.05235861356828564,True
2013-12-28 03:00:00,10.294406255199922,-0.05235861356828564,True
2014-12-30 00:00:00,10.295711511570111,-0.05235861356828564,True
2013-12-14 11:00:00,10.292256832068777,-0.05235861356828564,True
2016-11-12 03:00:00,10.31609753409632,-0.05235861356828564,True
2013-11-23 19:00:00,10.293769322313224,-0.05235861356828564,True
2015-11-12 04:00:00,10.293554347566866,-0.05235861356828564,True
2014-12-30 03:00:00,10.29071374610645,-0.05235861356828564,True
2014-12-13 23:00:00,10.315102603695996,-0.05235861356828564,True
2014-12-18 04:00:00,10.292700583872742,-0.05235861356828564,True
2014-12-12 06:00:00,10.29523586657898,-0.05235861356828564,True
2015-11-05 04:00:00,10.292974339211648,-0.05235861356828564,True
2011-11-11 05:00:00,10.309469066864242,-0.05235861356828564,True
2014-12-23 12:00:00,10.315457671627414,-0.05235861356828564,True
2015-12-19 07:00:00,10.314014246066456,-0.05235861356828564,True
2015-12-18 15:00:00,10.296839256503048,-0.05235861356828564,True
2014-01-13 23:00:00,10.3095213303587,-0.05235861356828564,True
2014-01-01 19:00:00,10.295498875485755,-0.05235861356828564,True
2015-12-23 06:00:00,10.316812945948133,-0.05235861356828564,True
2015-12-24 19:00:00,10.295972526883183,-0.05235861356828564,True
2013-11-09 04:00:00,10.314063685459258,-0.05235861356828564,True
2015-12-23 12:00:00,10.316996810726613,-0.05235861356828564,True
2015-12-28 12:00:00,10.315884044686078,-0.05235861356828564,True
2015-01-30 00:00:00,10.314227074838266,-0.05235861356828564,True
2014-01-02 15:00:00,10.312859686561511,-0.05235861356828564,True
2014-12-11 05:00:00,10.31020044399634,-0.05235861356828564,True
2007-11-17 21:00:00,10.311338255932045,-0.05235861356828564,True
2011-11-12 02:00:00,10.313014567877936,-0.05235861356828564,True
2017-11-01 21:00:00,10.314712506495828,-0.05235861356828564,True
2016-10-31 16:00:00,10.309341264258569,-0.05235861356828564,True
2016-11-02 16:00:00,10.2920056647789,-0.05235861356828564,True
2016-01-19 21:00:00,10.416131210106856,-0.05223629693830811,True
2015-11-28 18:00:00,10.41548591670522,-0.05223629693830811,True
2016-11-29 03:00:00,10.417275711004873,-0.05223629693830811,True
2016-11-13 03:00:00,10.268870737202864,-0.05222226368495542,True
2015-11-03 03:00:00,10.234874922082367,-0.05222226368495542,True
2015-01-20 18:00:00,10.232925561259451,-0.05222226368495542,True
2014-01-15 02:00:00,10.26948465266261,-0.05222226368495542,True
2011-11-09 21:00:00,10.282519756847432,-0.05222226368495542,True
2013-12-13 18:00:00,10.280460751778447,-0.05222226368495542,True
2016-11-12 22:00:00,10.280413552314233,-0.05222226368495542,True
2016-11-13 08:00:00,10.269517519679956,-0.05222226368495542,True
2016-11-13 01:00:00,10.282963992663868,-0.05222226368495542,True
2017-11-28 16:00:00,10.279094989545731,-0.05222226368495542,True
2016-01-25 18:00:00,10.28231770247108,-0.05222226368495542,True
2018-01-13 01:00:00,10.279729673981272,-0.05222226368495542,True
2013-12-31 18:00:00,10.280123165363158,-0.05222226368495542,True
2014-12-27 15:00:00,10.280538503363458,-0.05222226368495542,True
2014-11-19 07:00:00,10.267016300229736,-0.05222226368495542,True
2014-12-28 12:00:00,10.282002674837251,-0.05222226368495542,True
2014-12-16 05:00:00,10.281218159068455,-0.05222226368495542,True
2013-12-28 13:00:00,10.283255291379238,-0.05222226368495542,True
2015-12-14 03:00:00,10.284267642465297,-0.05222226368495542,True
2015-11-10 09:00:00,10.27867699518166,-0.05222226368495542,True
2018-01-10 06:00:00,10.266930231542002,-0.05222226368495542,True
2015-12-23 02:00:00,10.234070281289032,-0.05222226368495542,True
2015-11-27 21:00:00,10.419195133346216,-0.05181952802150447,True
2015-12-14 15:00:00,10.419391588513646,-0.05181952802150447,True
2013-12-27 22:00:00,10.419310813049377,-0.05181952802150447,True
2018-01-13 02:00:00,10.422105902728182,-0.05181952802150447,True
2014-01-01 00:00:00,10.419032338867376,-0.05181952802150447,True
2016-11-07 21:00:00,10.424199811694049,-0.05181952802150447,True
2011-11-13 03:00:00,10.419654023130262,-0.05181952802150447,True
2015-11-20 04:00:00,10.421703731508437,-0.05181952802150447,True
2011-11-11 10:00:00,10.242739495176233,-0.051805504259647694,True
2011-11-10 13:00:00,10.285395828303145,-0.051805504259647694,True
2015-12-21 23:00:00,10.28657813802242,-0.051805504259647694,True
2014-12-20 12:00:00,10.277877443553042,-0.051805504259647694,True
2013-12-16 17:00:00,10.276500855789326,-0.051805504259647694,True
2014-12-11 13:00:00,10.27758982754898,-0.051805504259647694,True
2015-12-23 11:00:00,10.2627535805058,-0.051805504259647694,True
2014-12-13 16:00:00,10.24295284407686,-0.051805504259647694,True
2013-12-26 19:00:00,10.284328294519453,-0.051805504259647694,True
2014-12-26 17:00:00,10.263074753748404,-0.051805504259647694,True
2014-12-26 07:00:00,10.277787675423523,-0.051805504259647694,True
2015-12-23 07:00:00,10.276471351232404,-0.051805504259647694,True
2014-12-16 07:00:00,10.284327892498403,-0.051805504259647694,True
2015-12-09 12:00:00,10.286722446761251,-0.051805504259647694,True
2014-12-12 13:00:00,10.287891259394682,-0.051805504259647694,True
2014-01-16 04:00:00,10.277852281234392,-0.051805504259647694,True
2014-05-15 06:00:00,0.4970370674809432,-0.05164368386120399,True
2014-01-11 18:00:00,10.39658752725705,-0.051525192215872706,True
2016-01-24 15:00:00,10.3973551730126,-0.051525192215872706,True
2014-12-24 00:00:00,10.397077717010507,-0.051525192215872706,True
2014-12-10 22:00:00,10.396562220891008,-0.051525192215872706,True
2016-10-26 18:00:00,10.396320627997596,-0.051525192215872706,True
2015-11-27 14:00:00,10.399306650702751,-0.051525192215872706,True
2015-12-17 07:00:00,10.396500155190946,-0.051525192215872706,True
2014-12-20 10:00:00,10.398051073591004,-0.051525192215872706,True
2014-12-30 15:00:00,10.42635485399881,-0.05140304098947612,True
2011-11-12 20:00:00,10.42600494101136,-0.05140304098947612,True
2015-12-13 22:00:00,10.426038846194295,-0.05140304098947612,True
2015-01-29 12:00:00,10.425603084734796,-0.05140304098947612,True
2014-12-29 15:00:00,10.427030957108157,-0.05140304098947612,True
2017-12-18 13:00:00,10.425226082677868,-0.05140304098947612,True
2016-11-19 20:00:00,10.42584995725366,-0.05140304098947612,True
2014-01-09 20:00:00,10.258743489494362,-0.05138902671269563,True
2014-01-10 18:00:00,10.264859973806589,-0.05138902671269563,True
2014-12-26 01:00:00,10.245095904952594,-0.05138902671269563,True
2014-12-26 18:00:00,10.25106913491855,-0.05138902671269563,True
2015-11-18 20:00:00,10.24404239760365,-0.05138902671269563,True
2013-12-15 09:00:00,10.26372474692784,-0.05138902671269563,True
2013-12-15 02:00:00,10.260752108747807,-0.05138902671269563,True
2011-11-11 15:00:00,10.25941790479198,-0.05138902671269563,True
2012-01-29 01:00:00,10.261502212714976,-0.05138902671269563,True
2014-12-11 03:00:00,10.244227520197027,-0.05138902671269563,True
2014-01-10 01:00:00,10.266339490420036,-0.05138902671269563,True
2014-01-11 13:00:00,10.26395097961865,-0.05138902671269563,True
2015-12-09 22:00:00,10.255996981532332,-0.05138902671269563,True
2016-12-26 21:00:00,10.256710057843373,-0.05138902671269563,True
2016-11-09 20:00:00,10.251451333878034,-0.05138902671269563,True
2015-10-24 03:00:00,10.245342202057325,-0.05138902671269563,True
2016-11-27 06:00:00,10.265686380297234,-0.05138902671269563,True
2016-01-10 09:00:00,10.26441791647874,-0.05138902671269563,True
2013-12-26 14:00:00,10.250777440885146,-0.05138902671269563,True
2015-11-20 18:00:00,10.247243930539778,-0.05138902671269563,True
2015-12-17 03:00:00,10.258227575845565,-0.05138902671269563,True
2016-01-20 04:00:00,10.258827364943809,-0.05138902671269563,True
2016-01-20 09:00:00,10.264282146562325,-0.05138902671269563,True
2013-12-28 10:00:00,10.265479028737593,-0.05138902671269563,True
2015-12-15 04:00:00,10.24522852886632,-0.05138902671269563,True
2018-01-18 05:00:00,10.24380820941881,-0.05138902671269563,True
2015-01-31 03:00:00,10.25104883743799,-0.05138902671269563,True
2013-12-26 21:00:00,10.25269338999995,-0.05138902671269563,True
2013-12-27 00:00:00,10.25211119440121,-0.05138902671269563,True
2014-10-22 23:00:00,10.246810478517352,-0.05138902671269563,True
2015-12-26 23:00:00,10.265778946298036,-0.05138902671269563,True
2014-11-04 02:00:00,10.26145483717394,-0.05138902671269563,True
2015-12-17 12:00:00,10.247879467621852,-0.05138902671269563,True
2015-12-18 21:00:00,10.26376537239196,-0.05138902671269563,True
2017-10-27 20:00:00,10.265326254603243,-0.05138902671269563,True
2014-12-31 11:00:00,10.25251500192819,-0.05138902671269563,True
2017-12-11 23:00:00,10.25030570645042,-0.05138902671269563,True
2015-12-28 05:00:00,10.258981974342229,-0.05138902671269563,True
2015-01-22 11:00:00,10.265928985629849,-0.05138902671269563,True
2011-11-12 18:00:00,10.26489611860098,-0.05138902671269563,True
2011-11-08 10:00:00,10.244563693005563,-0.05138902671269563,True
2013-12-28 00:00:00,10.25430714491751,-0.05138902671269563,True
2013-11-23 13:00:00,10.259470321079966,-0.05138902671269563,True
2013-11-17 22:00:00,10.264346157229074,-0.05138902671269563,True
2015-12-23 16:00:00,10.261177588203449,-0.05138902671269563,True
2014-01-03 03:00:00,10.318556025872187,-0.051108904260068755,True
2017-11-04 01:00:00,10.409407088827036,-0.051108904260068755,True
2016-01-09 09:00:00,10.317438855562802,-0.051108904260068755,True
2013-11-11 18:00:00,10.317410195173215,-0.051108904260068755,True
2014-12-20 05:00:00,10.414583170989276,-0.051108904260068755,True
2015-01-25 00:00:00,10.413517978701448,-0.051108904260068755,True
2014-01-15 09:00:00,10.415281518573243,-0.051108904260068755,True
2011-11-12 17:00:00,10.414435380290316,-0.051108904260068755,True
2014-12-15 17:00:00,10.318568327732253,-0.051108904260068755,True
2014-12-31 06:00:00,10.411495097766403,-0.051108904260068755,True
2014-12-27 04:00:00,10.36190436709011,-0.05077915127891908,True
2017-12-31 11:00:00,10.362092926774942,-0.05077915127891908,True
2017-12-09 19:00:00,10.361636276289031,-0.05077915127891908,True
2013-12-28 15:00:00,10.36228351644252,-0.05077915127891908,True
2015-11-20 08:00:00,10.362358714655562,-0.05077915127891908,True
2013-11-01 22:00:00,10.36177366554324,-0.05077915127891908,True
2014-12-16 10:00:00,10.361779979846194,-0.05077915127891908,True
2013-12-13 20:00:00,10.408458943875132,-0.05069289786373843,True
2014-12-22 04:00:00,10.403035928514086,-0.05069289786373843,True
2015-12-18 20:00:00,10.404967087582014,-0.05069289786373843,True
2015-12-27 07:00:00,10.350535841949425,-0.05069289786373843,True
2014-11-11 00:00:00,10.347655733445425,-0.05069289786373843,True
2014-01-15 14:00:00,10.40261622085203,-0.05069289786373843,True
2015-12-27 12:00:00,10.349694000369537,-0.05069289786373843,True
2015-12-15 01:00:00,10.39984749074707,-0.05069289786373843,True
2015-12-09 00:00:00,10.404883520777114,-0.05069289786373843,True
2015-12-13 10:00:00,10.347362912677196,-0.05069289786373843,True
2014-12-21 08:00:00,10.408823154186184,-0.05069289786373843,True
2011-11-10 23:00:00,10.348809728200385,-0.05069289786373843,True
2015-12-15 19:00:00,10.350167660139824,-0.05069289786373843,True
2015-12-16 04:00:00,10.319218508586829,-0.05069289786373843,True
2015-12-13 15:00:00,10.345688377555003,-0.05069289786373843,True
2015-12-19 13:00:00,10.405494876374425,-0.05069289786373843,True
2013-12-17 18:00:00,10.351073156147256,-0.05069289786373843,True
2015-12-28 22:00:00,10.403613283584976,-0.05069289786373843,True
2014-01-15 05:00:00,10.350734116969765,-0.05069289786373843,True
2016-01-10 18:00:00,10.35157572883216,-0.05069289786373843,True
2015-01-29 06:00:00,10.347673906203584,-0.05069289786373843,True
2014-01-02 20:00:00,10.35061751882206,-0.05069289786373843,True
2013-12-30 22:00:00,10.320068109548115,-0.05069289786373843,True
2015-12-22 04:00:00,10.351405818643505,-0.05069289786373843,True
2017-12-28 07:00:00,10.40336360184468,-0.05069289786373843,True
2011-11-08 17:00:00,10.349103948362831,-0.05069289786373843,True
2014-12-20 22:00:00,10.406899393266414,-0.05069289786373843,True
2015-12-18 10:00:00,10.407395777522432,-0.05069289786373843,True
2013-12-07 15:00:00,10.401593501503514,-0.05069289786373843,True
2013-12-13 10:00:00,10.31888058646764,-0.05069289786373843,True
2015-01-19 12:00:00,10.349622562290822,-0.05069289786373843,True
2015-11-10 05:00:00,10.399805854160512,-0.05069289786373843,True
2013-11-30 19:00:00,10.40509543148278,-0.05069289786373843,True
2016-01-24 13:00:00,10.345798487220405,-0.05069289786373843,True
2015-12-21 17:00:00,10.346622475775836,-0.05069289786373843,True
2017-11-09 01:00:00,10.320169985616824,-0.05069289786373843,True
2018-01-04 07:00:00,10.350741364651794,-0.05069289786373843,True
2015-12-29 13:00:00,10.346415426991744,-0.05069289786373843,True
2014-12-28 06:00:00,10.402187510622252,-0.05069289786373843,True
2013-11-23 07:00:00,10.346937552973094,-0.05069289786373843,True
2015-12-24 14:00:00,10.40411678304835,-0.05069289786373843,True
2014-11-18 23:00:00,10.34861439497494,-0.05069289786373843,True
2014-01-11 03:00:00,10.348415169462244,-0.05069289786373843,True
2013-12-08 01:00:00,10.349175157413214,-0.05069289786373843,True
2015-11-12 08:00:00,10.347380984749202,-0.05069289786373843,True
2017-01-27 05:00:00,10.34759290122478,-0.05069289786373843,True
2017-12-27 14:00:00,10.229876830812511,-0.05055691649138494,True
2014-12-29 22:00:00,10.231305736064488,-0.05055691649138494,True
2014-12-19 02:00:00,10.232560761906967,-0.05055691649138494,True
2014-12-22 19:00:00,10.232047192545194,-0.05055691649138494,True
2014-12-25 21:00:00,10.231292783597953,-0.05055691649138494,True
2011-07-24 18:00:00,0.4978426441815939,-0.050395424216224116,True
2014-03-20 23:00:00,0.4978426441815939,-0.050395424216224116,True
2015-05-01 16:00:00,0.4984468267070818,-0.050395424216224116,True
2015-07-28 00:00:00,0.4978426441815939,-0.050395424216224116,True
2013-07-02 01:00:00,0.4978426441815939,-0.050395424216224116,True
2015-05-16 05:00:00,0.4978426441815939,-0.050395424216224116,True
2014-07-20 12:00:00,0.4978426441815939,-0.050395424216224116,True
2014-03-15 17:00:00,0.4978426441815939,-0.050395424216224116,True
2014-11-08 03:00:00,10.379332535093868,-0.05027717283644684,True
2016-11-15 13:00:00,10.322421136203904,-0.05027717283644684,True
2014-12-19 14:00:00,10.322538101608712,-0.05027717283644684,True
2011-11-13 01:00:00,10.360456892217664,-0.05027717283644684,True
2015-11-07 03:00:00,10.358979857510343,-0.05027717283644684,True
2016-11-26 23:00:00,10.358877701329996,-0.05027717283644684,True
2014-10-21 00:00:00,10.378944335395415,-0.05027717283644684,True
2016-11-09 17:00:00,10.321753964332734,-0.05027717283644684,True
2014-12-31 21:00:00,10.3564646676579,-0.05027717283644684,True
2015-01-20 02:00:00,10.377006982125598,-0.05027717283644684,True
2016-01-09 16:00:00,10.358097970495484,-0.05027717283644684,True
2015-12-20 04:00:00,10.32199571598821,-0.05027717283644684,True
2014-01-02 10:00:00,10.37940299585184,-0.05027717283644684,True
2014-12-12 18:00:00,10.362975842404415,-0.05027717283644684,True
2011-11-09 01:00:00,10.3588896560328,-0.05027717283644684,True
2014-12-21 03:00:00,10.359759152870115,-0.05027717283644684,True
2015-01-20 14:00:00,10.358194648584211,-0.05027717283644684,True
2011-11-10 18:00:00,10.380745258628904,-0.05027717283644684,True
2014-01-21 20:00:00,10.358695068922966,-0.05027717283644684,True
2015-12-27 19:00:00,10.380494283732066,-0.05027717283644684,True
2015-11-28 21:00:00,10.378879326417575,-0.05027717283644684,True
2015-12-14 18:00:00,10.35921553998164,-0.05027717283644684,True
2015-12-17 13:00:00,10.364401208401985,-0.05027717283644684,True
2015-11-19 21:00:00,10.359780225302735,-0.05027717283644684,True
2013-11-18 09:00:00,10.379896397790302,-0.05027717283644684,True
2015-12-26 04:00:00,10.376218153119444,-0.05027717283644684,True
2015-10-28 23:00:00,10.32157079155578,-0.05027717283644684,True
2016-11-28 01:00:00,10.358289901856162,-0.05027717283644684,True
2016-11-28 08:00:00,10.35998593159504,-0.05027717283644684,True
2012-12-02 14:00:00,10.358435870611624,-0.05027717283644684,True
2014-12-23 14:00:00,10.364385292304826,-0.05027717283644684,True
2015-11-19 00:00:00,10.360472649303878,-0.05027717283644684,True
2015-11-05 00:00:00,10.380798211263484,-0.05027717283644684,True
2015-12-29 22:00:00,10.361452235820504,-0.05027717283644684,True
2014-11-25 04:00:00,10.357047622787864,-0.05027717283644684,True
2014-11-25 08:00:00,10.36012899531698,-0.05027717283644684,True
2015-11-03 07:00:00,10.224479108208188,-0.05013145107095485,True
2015-11-05 02:00:00,10.220186682782993,-0.05013145107095485,True
2016-11-27 13:00:00,10.220482671761925,-0.05013145107095485,True
2014-12-29 10:00:00,10.227468367572673,-0.05013145107095485,True
2013-12-26 09:00:00,10.227946721784898,-0.05013145107095485,True
2011-11-08 15:00:00,10.220265486048854,-0.05013145107095485,True
2016-11-15 08:00:00,10.22068260955954,-0.05013145107095485,True
2015-11-27 22:00:00,10.227676757283191,-0.05013145107095485,True
2015-12-26 21:00:00,10.223150162105917,-0.05013145107095485,True
2015-11-05 03:00:00,10.227461712134122,-0.05013145107095485,True
2013-12-10 02:00:00,10.225526986677558,-0.05013145107095485,True
2014-01-10 07:00:00,10.220862081274634,-0.05013145107095485,True
2017-12-26 15:00:00,10.22033348439508,-0.05013145107095485,True
2016-01-22 18:00:00,10.224489521587822,-0.05013145107095485,True
2015-01-19 15:00:00,10.219998073496534,-0.05013145107095485,True
2011-11-11 21:00:00,10.221409819602112,-0.05013145107095485,True
2015-01-20 04:00:00,10.222248166300028,-0.05013145107095485,True
2013-12-13 13:00:00,10.225783860853497,-0.05013145107095485,True
2013-12-14 18:00:00,10.22350089184884,-0.05013145107095485,True
2013-12-14 09:00:00,10.221686395702944,-0.05013145107095485,True
2016-01-20 06:00:00,10.224929993590884,-0.05013145107095485,True
2017-11-28 18:00:00,10.22432721490292,-0.05013145107095485,True
2013-12-28 08:00:00,10.225232393795505,-0.05013145107095485,True
2015-01-24 22:00:00,10.224508208944144,-0.05013145107095485,True
2015-12-17 08:00:00,10.224570232606252,-0.05013145107095485,True
2015-12-26 16:00:00,10.220445192463323,-0.05013145107095485,True
2014-12-19 12:00:00,10.226457609654164,-0.05013145107095485,True
2015-11-20 02:00:00,10.22076629766064,-0.05013145107095485,True
2015-01-24 04:00:00,10.366842698866504,-0.0498617289878881,True
2011-11-11 00:00:00,10.35573936397781,-0.0498617289878881,True
2011-11-12 12:00:00,10.35269233391585,-0.0498617289878881,True
2014-12-21 23:00:00,10.367145252978904,-0.0498617289878881,True
2011-11-09 15:00:00,10.37352627789961,-0.0498617289878881,True
2013-12-30 21:00:00,10.373766072013096,-0.0498617289878881,True
2014-12-11 00:00:00,10.367023540593497,-0.0498617289878881,True
2013-12-09 21:00:00,10.35219372353406,-0.0498617289878881,True
2013-12-08 16:00:00,10.371345767930404,-0.0498617289878881,True
2013-12-09 07:00:00,10.37129614267534,-0.0498617289878881,True
2015-10-27 03:00:00,10.39553276568622,-0.0498617289878881,True
2015-12-26 08:00:00,10.372566236807044,-0.0498617289878881,True
2013-11-18 00:00:00,10.352537100840948,-0.0498617289878881,True
2014-12-23 22:00:00,10.364663479699162,-0.0498617289878881,True
2014-12-22 11:00:00,10.355603220128971,-0.0498617289878881,True
2015-12-19 12:00:00,10.370226835303306,-0.0498617289878881,True
2015-11-10 01:00:00,10.395287073525925,-0.0498617289878881,True
2015-01-29 17:00:00,10.353607931307817,-0.0498617289878881,True
2014-12-24 22:00:00,10.37245493534154,-0.0498617289878881,True
2015-11-12 06:00:00,10.376014772765826,-0.0498617289878881,True
2013-11-24 01:00:00,10.369852173153024,-0.0498617289878881,True
2014-12-14 14:00:00,10.32292660744285,-0.0498617289878881,True
2015-11-07 01:00:00,10.375790564895158,-0.0498617289878881,True
2015-11-20 13:00:00,10.368715184609506,-0.0498617289878881,True
2015-11-27 02:00:00,10.370894983521517,-0.0498617289878881,True
2016-01-20 01:00:00,10.36567544127614,-0.0498617289878881,True
2016-11-12 07:00:00,10.365819576074491,-0.0498617289878881,True
2015-12-13 12:00:00,10.353525464974808,-0.0498617289878881,True
2015-01-26 22:00:00,10.22887942512156,-0.04971610578240249,True
2015-12-15 14:00:00,10.229013272775273,-0.04971610578240249,True
2014-12-23 09:00:00,10.22839655448376,-0.04971610578240249,True
2005-12-06 23:00:00,0.5001603772993802,-0.04956465760134621,True
2008-02-17 19:00:00,0.5001603772993802,-0.04956465760134621,True
2014-06-01 15:00:00,0.4989503121449885,-0.04956465760134621,True
2004-09-24 22:00:00,0.5001603772993802,-0.04956465760134621,True
2004-12-20 14:00:00,0.5001603772993802,-0.04956465760134621,True
2013-09-20 03:00:00,0.5000579801083831,-0.04956465760134621,True
2008-02-19 09:00:00,0.5001603772993802,-0.04956465760134621,True
2014-11-16 22:00:00,10.33003842349186,-0.04944656612788467,True
2014-01-21 17:00:00,10.327405176034553,-0.04944656612788467,True
2014-01-09 16:00:00,10.383268936915776,-0.04944656612788467,True
2014-10-31 18:00:00,10.386655159601151,-0.04944656612788467,True
2015-12-09 05:00:00,10.342420142980792,-0.04944656612788467,True
2014-12-18 01:00:00,10.342692715677432,-0.04944656612788467,True
2015-12-26 13:00:00,10.387969428233555,-0.04944656612788467,True
2013-10-23 22:00:00,10.328770455006136,-0.04944656612788467,True
2018-01-23 13:00:00,10.324037129562708,-0.04944656612788467,True
2016-01-20 14:00:00,10.392406018743474,-0.04944656612788467,True
2016-01-20 18:00:00,10.38977320783073,-0.04944656612788467,True
2016-01-21 01:00:00,10.327108184270015,-0.04944656612788467,True
2011-11-12 22:00:00,10.38521596809396,-0.04944656612788467,True
2013-12-16 05:00:00,10.34180356905851,-0.04944656612788467,True
2014-12-16 00:00:00,10.382898879984838,-0.04944656612788467,True
2015-12-16 00:00:00,10.390108897103296,-0.04944656612788467,True
2011-11-08 20:00:00,10.38980650212394,-0.04944656612788467,True
2014-12-13 11:00:00,10.342645595460098,-0.04944656612788467,True
2012-01-29 06:00:00,10.32576913627918,-0.04944656612788467,True
2011-11-09 16:00:00,10.32731840020835,-0.04944656612788467,True
2013-11-24 08:00:00,10.388770637025203,-0.04944656612788467,True
2015-12-21 07:00:00,10.382022878872023,-0.04944656612788467,True
2015-12-21 18:00:00,10.329030185989476,-0.04944656612788467,True
2017-10-18 22:00:00,10.329569229861796,-0.04944656612788467,True
2013-12-30 12:00:00,10.392701074058891,-0.04944656612788467,True
2014-12-09 04:00:00,10.34291960937096,-0.04944656612788467,True
2014-12-31 16:00:00,10.326599627037206,-0.04944656612788467,True
2014-12-11 10:00:00,10.324396042130868,-0.04944656612788467,True
2015-11-18 16:00:00,10.329479804701856,-0.04944656612788467,True
2014-12-24 03:00:00,10.32424500868361,-0.04944656612788467,True
2016-01-09 14:00:00,10.383974305413709,-0.04944656612788467,True
2016-01-10 23:00:00,10.32632298901177,-0.04944656612788467,True
2014-01-09 11:00:00,10.343856294568711,-0.04944656612788467,True
2014-12-27 00:00:00,10.3905605683632,-0.04944656612788467,True
2014-12-08 23:00:00,10.388998030079966,-0.04944656612788467,True
2014-12-09 14:00:00,10.38487508565718,-0.04944656612788467,True
2015-11-05 06:00:00,10.388678374671136,-0.04944656612788467,True
2016-11-27 18:00:00,10.324997055471496,-0.04944656612788467,True
2016-11-27 01:00:00,10.389406957825534,-0.04944656612788467,True
2013-11-23 18:00:00,10.32969188819857,-0.04944656612788467,True
2015-11-03 05:00:00,10.390861570303716,-0.04944656612788467,True
2015-12-28 07:00:00,10.389888903939593,-0.04944656612788467,True
2018-01-10 05:00:00,10.393460010210395,-0.04944656612788467,True
2014-10-27 23:00:00,10.338996333670504,-0.04944656612788467,True
2015-10-22 01:00:00,10.389457197316132,-0.04944656612788467,True
2014-12-24 07:00:00,10.219038186017563,-0.04930104141574365,True
2014-12-13 07:00:00,10.219477227536686,-0.04930104141574365,True
2015-11-12 02:00:00,10.21860388449973,-0.04930104141574365,True
2014-12-22 14:00:00,10.219450376971418,-0.04930104141574365,True
2015-11-28 03:00:00,10.21830835028662,-0.04930104141574365,True
2015-12-16 19:00:00,10.217998722297637,-0.04930104141574365,True
2015-12-15 09:00:00,10.219470581368247,-0.04930104141574365,True
2014-12-19 07:00:00,10.218882797100408,-0.04930104141574365,True
2015-12-15 06:00:00,10.218291431896745,-0.04930104141574365,True
2014-12-23 02:00:00,10.2177295794371,-0.04930104141574365,True
2014-12-25 15:00:00,10.21720715853762,-0.04930104141574365,True
2013-12-15 19:00:00,10.333351631196637,-0.049031684066387915,True
2016-01-16 05:00:00,10.334693885675746,-0.049031684066387915,True
2014-12-12 16:00:00,10.332389255542363,-0.049031684066387915,True
2014-12-17 15:00:00,10.330168681360396,-0.049031684066387915,True
2013-10-25 22:00:00,10.337143845094912,-0.049031684066387915,True
2015-12-27 04:00:00,10.33716205621327,-0.049031684066387915,True
2011-11-12 13:00:00,10.331064417707337,-0.049031684066387915,True
2014-12-15 16:00:00,10.332543680148072,-0.049031684066387915,True
2016-11-20 00:00:00,10.3335168044308,-0.049031684066387915,True
2016-01-16 10:00:00,10.33539247968885,-0.049031684066387915,True
2014-01-11 06:00:00,10.333480077396285,-0.049031684066387915,True
2015-12-25 18:00:00,10.332313383278048,-0.049031684066387915,True
2014-01-11 23:00:00,10.3365073542592,-0.049031684066387915,True
2014-12-31 13:00:00,10.33199775169832,-0.049031684066387915,True
2013-12-30 16:00:00,10.332999945027211,-0.049031684066387915,True
2017-12-18 12:00:00,10.332784473571143,-0.049031684066387915,True
2014-12-19 17:00:00,10.330143120327293,-0.049031684066387915,True
2014-12-20 00:00:00,10.3322357979987,-0.049031684066387915,True
2015-11-07 05:00:00,10.334786802869234,-0.049031684066387915,True
2014-12-24 08:00:00,10.334604692600449,-0.049031684066387915,True
2016-12-16 13:00:00,10.332944699428374,-0.049031684066387915,True
2016-01-19 19:00:00,10.334174485150305,-0.049031684066387915,True
2015-11-28 14:00:00,10.33537301629934,-0.049031684066387915,True
2015-05-10 02:00:00,0.5032802869109857,-0.048382069799377536,True
2011-07-23 15:00:00,0.5032802869109857,-0.048382069799377536,True
2015-05-14 08:00:00,0.5032802869109857,-0.048382069799377536,True
2013-03-22 18:00:00,0.503380983998567,-0.048382069799377536,True
2016-09-17 22:00:00,0.5014677393345218,-0.048382069799377536,True
2018-06-15 14:00:00,0.5052942286626123,-0.048382069799377536,True
2018-05-13 16:00:00,0.5050928344874496,-0.048382069799377536,True
2013-07-30 18:00:00,0.5050928344874496,-0.048382069799377536,True
2009-03-20 00:00:00,0.5018705276848471,-0.048382069799377536,True
2013-05-15 07:00:00,0.5046900461371243,-0.048382069799377536,True
2011-07-25 23:00:00,0.5014677393345218,-0.048382069799377536,True
2016-05-16 14:00:00,0.5050928344874496,-0.048382069799377536,True
2013-03-26 13:00:00,0.5014677393345218,-0.048382069799377536,True
2010-08-09 21:00:00,0.5014677393345218,-0.048382069799377536,True
2014-05-22 13:00:00,0.5050928344874496,-0.048382069799377536,True
2017-07-30 00:00:00,0.5050928344874496,-0.048382069799377536,True
2017-07-16 03:00:00,0.5008635568090337,-0.048382069799377536,True
2014-07-12 07:00:00,0.5008635568090338,-0.048382069799377536,True
2014-03-27 09:00:00,0.5017698305972658,-0.048382069799377536,True
2015-07-23 07:00:00,0.5014677393345218,-0.048382069799377536,True
2014-06-01 05:00:00,0.5027768014730789,-0.048382069799377536,True
2018-07-31 11:00:00,0.5008635568090337,-0.048382069799377536,True
2014-05-13 22:00:00,0.5032802869109857,-0.048382069799377536,True
2018-06-02 08:00:00,0.5046900461371243,-0.048382069799377536,True
2018-06-08 02:00:00,0.5008635568090337,-0.048382069799377536,True
2014-03-22 07:00:00,0.5014677393345218,-0.048382069799377536,True
2015-07-26 14:00:00,0.5050928344874496,-0.048382069799377536,True
2014-10-20 23:00:00,10.215121789321095,-0.04805753194773499,True
2014-12-15 07:00:00,10.213048313769256,-0.04805753194773499,True
2014-01-09 21:00:00,10.213059199294788,-0.04805753194773499,True
2014-01-21 06:00:00,10.216134479552023,-0.04805753194773499,True
2015-11-28 13:00:00,10.216992630732491,-0.04805753194773499,True
2014-12-18 14:00:00,10.207868388946576,-0.046403440718029376,True
2013-12-14 01:00:00,10.203391901393053,-0.046403440718029376,True
2013-12-29 19:00:00,10.20305632693448,-0.046403440718029376,True
2017-10-27 21:00:00,10.205220399442172,-0.046403440718029376,True
2016-01-23 23:00:00,10.20322889876902,-0.046403440718029376,True
2011-11-22 08:00:00,10.200438843372345,-0.046403440718029376,True
2015-01-23 08:00:00,10.206780267819912,-0.046403440718029376,True
2015-12-27 14:00:00,10.206953934340918,-0.046403440718029376,True
2014-12-18 18:00:00,10.18315748176235,-0.046403440718029376,True
2014-01-15 00:00:00,10.182099784475072,-0.046403440718029376,True
2013-12-31 14:00:00,10.182289518818298,-0.046403440718029376,True
2014-10-30 01:00:00,10.180641630856895,-0.046403440718029376,True
2014-11-06 02:00:00,10.208135936443403,-0.046403440718029376,True
2015-10-31 00:00:00,10.207729856623756,-0.046403440718029376,True
2016-11-13 13:00:00,10.210534081663472,-0.046403440718029376,True
2013-12-16 20:00:00,10.201546229464435,-0.046403440718029376,True
2016-11-15 00:00:00,10.203012959821653,-0.046403440718029376,True
2013-11-18 14:00:00,10.182371845773432,-0.046403440718029376,True
2015-12-24 20:00:00,10.181559109317382,-0.046403440718029376,True
2015-12-25 00:00:00,10.181587885673029,-0.046403440718029376,True
2013-11-12 10:00:00,10.20265156538773,-0.046403440718029376,True
2014-12-28 01:00:00,10.20151849907154,-0.046403440718029376,True
2015-12-25 23:00:00,10.202552890076644,-0.046403440718029376,True
2013-12-09 19:00:00,10.207492199486136,-0.046403440718029376,True
2015-01-30 05:00:00,10.209602780249028,-0.046403440718029376,True
2018-01-11 22:00:00,10.211726009429889,-0.046403440718029376,True
2014-01-10 12:00:00,10.211044581672772,-0.046403440718029376,True
2015-01-29 02:00:00,10.205999337692951,-0.046403440718029376,True
2013-12-10 07:00:00,10.202185302185317,-0.046403440718029376,True
2015-11-10 12:00:00,10.210257005058098,-0.046403440718029376,True
2015-10-22 02:00:00,10.18388130588613,-0.045990616897172765,True
2015-11-11 16:00:00,10.198502096192971,-0.045990616897172765,True
2015-12-23 21:00:00,10.196778531494653,-0.045990616897172765,True
2015-12-23 19:00:00,10.194415630709246,-0.045990616897172765,True
2015-12-24 10:00:00,10.19884030340864,-0.045990616897172765,True
2013-12-16 10:00:00,10.178667719410774,-0.045990616897172765,True
2013-12-09 04:00:00,10.18931900457128,-0.045990616897172765,True
2013-11-23 14:00:00,10.197471154244049,-0.045990616897172765,True
2017-10-20 20:00:00,10.177540670917542,-0.045990616897172765,True
2013-12-26 16:00:00,10.188929297635717,-0.045990616897172765,True
2013-12-27 07:00:00,10.185387573079211,-0.045990616897172765,True
2013-12-16 15:00:00,10.192403359014738,-0.045990616897172765,True
2015-12-17 22:00:00,10.18519330074946,-0.045990616897172765,True
2011-11-22 07:00:00,10.200332455444954,-0.045990616897172765,True
2011-11-09 10:00:00,10.194452534578192,-0.045990616897172765,True
2013-11-24 06:00:00,10.19843981560207,-0.045990616897172765,True
2013-12-14 04:00:00,10.191137269966845,-0.045990616897172765,True
2012-01-30 09:00:00,10.194946163399024,-0.045990616897172765,True
2013-12-31 23:00:00,10.196851246274926,-0.045990616897172765,True
2014-12-21 20:00:00,10.194365096770424,-0.045990616897172765,True
2014-01-01 04:00:00,10.190271255198835,-0.045990616897172765,True
2014-01-01 14:00:00,10.184122508116165,-0.045990616897172765,True
2014-01-10 02:00:00,10.19540176111173,-0.045990616897172765,True
2014-01-01 07:00:00,10.195617657211828,-0.045990616897172765,True
2014-01-21 09:00:00,10.200016861558892,-0.045990616897172765,True
2013-12-29 14:00:00,10.176761628875044,-0.045990616897172765,True
2013-12-13 23:00:00,10.176765995704663,-0.045990616897172765,True
2013-11-24 18:00:00,10.192006982179374,-0.045990616897172765,True
2014-01-09 04:00:00,10.184659876351445,-0.045990616897172765,True
2015-11-11 05:00:00,10.198644781620636,-0.045990616897172765,True
2015-12-25 05:00:00,10.185992250096737,-0.045990616897172765,True
2016-11-15 06:00:00,10.193381729738537,-0.045990616897172765,True
2015-11-12 23:00:00,10.186051069203849,-0.045990616897172765,True
2016-11-27 09:00:00,10.186173439997177,-0.045990616897172765,True
2015-12-29 08:00:00,10.196319255965426,-0.045990616897172765,True
2014-12-28 19:00:00,10.198769804680657,-0.045990616897172765,True
2011-11-10 02:00:00,10.18573465086573,-0.045990616897172765,True
2014-12-25 04:00:00,10.17458816646134,-0.0455780722927962,True
2012-01-29 11:00:00,10.173325823696391,-0.0455780722927962,True
2013-12-13 01:00:00,10.172176976755868,-0.0455780722927962,True
2013-11-24 00:00:00,10.170648605924631,-0.0455780722927962,True
2012-01-28 20:00:00,10.175369520199055,-0.0455780722927962,True
2016-01-17 02:00:00,10.167400414031803,-0.0455780722927962,True
2014-10-27 22:00:00,10.174161118924705,-0.0455780722927962,True
2014-12-18 09:00:00,10.168331597106258,-0.0455780722927962,True
2013-12-30 11:00:00,10.187003461618724,-0.0455780722927962,True
2012-01-29 16:00:00,10.188765052128046,-0.0455780722927962,True
2014-12-15 04:00:00,10.18796851439792,-0.0455780722927962,True
2017-12-31 12:00:00,10.171811590075473,-0.0455780722927962,True
2017-11-07 00:00:00,10.174228667102208,-0.0455780722927962,True
2015-12-20 19:00:00,10.173398259133617,-0.0455780722927962,True
2014-01-10 22:00:00,10.188260728865911,-0.0455780722927962,True
2015-12-19 01:00:00,10.167761619697318,-0.0455780722927962,True
2014-12-11 08:00:00,10.171723517238377,-0.0455780722927962,True
2011-11-11 16:00:00,10.171382357115364,-0.0455780722927962,True
2013-12-11 00:00:00,10.166540782641723,-0.044753819978210374,True
2012-01-30 02:00:00,10.164558523467528,-0.04442747410847636,True
2005-03-09 05:00:00,0.5060374539295177,-0.04437376367943968,True
2009-05-02 18:00:00,0.5071067762390763,-0.043612117376321646,True
2016-05-24 04:00:00,0.5069053820639136,-0.043612117376321646,True
2014-06-06 13:00:00,0.5069053820639136,-0.043612117376321646,True
2009-05-10 17:00:00,0.5074088675018201,-0.043612117376321646,True
2017-07-18 07:00:00,0.5069053820639136,-0.043612117376321646,True
2018-07-06 03:00:00,0.5069053820639136,-0.043612117376321646,True
2014-07-12 02:00:00,0.5066032908011695,-0.043612117376321646,True
2014-08-03 14:00:00,0.5066032908011695,-0.043612117376321646,True
2013-09-14 02:00:00,0.5071067762390763,-0.043612117376321646,True
2013-07-25 23:00:00,0.5069053820639136,-0.043612117376321646,True
2014-12-11 15:00:00,10.163816816580876,-0.04360477769892024,True
2014-12-24 18:00:00,10.163420816529284,-0.04360477769892024,True
2016-10-26 19:00:00,10.15567657228967,-0.04360477769892024,True
2017-01-27 13:00:00,10.156481359194878,-0.04360477769892024,True
2015-11-05 11:00:00,10.160242509931347,-0.04360477769892024,True
2016-01-26 09:00:00,10.161603905518314,-0.04360477769892024,True
2018-01-15 21:00:00,10.16349879888532,-0.04360477769892024,True
2016-11-12 06:00:00,10.160446586375253,-0.04360477769892024,True
2014-12-22 01:00:00,10.1584566355328,-0.04360477769892024,True
2015-11-10 19:00:00,10.160183678239155,-0.04360477769892024,True
2015-11-09 15:00:00,10.165166938679494,-0.04351953091282734,True
2016-11-28 18:00:00,10.166146079440368,-0.04351953091282734,True
2016-01-10 04:00:00,10.152924980743885,-0.04278319378675832,True
2013-11-12 07:00:00,10.154499714534124,-0.04278319378675832,True
2014-12-14 19:00:00,10.153646427505358,-0.04278319378675832,True
2011-11-08 12:00:00,10.152767471591549,-0.04278319378675832,True
2017-11-28 21:00:00,10.15455618493497,-0.04278319378675832,True
2015-11-10 03:00:00,10.15415259280937,-0.04278319378675832,True
2014-11-18 20:00:00,10.15290526199848,-0.04278319378675832,True
2015-11-05 16:00:00,10.154345123256697,-0.04278319378675832,True
2015-11-28 19:00:00,10.154026006804775,-0.04278319378675832,True
2015-12-20 15:00:00,10.154650508446776,-0.04278319378675832,True
2017-12-20 19:00:00,10.137779513744777,-0.04237281854700092,True
2013-12-12 03:00:00,10.149625793429006,-0.04237281854700092,True
2018-01-10 07:00:00,10.14040045287361,-0.04237281854700092,True
2014-12-23 04:00:00,10.14902346365286,-0.04237281854700092,True
2017-11-04 04:00:00,10.15023536350196,-0.04237281854700092,True
2014-11-25 23:00:00,10.142828869149364,-0.04237281854700092,True
2011-11-09 11:00:00,10.15143200625672,-0.04237281854700092,True
2018-01-13 00:00:00,10.137353445234362,-0.04237281854700092,True
2011-11-08 05:00:00,10.136849961034777,-0.04237281854700092,True
2015-12-24 15:00:00,10.150042190993744,-0.04237281854700092,True
2011-11-09 05:00:00,10.142051884616697,-0.04237281854700092,True
2015-11-07 07:00:00,10.142442558100546,-0.04237281854700092,True
2013-01-20 16:00:00,10.15042083619857,-0.04237281854700092,True
2014-12-15 02:00:00,10.145497909185606,-0.04237281854700092,True
2016-01-24 02:00:00,10.150664059099531,-0.04237281854700092,True
2017-12-18 10:00:00,10.1479012553577,-0.04237281854700092,True
2017-12-19 22:00:00,10.143150995566945,-0.04237281854700092,True
2014-12-12 21:00:00,10.13999311302093,-0.04237281854700092,True
2014-12-28 16:00:00,10.147228235237236,-0.04237281854700092,True
2007-11-17 16:00:00,10.146011506434393,-0.04237281854700092,True
2015-11-11 00:00:00,10.141758650076309,-0.04237281854700092,True
2013-11-18 07:00:00,10.140886045477645,-0.04237281854700092,True
2016-11-28 06:00:00,10.148212296571026,-0.04237281854700092,True
2015-01-31 10:00:00,10.138976281865268,-0.04237281854700092,True
2015-12-16 17:00:00,10.14155660607558,-0.04237281854700092,True
2015-12-22 03:00:00,10.149632662446416,-0.04237281854700092,True
2006-10-17 05:00:00,0.5079009294914036,-0.04197004070816235,True
2016-05-22 15:00:00,0.5087179296403774,-0.04197004070816235,True
2010-08-30 21:00:00,0.5087824987330792,-0.04197004070816235,True
2011-07-21 21:00:00,0.5085165354652148,-0.04197004070816235,True
2014-07-31 12:00:00,0.5087179296403774,-0.04197004070816235,True
2014-07-05 12:00:00,0.5087179296403774,-0.04197004070816235,True
2013-03-23 17:00:00,0.5087179296403774,-0.04197004070816235,True
2014-09-13 21:00:00,0.5084158383776335,-0.04197004070816235,True
2009-09-15 10:00:00,0.5106311743044227,-0.04156021545057387,True
2011-07-20 18:00:00,0.5105304772168414,-0.04156021545057387,True
2018-07-28 09:00:00,0.5090200209031215,-0.04156021545057387,True
2013-07-02 06:00:00,0.5105304772168414,-0.04156021545057387,True
2013-04-25 20:00:00,0.5108325684795855,-0.04156021545057387,True
2008-01-20 02:00:00,0.5104186985657962,-0.04156021545057387,True
2018-03-15 22:00:00,0.5105304772168414,-0.04156021545057387,True
2018-08-09 20:00:00,0.5105304772168414,-0.04156021545057387,True
2014-03-16 18:00:00,0.5119402364429799,-0.04156021545057387,True
2018-07-23 04:00:00,0.5105304772168414,-0.04156021545057387,True
2008-12-09 23:00:00,0.5120247954247182,-0.04156021545057387,True
2012-11-27 20:00:00,0.5094157795919065,-0.04156021545057387,True
2015-05-10 01:00:00,0.5103290830416788,-0.04156021545057387,True
2016-08-11 11:00:00,0.5089205760890396,-0.04156021545057387,True
2018-03-24 02:00:00,0.5160688170338146,-0.04121140391575562,True
2018-05-20 09:00:00,0.5127458131436307,-0.04121140391575562,True
2014-09-21 14:00:00,0.5123430247933053,-0.04121140391575562,True
2012-12-01 07:00:00,0.5161523555462013,-0.04121140391575562,True
2016-05-13 02:00:00,0.5123430247933053,-0.04121140391575562,True
2009-05-02 16:00:00,0.5125444189684679,-0.04121140391575562,True
2014-05-13 12:00:00,0.5159681199462333,-0.04121140391575562,True
2018-09-13 01:00:00,0.5159681199462332,-0.04121140391575562,True
2014-06-06 18:00:00,0.5161695141213959,-0.04121140391575562,True
2016-08-08 06:00:00,0.5144576636325132,-0.04121140391575562,True
2009-08-10 22:00:00,0.5142562694573506,-0.04121140391575562,True
2009-09-15 09:00:00,0.5159681199462333,-0.04121140391575562,True
2012-07-30 10:00:00,0.5159681199462333,-0.04121140391575562,True
2012-08-01 12:00:00,0.5160688170338146,-0.04121140391575562,True
2014-03-18 22:00:00,0.5141555723697693,-0.04121140391575562,True
2017-05-31 05:00:00,0.5141555723697693,-0.04121140391575562,True
2015-09-17 23:00:00,0.5159681199462333,-0.04121140391575562,True
2015-05-17 10:00:00,0.5159681199462333,-0.04121140391575562,True
2009-05-02 15:00:00,0.5141555723697692,-0.04121140391575562,True
2013-05-07 18:00:00,0.5123430247933053,-0.04121140391575562,True
2014-07-06 13:00:00,0.5142562694573506,-0.04121140391575562,True
2017-05-06 20:00:00,0.5123430247933053,-0.04121140391575562,True
2009-03-20 03:00:00,0.5141276149271314,-0.04121140391575562,True
2013-07-01 15:00:00,0.5141555723697693,-0.04121140391575562,True
2017-11-04 02:00:00,10.074554761128471,-0.04108262773404581,True
2015-01-29 13:00:00,10.0726141417516,-0.04108262773404581,True
2014-11-19 05:00:00,10.072961846267406,-0.04108262773404581,True
2015-11-21 14:00:00,10.072871957589896,-0.04108262773404581,True
2014-12-29 02:00:00,10.077653533222811,-0.04108262773404581,True
2015-11-13 04:00:00,10.0777941854057,-0.04108262773404581,True
2016-11-13 11:00:00,10.090694011865612,-0.040734091314944876,True
2015-11-12 18:00:00,10.135992426788562,-0.040734091314944876,True
2016-10-21 19:00:00,10.135421356147168,-0.040734091314944876,True
2018-01-24 02:00:00,10.09610532360232,-0.040734091314944876,True
2013-11-01 23:00:00,10.136374993816242,-0.040734091314944876,True
2016-01-09 04:00:00,10.092344669626376,-0.040734091314944876,True
2015-11-03 01:00:00,10.091724275115274,-0.040734091314944876,True
2014-11-06 03:00:00,10.089927752750135,-0.040734091314944876,True
2016-01-10 13:00:00,10.082416361909678,-0.040734091314944876,True
2014-11-25 09:00:00,10.089226776072998,-0.040734091314944876,True
2015-12-20 10:00:00,10.09325747189435,-0.040734091314944876,True
2012-01-30 07:00:00,10.09331288609179,-0.040734091314944876,True
2017-12-22 20:00:00,10.085459771440975,-0.040734091314944876,True
2014-11-11 02:00:00,10.087393920440617,-0.040734091314944876,True
2014-01-01 09:00:00,10.092515802221875,-0.040734091314944876,True
2014-01-09 15:00:00,10.090802922863586,-0.040734091314944876,True
2017-11-11 00:00:00,10.085139779964637,-0.040734091314944876,True
2016-01-10 16:00:00,10.09017539103624,-0.040734091314944876,True
2014-01-15 16:00:00,10.09159653941676,-0.040734091314944876,True
2014-12-21 10:00:00,10.085675286061814,-0.040734091314944876,True
2013-12-27 15:00:00,10.08456251273583,-0.040734091314944876,True
2015-12-14 23:00:00,10.135329856836146,-0.040734091314944876,True
2011-11-12 01:00:00,10.082088223974395,-0.040734091314944876,True
2013-11-24 10:00:00,10.082718135262647,-0.040734091314944876,True
2014-12-21 01:00:00,10.134808070954389,-0.040734091314944876,True
2015-01-31 05:00:00,10.134157055069313,-0.040734091314944876,True
2014-01-01 12:00:00,10.081883506049984,-0.040734091314944876,True
2013-12-28 22:00:00,10.094104925663462,-0.040734091314944876,True
2018-01-03 01:00:00,10.082544551213148,-0.040734091314944876,True
2015-01-29 01:00:00,10.085821661338208,-0.040734091314944876,True
2017-11-09 03:00:00,10.084112649396213,-0.040734091314944876,True
2014-01-15 23:00:00,10.094384222840851,-0.040734091314944876,True
2015-11-03 17:00:00,10.093525346440954,-0.040734091314944876,True
2013-12-08 11:00:00,10.093916077812253,-0.040734091314944876,True
2013-12-09 12:00:00,10.084073487710242,-0.040734091314944876,True
2017-11-01 22:00:00,10.091716884152955,-0.040734091314944876,True
2014-12-17 01:00:00,10.095687315415892,-0.040734091314944876,True
2015-12-15 16:00:00,10.086025851958984,-0.040734091314944876,True
2015-01-31 08:00:00,10.081293896755843,-0.040734091314944876,True
2014-12-26 23:00:00,10.081465095413234,-0.040734091314944876,True
2013-11-23 09:00:00,10.083024102571216,-0.040734091314944876,True
2015-02-01 06:00:00,10.081422998271307,-0.040734091314944876,True
2011-11-10 17:00:00,10.096566455709928,-0.040734091314944876,True
2015-12-14 08:00:00,10.086896808840182,-0.040734091314944876,True
2013-12-18 06:00:00,10.09086833340728,-0.040734091314944876,True
2013-12-25 16:00:00,10.088907997422448,-0.040734091314944876,True
2011-11-09 00:00:00,10.0882451044606,-0.040734091314944876,True
2011-11-07 19:00:00,10.095586612914886,-0.040734091314944876,True
2015-10-24 02:00:00,10.092328621582665,-0.040734091314944876,True
2015-11-11 10:00:00,10.093668368419468,-0.040734091314944876,True
2016-11-12 11:00:00,10.087276312282372,-0.040734091314944876,True
2015-11-20 09:00:00,10.09748611533004,-0.04032510200097594,True
2017-11-09 05:00:00,10.104232961551268,-0.04032510200097594,True
2015-11-10 14:00:00,10.110494669260635,-0.04032510200097594,True
2014-01-02 00:00:00,10.115003826743305,-0.04032510200097594,True
2017-12-26 14:00:00,10.112203208172517,-0.04032510200097594,True
2014-12-31 01:00:00,10.100761998227542,-0.04032510200097594,True
2016-01-08 18:00:00,10.100221510696016,-0.04032510200097594,True
2015-11-05 09:00:00,10.117260239687708,-0.04032510200097594,True
2016-01-08 23:00:00,10.079403035702326,-0.04032510200097594,True
2013-12-15 14:00:00,10.10193806108438,-0.04032510200097594,True
2013-11-24 05:00:00,10.114392383239789,-0.04032510200097594,True
2013-12-31 08:00:00,10.128872977480894,-0.04032510200097594,True
2011-11-13 08:00:00,10.104918748628226,-0.04032510200097594,True
2013-12-18 16:00:00,10.11745045574596,-0.04032510200097594,True
2011-11-08 07:00:00,10.129532847533165,-0.04032510200097594,True
2015-01-29 18:00:00,10.129275193357282,-0.04032510200097594,True
2013-12-16 00:00:00,10.1053322937537,-0.04032510200097594,True
2015-01-29 22:00:00,10.1032775641812,-0.04032510200097594,True
2011-11-12 06:00:00,10.10275409182394,-0.04032510200097594,True
2013-01-20 21:00:00,10.10850563821576,-0.04032510200097594,True
2013-12-27 05:00:00,10.099481325244042,-0.04032510200097594,True
2016-01-24 10:00:00,10.100881890254223,-0.04032510200097594,True
2013-01-20 19:00:00,10.120790085328654,-0.04032510200097594,True
2013-12-27 20:00:00,10.110190798201929,-0.04032510200097594,True
2013-12-15 07:00:00,10.133300118017145,-0.04032510200097594,True
2012-01-29 18:00:00,10.129874827941434,-0.04032510200097594,True
2013-12-29 09:00:00,10.107769591888156,-0.04032510200097594,True
2016-01-06 18:00:00,10.130538646023892,-0.04032510200097594,True
2017-10-30 21:00:00,10.10936039863912,-0.04032510200097594,True
2013-11-24 13:00:00,10.104307030579475,-0.04032510200097594,True
2012-01-29 03:00:00,10.114981465046805,-0.04032510200097594,True
2015-12-18 16:00:00,10.11340406954908,-0.04032510200097594,True
2012-01-29 23:00:00,10.120653402443232,-0.04032510200097594,True
2014-12-18 19:00:00,10.113140663090205,-0.04032510200097594,True
2014-12-11 20:00:00,10.09914959537122,-0.04032510200097594,True
2014-12-14 10:00:00,10.10178744940514,-0.04032510200097594,True
2016-10-28 18:00:00,10.12131176986735,-0.04032510200097594,True
2017-01-27 02:00:00,10.098441967434065,-0.04032510200097594,True
2017-01-27 10:00:00,10.106318455942075,-0.04032510200097594,True
2015-12-25 10:00:00,10.117219045356991,-0.04032510200097594,True
2013-10-25 23:00:00,10.116829766825733,-0.04032510200097594,True
2007-11-17 17:00:00,10.10001975506135,-0.04032510200097594,True
2015-12-25 15:00:00,10.11134342586562,-0.04032510200097594,True
2011-11-10 07:00:00,10.12226732780096,-0.04032510200097594,True
2016-11-27 14:00:00,10.11191418347303,-0.04032510200097594,True
2013-12-23 17:00:00,10.117176280831012,-0.04032510200097594,True
2011-11-10 08:00:00,10.130469124982506,-0.04032510200097594,True
2015-11-07 10:00:00,10.108905425403998,-0.04032510200097594,True
2014-12-22 18:00:00,10.120344816358925,-0.04032510200097594,True
2013-12-11 11:00:00,10.107624659043976,-0.04032510200097594,True
2014-12-16 19:00:00,10.103245475180342,-0.04032510200097594,True
2016-11-02 15:00:00,10.105705111054409,-0.04032510200097594,True
2015-01-16 22:00:00,10.129708796771846,-0.04032510200097594,True
2014-12-25 20:00:00,10.111172996401484,-0.04032510200097594,True
2015-01-30 22:00:00,10.1107846739406,-0.04032510200097594,True
2018-01-16 22:00:00,10.1152718740244,-0.04032510200097594,True
2015-01-19 23:00:00,10.100407832163132,-0.04032510200097594,True
2015-12-16 09:00:00,10.11389843070368,-0.04032510200097594,True
2011-11-10 12:00:00,10.13153883664508,-0.04032510200097594,True
2015-01-31 20:00:00,10.099953561739367,-0.04032510200097594,True
2015-11-12 13:00:00,10.10604962045626,-0.04032510200097594,True
2013-12-13 15:00:00,10.114588284948072,-0.04032510200097594,True
2014-11-25 00:00:00,10.133386785719331,-0.04032510200097594,True
2013-12-13 06:00:00,10.072389122579288,-0.040264454418102225,True
2012-01-29 21:00:00,10.126703361491476,-0.03991638930998975,True
2013-11-17 11:00:00,10.127415695797232,-0.03991638930998975,True
2013-12-11 05:00:00,10.127967557547006,-0.03991638930998975,True
2016-11-04 17:00:00,10.123792171108066,-0.03991638930998975,True
2016-11-08 00:00:00,10.126173684226549,-0.03991638930998975,True
2011-11-11 20:00:00,10.126087834011644,-0.03991638930998975,True
2012-01-29 04:00:00,10.125785155917397,-0.03991638930998975,True
2014-01-15 18:00:00,10.127163366218404,-0.03991638930998975,True
2015-11-20 00:00:00,10.12461088927166,-0.03991638930998975,True
2015-12-22 21:00:00,10.12732966999331,-0.03991638930998975,True
2009-05-02 10:00:00,0.5177806675226971,-0.03985068553015603,True
2014-04-27 12:00:00,0.5168743937344652,-0.03985068553015603,True
2018-03-13 23:00:00,0.5177806675226971,-0.03985068553015603,True
2017-07-27 02:00:00,0.5182841529606037,-0.03985068553015603,True
2018-08-08 02:00:00,0.5177806675226971,-0.03985068553015603,True
2018-09-14 03:00:00,0.5177806675226971,-0.03985068553015603,True
2012-08-01 07:00:00,0.5177806675226971,-0.03985068553015603,True
2017-05-08 20:00:00,0.5177806675226971,-0.03985068553015603,True
2015-05-16 02:00:00,0.5180827587854411,-0.03985068553015603,True
2014-03-15 10:00:00,0.5180827587854412,-0.03985068553015603,True
2016-09-21 02:00:00,0.5181461586521436,-0.03985068553015603,True
2010-08-11 23:00:00,0.5173778791723719,-0.03985068553015603,True
2013-06-26 12:00:00,0.5177806675226971,-0.03985068553015603,True
2013-12-29 03:00:00,10.070825620070966,-0.03944738748316545,True
2017-11-28 13:00:00,10.068761142086892,-0.03944738748316545,True
2015-11-15 15:00:00,10.070163873598611,-0.03944738748316545,True
2013-12-29 04:00:00,10.07006435793672,-0.03944738748316545,True
2012-01-31 00:00:00,10.070464527259713,-0.03944738748316545,True
2015-11-10 17:00:00,10.067617091749227,-0.03944738748316545,True
2016-11-19 13:00:00,10.066548629177545,-0.039039268440960506,True
2013-12-11 10:00:00,10.062781616270437,-0.039039268440960506,True
2014-11-25 02:00:00,10.065072088788346,-0.039039268440960506,True
2007-11-17 22:00:00,10.066230947877363,-0.039039268440960506,True
2016-11-12 23:00:00,10.062242330498549,-0.039039268440960506,True
2013-12-27 10:00:00,10.063619345481133,-0.039039268440960506,True
2013-11-23 16:00:00,10.058406987233347,-0.039039268440960506,True
2015-01-24 14:00:00,10.065293284484012,-0.039039268440960506,True
2017-11-04 00:00:00,10.06345673390758,-0.039039268440960506,True
2013-12-29 08:00:00,10.06052207082202,-0.039039268440960506,True
2014-12-20 07:00:00,10.058338372288842,-0.039039268440960506,True
2014-12-24 13:00:00,10.058881962858395,-0.039039268440960506,True
2014-11-25 14:00:00,10.058732057983493,-0.039039268440960506,True
2014-12-21 16:00:00,10.066624543500376,-0.039039268440960506,True
2017-11-11 03:00:00,10.062490167692284,-0.039039268440960506,True
2015-12-18 03:00:00,10.061349838070267,-0.039039268440960506,True
2013-12-15 12:00:00,10.06228075114925,-0.039039268440960506,True
2013-11-23 08:00:00,10.064319997410117,-0.039039268440960506,True
2013-12-18 21:00:00,10.061194290366602,-0.039039268440960506,True
2015-11-06 09:00:00,10.05912683392595,-0.039039268440960506,True
2015-12-16 14:00:00,10.06504765062244,-0.039039268440960506,True
2015-12-24 02:00:00,10.06188037268656,-0.039039268440960506,True
2017-12-28 08:00:00,10.057245077535672,-0.03863142543312337,True
2016-01-09 11:00:00,10.057090663464823,-0.03863142543312337,True
2011-11-08 00:00:00,10.050706118314912,-0.03822385827295627,True
2014-12-26 22:00:00,10.043014447050924,-0.03822385827295627,True
2015-11-12 05:00:00,10.054683390940893,-0.03822385827295627,True
2015-12-25 13:00:00,10.039359003323264,-0.03822385827295627,True
2013-11-18 06:00:00,10.055008949642737,-0.03822385827295627,True
2015-11-11 15:00:00,10.052077656782858,-0.03822385827295627,True
2017-01-27 04:00:00,10.039118542014403,-0.03822385827295627,True
2015-12-26 06:00:00,10.043144227428398,-0.03822385827295627,True
2014-12-14 07:00:00,10.053545920930851,-0.03822385827295627,True
2017-10-20 17:00:00,10.05080076794757,-0.03822385827295627,True
2013-11-18 16:00:00,10.03656588506935,-0.03822385827295627,True
2015-12-22 18:00:00,10.044145054083582,-0.03822385827295627,True
2013-12-25 01:00:00,10.038560079554363,-0.03822385827295627,True
2014-12-16 02:00:00,10.052750411058833,-0.03822385827295627,True
2017-11-09 04:00:00,10.037879137419305,-0.03822385827295627,True
2017-12-18 09:00:00,10.055459646250975,-0.03822385827295627,True
2016-01-25 15:00:00,10.040212173173543,-0.03822385827295627,True
2014-10-20 22:00:00,10.051299243246774,-0.03822385827295627,True
2012-01-28 23:00:00,10.03794890692201,-0.03822385827295627,True
2015-01-31 00:00:00,10.044665835256378,-0.03822385827295627,True
2016-01-17 03:00:00,10.04561783879908,-0.03822385827295627,True
2014-11-30 17:00:00,10.039627982852656,-0.03822385827295627,True
2016-10-21 20:00:00,10.03630660075418,-0.03822385827295627,True
2016-10-21 14:00:00,10.038984901071451,-0.03822385827295627,True
2018-01-25 20:00:00,10.044505311043618,-0.03822385827295627,True
2012-01-30 19:00:00,10.03560858020376,-0.03822385827295627,True
2014-12-21 15:00:00,10.037515830244653,-0.03822385827295627,True
2012-01-31 05:00:00,10.035416010145893,-0.03822385827295627,True
2014-11-23 06:00:00,10.033325311789197,-0.03822385827295627,True
2014-01-15 13:00:00,10.042709401669734,-0.03822385827295627,True
2014-01-14 21:00:00,10.035036645566349,-0.03822385827295627,True
2016-11-28 13:00:00,10.048528584939008,-0.03781656677388723,True
2011-11-11 11:00:00,10.046441259215452,-0.03781656677388723,True
2014-12-28 02:00:00,10.048636965477696,-0.03781656677388723,True
2012-01-29 13:00:00,10.049281168087465,-0.03781656677388723,True
2015-12-19 19:00:00,10.049090134751708,-0.03781656677388723,True
2013-12-31 13:00:00,10.045978861655188,-0.03781656677388723,True
2015-12-20 00:00:00,10.0491302171926,-0.03781656677388723,True
2015-11-16 01:00:00,10.047755472884925,-0.03781656677388723,True
2015-11-30 02:00:00,10.04743661747978,-0.03781656677388723,True
2013-12-16 22:00:00,10.01548751165974,-0.037732132125804396,True
2015-12-18 01:00:00,9.985837906731266,-0.037325173209394324,True
2015-12-15 21:00:00,9.989687425459918,-0.037325173209394324,True
2011-11-08 08:00:00,9.989543551877132,-0.037325173209394324,True
2015-11-05 08:00:00,9.988484926631129,-0.037325173209394324,True
2015-01-30 12:00:00,9.986750159565789,-0.037325173209394324,True
2016-11-19 18:00:00,9.98367599721878,-0.037325173209394324,True
2017-12-31 13:00:00,9.981530253376004,-0.037325173209394324,True
2015-11-12 21:00:00,9.989725379160882,-0.037325173209394324,True
2012-11-06 05:00:00,9.98247697103452,-0.037325173209394324,True
2011-11-12 09:00:00,9.983049900108908,-0.037325173209394324,True
2012-11-06 17:00:00,9.984924930514596,-0.037325173209394324,True
2015-11-10 10:00:00,9.988892241833003,-0.037325173209394324,True
2012-11-06 15:00:00,9.98326298106976,-0.037325173209394324,True
2014-12-25 09:00:00,9.985206183568843,-0.037325173209394324,True
2017-01-10 12:00:00,9.98738393924826,-0.037325173209394324,True
2013-12-22 21:00:00,9.985761385309663,-0.037325173209394324,True
2011-11-06 21:00:00,9.98536368473899,-0.037325173209394324,True
2015-12-15 11:00:00,9.983547705360866,-0.037325173209394324,True
2016-11-28 20:00:00,9.986577046580209,-0.037325173209394324,True
2012-11-10 15:00:00,9.986940407087673,-0.037325173209394324,True
2013-12-17 08:00:00,9.98484321913478,-0.037325173209394324,True
2013-12-24 20:00:00,9.989227685921913,-0.037325173209394324,True
2015-11-11 03:00:00,9.983200775204804,-0.037325173209394324,True
2016-11-12 14:00:00,9.989058676395508,-0.037325173209394324,True
2017-08-02 11:00:00,0.5196939121867423,-0.03727143264640498,True
2013-07-24 08:00:00,0.519593215099161,-0.03727143264640498,True
2014-07-01 12:00:00,0.519593215099161,-0.03727143264640498,True
2018-09-03 07:00:00,0.5195652576565233,-0.03727143264640498,True
2017-08-07 09:00:00,0.5191904267488358,-0.03727143264640498,True
2011-07-20 20:00:00,0.519593215099161,-0.03727143264640498,True
2011-07-23 17:00:00,0.519593215099161,-0.03727143264640498,True
2014-06-15 14:00:00,0.5193918209239984,-0.03727143264640498,True
2010-04-23 18:00:00,0.519593215099161,-0.03727143264640498,True
2014-12-28 04:00:00,9.971748635988044,-0.03691848954269228,True
2012-01-29 09:00:00,9.976448716394858,-0.03691848954269228,True
2014-12-25 05:00:00,10.010243582119116,-0.03691848954269228,True
2014-12-18 08:00:00,10.031821127823596,-0.03691848954269228,True
2013-12-28 01:00:00,9.991503121753766,-0.03691848954269228,True
2015-12-24 05:00:00,10.027248678901202,-0.03691848954269228,True
2015-11-04 15:00:00,9.976786276505145,-0.03691848954269228,True
2017-12-20 20:00:00,9.992084909517931,-0.03691848954269228,True
2012-01-29 08:00:00,10.030306862675625,-0.03691848954269228,True
2013-12-25 23:00:00,10.010643108350395,-0.03691848954269228,True
2013-12-16 12:00:00,10.006442181696285,-0.03691848954269228,True
2014-12-19 22:00:00,10.03147471493176,-0.03691848954269228,True
2015-01-29 23:00:00,9.96907419133376,-0.03691848954269228,True
2015-12-17 20:00:00,9.979272913665156,-0.03691848954269228,True
2015-01-30 04:00:00,10.012062796166829,-0.03691848954269228,True
2014-12-17 06:00:00,9.971180257871954,-0.03691848954269228,True
2015-12-17 00:00:00,10.013866119459855,-0.03691848954269228,True
2016-11-28 05:00:00,9.969274097725828,-0.03691848954269228,True
2014-12-13 12:00:00,10.027311559753675,-0.03691848954269228,True
2014-12-13 02:00:00,10.022250498654063,-0.03691848954269228,True
2015-02-01 01:00:00,10.0266676485196,-0.03691848954269228,True
2014-12-26 12:00:00,10.017721833729654,-0.03691848954269228,True
2013-12-12 08:00:00,9.973589360016971,-0.03691848954269228,True
2016-01-09 22:00:00,10.02018265179864,-0.03691848954269228,True
2012-01-28 18:00:00,9.970443617318006,-0.03691848954269228,True
2014-01-02 05:00:00,9.991324554056414,-0.03691848954269228,True
2015-11-09 06:00:00,10.011089369889204,-0.03691848954269228,True
2015-11-09 11:00:00,9.970392088812355,-0.03691848954269228,True
2014-12-17 11:00:00,10.02319577619651,-0.03691848954269228,True
2015-12-22 23:00:00,10.022483367272564,-0.03691848954269228,True
2017-12-15 05:00:00,9.99335006764228,-0.03691848954269228,True
2017-01-27 15:00:00,10.020478845711562,-0.03691848954269228,True
2015-12-25 20:00:00,10.00731608840571,-0.03691848954269228,True
2015-11-10 22:00:00,10.025998075332051,-0.03691848954269228,True
2013-12-17 23:00:00,9.992419713493677,-0.03691848954269228,True
2013-12-17 13:00:00,10.02416093115934,-0.03691848954269228,True
2011-11-11 06:00:00,9.972394605928493,-0.03691848954269228,True
2017-10-25 21:00:00,9.971981573189993,-0.03691848954269228,True
2013-12-20 15:00:00,10.015881303122868,-0.03691848954269228,True
2016-01-20 17:00:00,10.016863704112014,-0.03691848954269228,True
2015-11-06 14:00:00,10.013914154548576,-0.03691848954269228,True
2015-11-07 12:00:00,9.991039514730009,-0.03691848954269228,True
2015-10-27 05:00:00,10.024924548697788,-0.03691848954269228,True
2014-12-13 22:00:00,10.016136172641504,-0.03691848954269228,True
2015-01-19 05:00:00,10.008526556526816,-0.03691848954269228,True
2015-11-12 11:00:00,10.024286805812125,-0.03691848954269228,True
2011-11-08 18:00:00,10.032933821352971,-0.03691848954269228,True
2013-12-20 20:00:00,10.022597712664584,-0.03691848954269228,True
2015-11-07 17:00:00,10.014559202447852,-0.03691848954269228,True
2015-11-07 22:00:00,9.971704417500243,-0.03691848954269228,True
2011-11-05 20:00:00,9.969066634083632,-0.03691848954269228,True
2015-12-25 03:00:00,9.976324696178738,-0.03691848954269228,True
2016-11-28 00:00:00,9.971171135339985,-0.03691848954269228,True
2015-10-28 22:00:00,9.992463250375364,-0.03691848954269228,True
2015-01-23 01:00:00,9.97588438690152,-0.03691848954269228,True
2017-11-09 07:00:00,10.0069794608392,-0.03691848954269228,True
2014-11-08 05:00:00,10.025962159971003,-0.03691848954269228,True
2014-01-10 13:00:00,9.973752157996389,-0.03691848954269228,True
2016-11-13 04:00:00,9.97399955227427,-0.03691848954269228,True
2016-12-16 10:00:00,9.976947803060751,-0.03691848954269228,True
2016-01-09 17:00:00,9.978366101242992,-0.03691848954269228,True
2012-11-04 16:00:00,10.020744021140464,-0.03691848954269228,True
2015-11-03 10:00:00,10.014794403376373,-0.03691848954269228,True
2014-01-10 20:00:00,9.97358980991758,-0.03691848954269228,True
2014-11-04 01:00:00,9.977640877571226,-0.03691848954269228,True
2015-11-05 21:00:00,9.99113719510166,-0.03691848954269228,True
2018-01-10 08:00:00,10.01387067420522,-0.03691848954269228,True
2014-12-19 04:00:00,9.96877079897778,-0.03691848954269228,True
2011-11-22 06:00:00,10.025462442222368,-0.03691848954269228,True
2016-01-10 08:00:00,10.014261592724566,-0.03691848954269228,True
2014-10-27 21:00:00,10.009325904178905,-0.03691848954269228,True
2014-12-05 23:00:00,10.024369634537749,-0.03691848954269228,True
2015-11-03 04:00:00,10.019644495818314,-0.03691848954269228,True
2015-01-31 15:00:00,9.968270308559974,-0.03691848954269228,True
2015-11-03 12:00:00,9.973910346280856,-0.03691848954269228,True
2016-01-25 12:00:00,9.972195229016643,-0.03691848954269228,True
2014-01-09 05:00:00,10.010260881019391,-0.03691848954269228,True
2014-01-21 23:00:00,10.020697703839932,-0.03691848954269228,True
2012-01-31 02:00:00,10.032529051831617,-0.03691848954269228,True
2013-12-13 11:00:00,9.976017029280476,-0.03691848954269228,True
2015-12-20 09:00:00,10.029949467734133,-0.03691848954269228,True
2014-11-25 19:00:00,9.969338016958588,-0.03691848954269228,True
2017-11-04 06:00:00,10.024460048986011,-0.03691848954269228,True
2014-12-21 11:00:00,10.012987408576455,-0.03691848954269228,True
2012-01-31 07:00:00,10.023399801269344,-0.03691848954269228,True
2014-12-21 06:00:00,10.009575099648648,-0.03691848954269228,True
2015-11-02 15:00:00,10.013623769080068,-0.03691848954269228,True
2015-12-27 09:00:00,10.028895102832488,-0.03691848954269228,True
2011-11-10 03:00:00,10.024833795008137,-0.03691848954269228,True
2015-01-24 05:00:00,9.975785370963257,-0.03691848954269228,True
2016-11-15 11:00:00,9.97063075776817,-0.03691848954269228,True
2014-12-28 21:00:00,10.024171799755498,-0.03691848954269228,True
2011-11-12 23:00:00,10.020236797314618,-0.03691848954269228,True
2014-12-29 12:00:00,9.992535580258869,-0.03691848954269228,True
2007-11-17 09:00:00,9.972892978214851,-0.03691848954269228,True
2014-11-19 04:00:00,10.026643695872965,-0.03691848954269228,True
2015-11-28 07:00:00,10.013067822079089,-0.03691848954269228,True
2014-11-01 05:00:00,9.971398783113836,-0.03691848954269228,True
2018-01-08 11:00:00,10.02677575134766,-0.03691848954269228,True
2015-12-21 00:00:00,10.027481158044738,-0.03691848954269228,True
2013-12-11 01:00:00,10.00817603277494,-0.03691848954269228,True
2015-11-08 13:00:00,9.96542186433006,-0.036512080939530955,True
2014-12-24 12:00:00,9.980913859480118,-0.036512080939530955,True
2016-01-10 03:00:00,9.965440673136603,-0.036512080939530955,True
2015-12-16 07:00:00,9.966251643557747,-0.036512080939530955,True
2015-12-26 01:00:00,9.966643209545534,-0.036512080939530955,True
2014-10-25 01:00:00,9.965593650679054,-0.036512080939530955,True
2015-12-20 05:00:00,9.965782480471038,-0.036512080939530955,True
2012-11-05 19:00:00,9.966983329600946,-0.036512080939530955,True
2013-12-18 09:00:00,10.003253796119829,-0.03610594721386928,True
2013-12-14 19:00:00,10.002089821503937,-0.03610594721386928,True
2017-12-18 08:00:00,9.963018037144256,-0.03610594721386928,True
2017-11-06 15:00:00,9.963329812785464,-0.03610594721386928,True
2012-11-10 22:00:00,9.963071353460345,-0.03610594721386928,True
2013-12-25 21:00:00,9.962813496396627,-0.03610594721386928,True
2011-11-09 17:00:00,10.005514331285868,-0.03610594721386928,True
2011-11-08 19:00:00,10.003449144138456,-0.03610594721386928,True
2017-12-26 13:00:00,10.004072931949954,-0.03610594721386928,True
2016-11-12 16:00:00,10.003391230447289,-0.03610594721386928,True
2016-11-13 18:00:00,10.005502394773815,-0.03610594721386928,True
2014-11-19 09:00:00,9.962988820162964,-0.03610594721386928,True
2014-01-16 19:00:00,10.002094499387535,-0.03610594721386928,True
2011-11-09 22:00:00,9.997544579397378,-0.035700088179791756,True
2018-01-12 23:00:00,9.994977216487452,-0.035700088179791756,True
2013-12-10 05:00:00,9.996329360478134,-0.035700088179791756,True
2014-12-29 07:00:00,9.996646898238248,-0.035700088179791756,True
2015-11-28 08:00:00,9.99464078829507,-0.035700088179791756,True
2015-11-28 02:00:00,9.994726116412028,-0.035700088179791756,True
2014-01-15 08:00:00,9.961422029485329,-0.035700088179791756,True
2017-12-13 03:00:00,9.959546990985924,-0.035700088179791756,True
2013-12-30 00:00:00,9.997591839036277,-0.035700088179791756,True
2015-12-18 06:00:00,10.000412045750792,-0.035700088179791756,True
2014-12-20 08:00:00,9.960658707648273,-0.035700088179791756,True
2015-11-18 18:00:00,9.999188073365843,-0.035700088179791756,True
2014-01-14 09:00:00,9.996828130408966,-0.035700088179791756,True
2015-12-24 07:00:00,9.995913900396287,-0.035700088179791756,True
2011-11-10 20:00:00,9.96003677312333,-0.035700088179791756,True
2011-11-10 22:00:00,9.95926123711907,-0.035700088179791756,True
2013-12-18 04:00:00,9.960653251789427,-0.035700088179791756,True
2015-10-30 23:00:00,9.998570930381948,-0.035700088179791756,True
2016-11-12 00:00:00,9.959027997037737,-0.035700088179791756,True
2013-12-26 04:00:00,9.995818267290163,-0.035700088179791756,True
2015-11-08 18:00:00,9.951871271533586,-0.035294503651508546,True
2014-12-24 23:00:00,9.955745537011907,-0.035294503651508546,True
2013-12-14 14:00:00,9.950354566911804,-0.035294503651508546,True
2014-11-06 04:00:00,9.953164659646903,-0.035294503651508546,True
2016-11-19 16:00:00,9.957759743471565,-0.035294503651508546,True
2013-12-13 05:00:00,9.95459602371062,-0.035294503651508546,True
2012-01-28 15:00:00,9.94965934002724,-0.035294503651508546,True
2013-12-28 17:00:00,9.951239094331756,-0.035294503651508546,True
2012-11-10 17:00:00,9.946306966949331,-0.035294503651508546,True
2016-11-13 16:00:00,9.9480257980341,-0.035294503651508546,True
2013-12-10 22:00:00,9.957117605240406,-0.035294503651508546,True
2016-11-12 19:00:00,9.950050160201943,-0.035294503651508546,True
2014-12-18 03:00:00,9.956950665743449,-0.035294503651508546,True
2013-12-27 19:00:00,9.951381510187309,-0.035294503651508546,True
2017-10-25 22:00:00,9.958516120916869,-0.035294503651508546,True
2014-12-27 18:00:00,9.953368956494437,-0.035294503651508546,True
2015-01-29 10:00:00,9.95415313459225,-0.035294503651508546,True
2017-11-28 11:00:00,9.946604597575082,-0.035294503651508546,True
2015-01-19 02:00:00,9.954503377633817,-0.035294503651508546,True
2011-11-10 15:00:00,9.956996537754476,-0.035294503651508546,True
2015-12-24 00:00:00,9.95475442856348,-0.035294503651508546,True
2017-11-07 06:00:00,9.951802610072392,-0.035294503651508546,True
2015-12-20 22:00:00,9.946363198471277,-0.035294503651508546,True
2013-12-10 00:00:00,9.945207170749583,-0.035294503651508546,True
2015-01-29 15:00:00,9.946562864732806,-0.035294503651508546,True
2016-01-22 20:00:00,9.945292789609605,-0.035294503651508546,True
2015-01-29 08:00:00,9.95211349381979,-0.035294503651508546,True
2015-11-07 08:00:00,9.95187201759052,-0.035294503651508546,True
2015-11-07 15:00:00,9.953741337995272,-0.035294503651508546,True
2015-12-21 03:00:00,9.95696594786167,-0.035294503651508546,True
2013-12-09 09:00:00,9.953142481239082,-0.035294503651508546,True
2011-11-12 11:00:00,9.954059940141656,-0.035294503651508546,True
2018-07-05 22:00:00,0.5199960034494864,-0.03524094458200355,True
2016-09-15 09:00:00,0.5198465231599888,-0.03524094458200355,True
2009-09-16 02:00:00,0.5198465231599888,-0.03524094458200355,True
2014-09-24 10:00:00,0.5198465231599888,-0.03524094458200355,True
2016-07-26 20:00:00,0.5198465231599888,-0.03524094458200355,True
2008-03-18 18:00:00,0.5198465231599888,-0.03524094458200355,True
2012-08-01 02:00:00,0.520801580150137,-0.034835670598928004,True
2018-06-06 08:00:00,0.521405762675625,-0.03429828709190008,True
2009-05-02 09:00:00,0.5219092481135316,-0.03429828709190008,True
2014-05-11 01:00:00,0.5214057626756249,-0.03429828709190008,True
2014-07-03 01:00:00,0.5213050655880437,-0.03429828709190008,True
2016-06-18 15:00:00,0.5219511414826331,-0.03429828709190008,True
2016-09-23 10:00:00,0.5225134306390197,-0.03429828709190008,True
2014-05-13 20:00:00,0.5219092481135316,-0.03429828709190008,True
2016-07-24 09:00:00,0.521405762675625,-0.03429828709190008,True
2014-05-13 17:00:00,0.521405762675625,-0.03429828709190008,True
2011-08-07 17:00:00,0.5219092481135316,-0.03429828709190008,True
2018-09-13 03:00:00,0.521405762675625,-0.03429828709190008,True
2013-12-22 16:00:00,9.938139235364629,-0.03395953638043614,True
2011-11-06 06:00:00,9.940810641499809,-0.03395953638043614,True
2016-01-24 01:00:00,9.943034220386208,-0.03395953638043614,True
2011-11-06 01:00:00,9.94083218938174,-0.03395953638043614,True
2013-12-19 17:00:00,9.944401769205363,-0.03395953638043614,True
2014-12-12 11:00:00,9.940033661387533,-0.03395953638043614,True
2013-12-25 06:00:00,9.93841811083597,-0.03395953638043614,True
2011-11-12 04:00:00,9.943435335593842,-0.03395953638043614,True
2013-12-15 22:00:00,9.94448871457908,-0.03395953638043614,True
2015-11-04 03:00:00,9.941339222664544,-0.03395953638043614,True
2011-11-12 14:00:00,9.938083941104436,-0.03395953638043614,True
2015-01-30 17:00:00,9.944872652910991,-0.03395953638043614,True
2015-11-19 01:00:00,9.94417533182895,-0.03395953638043614,True
2018-01-08 10:00:00,9.941754923776308,-0.03395953638043614,True
2014-11-19 12:00:00,9.940192349735426,-0.03395953638043614,True
2015-11-05 18:00:00,9.943064063456244,-0.03395953638043614,True
2017-11-11 06:00:00,9.939254903669651,-0.03395953638043614,True
2015-02-02 04:00:00,9.943138006319163,-0.03395953638043614,True
2015-12-22 16:00:00,9.941756179349053,-0.03395953638043614,True
2016-01-20 02:00:00,9.932674467728113,-0.03355512908738545,True
2014-12-13 19:00:00,9.932691236491356,-0.03355512908738545,True
2011-11-06 16:00:00,9.935199316841404,-0.03355512908738545,True
2011-11-08 23:00:00,9.929640232449854,-0.03355512908738545,True
2013-12-25 13:00:00,9.936241148180054,-0.03355512908738545,True
2011-11-07 14:00:00,9.931897737833356,-0.03355512908738545,True
2013-12-24 15:00:00,9.933006976333326,-0.03355512908738545,True
2012-11-10 20:00:00,9.930558551584555,-0.03355512908738545,True
2015-11-05 13:00:00,9.936649192334311,-0.03355512908738545,True
2015-12-18 18:00:00,9.93095729951467,-0.03355512908738545,True
2014-12-20 02:00:00,9.93211547539918,-0.03355512908738545,True
2015-11-03 22:00:00,9.932533323776678,-0.03355512908738545,True
2015-12-23 04:00:00,9.935230673727787,-0.03355512908738545,True
2014-10-30 02:00:00,9.931017506650049,-0.03355512908738545,True
2012-01-30 14:00:00,9.930425434107237,-0.03355512908738545,True
2016-11-12 09:00:00,9.932615205365792,-0.03355512908738545,True
2015-02-01 08:00:00,9.936192979876756,-0.03355512908738545,True
2014-01-11 01:00:00,9.932537707663794,-0.03355512908738545,True
2011-07-20 13:00:00,0.5257357374416222,-0.03348928795150563,True
2013-09-20 13:00:00,0.5295622267697127,-0.03348928795150563,True
2016-09-26 10:00:00,0.5251315549161342,-0.03348928795150563,True
2007-05-16 21:00:00,0.5269180145864691,-0.03348928795150563,True
2018-09-06 07:00:00,0.5250308578285529,-0.03348928795150563,True
2014-08-15 06:00:00,0.5291594384193873,-0.03348928795150563,True
2013-07-01 20:00:00,0.5250308578285529,-0.03348928795150563,True
2013-06-15 12:00:00,0.5268434054050167,-0.03348928795150563,True
2015-05-10 13:00:00,0.5251315549161341,-0.03348928795150563,True
2018-05-07 00:00:00,0.5251167995991864,-0.03348928795150563,True
2013-09-18 02:00:00,0.5307705918206886,-0.03348928795150563,True
2008-05-27 04:00:00,0.5315516695474815,-0.03348928795150563,True
2012-07-26 05:00:00,0.5304685005579446,-0.03348928795150563,True
2018-07-06 23:00:00,0.5314754714337578,-0.03348928795150563,True
2014-05-12 09:00:00,0.5295622267697127,-0.03348928795150563,True
2010-08-11 20:00:00,0.5268434054050167,-0.03348928795150563,True
2011-07-20 15:00:00,0.5250308578285529,-0.03348928795150563,True
2016-05-12 13:00:00,0.5290587413318061,-0.03348928795150563,True
2012-07-24 11:00:00,0.5294615296821313,-0.03348928795150563,True
2013-06-05 23:00:00,0.5314754714337578,-0.03348928795150563,True
2018-09-09 08:00:00,0.5260693193041436,-0.03348928795150563,True
2013-05-03 16:00:00,0.5304685005579445,-0.03348928795150563,True
2017-07-26 04:00:00,0.5248294636533902,-0.03348928795150563,True
2013-05-15 22:00:00,0.5254666813687066,-0.03348928795150563,True
2018-06-09 05:00:00,0.5257357374416222,-0.03348928795150563,True
2015-05-13 05:00:00,0.5304685005579446,-0.03348928795150563,True
2015-07-30 08:00:00,0.5250308578285529,-0.03348928795150563,True
2018-03-22 13:00:00,0.52520274136982,-0.03348928795150563,True
2017-05-13 06:00:00,0.5304685005579447,-0.03348928795150563,True
2017-05-25 16:00:00,0.5313747743461765,-0.03348928795150563,True
2014-06-01 10:00:00,0.5304685005579447,-0.03348928795150563,True
2016-07-21 07:00:00,0.5304685005579446,-0.03348928795150563,True
2014-07-13 15:00:00,0.5268434054050167,-0.03348928795150563,True
2008-10-31 02:00:00,0.5314720778939469,-0.03348928795150563,True
2014-03-16 00:00:00,0.5250308578285529,-0.03348928795150563,True
2013-07-22 21:00:00,0.5244371069822905,-0.03348928795150563,True
2013-03-22 06:00:00,0.5249609642219584,-0.03348928795150563,True
2009-03-18 03:00:00,0.5303678034703633,-0.03348928795150563,True
2012-11-27 19:00:00,0.5302521452342916,-0.03348928795150563,True
2018-05-12 13:00:00,0.5235931411597764,-0.03308519871449833,True
2012-07-30 23:00:00,0.5238224927775769,-0.03308519871449833,True
2017-05-06 05:00:00,0.5232183102520889,-0.03308519871449833,True
2013-09-20 00:00:00,0.5232183102520889,-0.03308519871449833,True
2009-08-13 01:00:00,0.5232183102520889,-0.03308519871449833,True
2014-07-09 10:00:00,0.5232183102520889,-0.03308519871449833,True
2008-11-27 10:00:00,0.5232332818471409,-0.03308519871449833,True
2014-03-15 12:00:00,0.5232183102520889,-0.03308519871449833,True
2013-03-23 16:00:00,0.5232183102520889,-0.03308519871449833,True
2009-08-13 02:00:00,0.5231176131645076,-0.03308519871449833,True
2011-07-30 23:00:00,0.5231623953668133,-0.03308519871449833,True
2009-08-08 06:00:00,0.5232183102520889,-0.03308519871449833,True
2014-05-16 17:00:00,0.5232183102520889,-0.03308519871449833,True
2009-08-10 05:00:00,0.5232183102520889,-0.03308519871449833,True
2015-11-29 02:00:00,9.927110540684152,-0.03274713488797987,True
2017-12-27 13:00:00,9.927888251476766,-0.03274713488797987,True
2014-12-22 23:00:00,9.925834074182887,-0.03274713488797987,True
2012-11-05 14:00:00,9.926215508925608,-0.03274713488797987,True
2015-11-04 08:00:00,9.926810087707606,-0.03274713488797987,True
2015-02-01 11:00:00,9.926089664647064,-0.03274713488797987,True
2014-01-09 09:00:00,9.92673730375182,-0.03274713488797987,True
2012-11-11 03:00:00,9.92761599876594,-0.03274713488797987,True
2014-12-15 11:00:00,9.928648912412198,-0.03274713488797987,True
2018-09-24 01:00:00,0.5280342979544912,-0.032681382786270086,True
2018-06-20 15:00:00,0.5322810481344086,-0.032681382786270086,True
2015-05-14 03:00:00,0.5322810481344086,-0.032681382786270086,True
2008-07-16 00:00:00,0.5280342979544912,-0.032681382786270086,True
2013-06-08 05:00:00,0.5286559529814806,-0.032681382786270086,True
2010-08-09 16:00:00,0.5326838364847338,-0.032681382786270086,True
2009-05-01 03:00:00,0.5282531646311553,-0.032681382786270086,True
2008-05-27 09:00:00,0.5280342979544912,-0.032681382786270086,True
2014-06-11 14:00:00,0.5322810481344086,-0.032681382786270086,True
2008-05-27 08:00:00,0.5280342979544912,-0.032681382786270086,True
2013-05-03 08:00:00,0.532815337053302,-0.032681382786270086,True
2014-09-26 23:00:00,0.5322810481344086,-0.032681382786270086,True
2010-08-13 09:00:00,0.5286559529814806,-0.032681382786270086,True
2016-05-16 11:00:00,0.5322810481344086,-0.032681382786270086,True
2011-07-22 04:00:00,0.5322810481344086,-0.032681382786270086,True
2010-08-09 13:00:00,0.5323817452219899,-0.032681382786270086,True
2008-05-27 11:00:00,0.5280342979544912,-0.032681382786270086,True
2008-05-27 12:00:00,0.5280342979544912,-0.032681382786270086,True
2008-05-27 13:00:00,0.5280342979544912,-0.032681382786270086,True
2014-05-12 12:00:00,0.5322810481344086,-0.032681382786270086,True
2008-05-27 10:00:00,0.5280342979544912,-0.032681382786270086,True
2014-06-06 23:00:00,0.5322810481344086,-0.032681382786270086,True
2017-07-18 09:00:00,0.5322810481344086,-0.032681382786270086,True
2013-03-25 11:00:00,0.5327107569875765,-0.032681382786270086,True
2018-05-10 07:00:00,0.5286559529814806,-0.032681382786270086,True
2015-07-09 08:00:00,0.5280342979544912,-0.032681382786270086,True
2015-11-08 23:00:00,9.913632052974808,-0.03242722608690174,True
2015-01-30 03:00:00,9.91159063930164,-0.03242722608690174,True
2013-12-14 23:00:00,9.91243024463692,-0.03242722608690174,True
2015-11-09 01:00:00,9.912287107382726,-0.03242722608690174,True
2013-12-23 12:00:00,9.91210666608036,-0.03242722608690174,True
2013-12-20 05:00:00,9.91191044432936,-0.03242722608690174,True
2011-11-13 04:00:00,9.877851176820108,-0.03234354761175018,True
2011-11-13 05:00:00,9.874329727217454,-0.03234354761175018,True
2012-02-01 03:00:00,9.879017481003428,-0.03234354761175018,True
2017-01-27 11:00:00,9.873354090741763,-0.03234354761175018,True
2011-11-13 00:00:00,9.876226143405203,-0.03234354761175018,True
2015-11-11 08:00:00,9.88365581360034,-0.03234354761175018,True
2015-12-17 10:00:00,9.874490605348276,-0.03234354761175018,True
2012-01-30 06:00:00,9.88242848856322,-0.03234354761175018,True
2015-11-16 02:00:00,9.885615510210084,-0.03234354761175018,True
2015-12-25 08:00:00,9.886574083536273,-0.03234354761175018,True
2012-11-05 17:00:00,9.872379806111416,-0.03234354761175018,True
2013-11-18 19:00:00,9.870649548404502,-0.03234354761175018,True
2012-11-11 18:00:00,9.872676745275632,-0.03234354761175018,True
2014-12-27 21:00:00,9.886183609540238,-0.03234354761175018,True
2014-12-17 16:00:00,9.874091291909986,-0.03234354761175018,True
2012-11-04 18:00:00,9.871415069476535,-0.03234354761175018,True
2012-11-06 10:00:00,9.876805077322034,-0.03234354761175018,True
2013-12-12 19:00:00,9.881567531491006,-0.03234354761175018,True
2017-11-14 01:00:00,9.884280157105987,-0.03234354761175018,True
2016-01-23 21:00:00,9.88518319840478,-0.03234354761175018,True
2013-11-24 15:00:00,9.876508070970845,-0.03234354761175018,True
2012-11-10 05:00:00,9.883024651406847,-0.03234354761175018,True
2016-01-25 10:00:00,9.883419573283533,-0.03234354761175018,True
2014-12-23 10:00:00,9.882724620634828,-0.03234354761175018,True
2013-12-30 23:00:00,9.877885933114545,-0.03234354761175018,True
2013-12-30 18:00:00,9.876353496460164,-0.03234354761175018,True
2015-11-05 14:00:00,9.881384594287915,-0.03234354761175018,True
2015-11-08 03:00:00,9.87612580802584,-0.03234354761175018,True
2015-01-24 20:00:00,9.88189534975353,-0.03234354761175018,True
2011-11-12 19:00:00,9.884505302810853,-0.03234354761175018,True
2011-11-12 16:00:00,9.882806446899194,-0.03234354761175018,True
2012-11-04 06:00:00,9.878381396786482,-0.03234354761175018,True
2016-01-10 11:00:00,9.877137198217698,-0.03234354761175018,True
2012-11-07 13:00:00,9.876055375119083,-0.03234354761175018,True
2017-12-18 07:00:00,9.870576428037534,-0.03234354761175018,True
2016-11-27 11:00:00,9.875757179237535,-0.03234354761175018,True
2016-11-27 16:00:00,9.873716673305127,-0.03234354761175018,True
2015-11-09 14:00:00,9.885889549564231,-0.03234354761175018,True
2015-12-18 11:00:00,9.88459900717386,-0.03234354761175018,True
2015-11-12 20:00:00,9.88102548948407,-0.03234354761175018,True
2012-11-10 00:00:00,9.885318968711651,-0.03234354761175018,True
2015-01-30 19:00:00,9.925337688666945,-0.03234354761175007,True
2014-01-14 16:00:00,9.923307632008088,-0.03234354761175007,True
2015-12-14 13:00:00,9.922916830123588,-0.03234354761175007,True
2018-01-23 12:00:00,9.924664565821768,-0.03234354761175007,True
2014-12-28 14:00:00,9.924652985812305,-0.03234354761175007,True
2015-12-21 13:00:00,9.92255853868864,-0.03234354761175007,True
2017-12-22 02:00:00,9.924819159880624,-0.03234354761175007,True
2015-12-26 11:00:00,9.910814920585905,-0.03194023330479434,True
2015-11-13 09:00:00,9.915084812050244,-0.03194023330479434,True
2014-05-30 16:00:00,0.5396319355278456,-0.031865030219776935,True
2013-09-20 11:00:00,0.5359061432873363,-0.031865030219776935,True
2012-03-23 21:00:00,0.5396319355278456,-0.031865030219776935,True
2014-03-28 10:00:00,0.5343956869736165,-0.031865030219776935,True
2014-05-15 04:00:00,0.5395312384402643,-0.031865030219776935,True
2008-06-25 05:00:00,0.5359061432873364,-0.031865030219776935,True
2017-07-23 10:00:00,0.5359061432873364,-0.031865030219776935,True
2014-07-26 10:00:00,0.5349998694991044,-0.031865030219776935,True
2014-05-14 01:00:00,0.5353019607618484,-0.031865030219776935,True
2018-06-03 21:00:00,0.5359061432873364,-0.031865030219776935,True
2013-06-11 22:00:00,0.5359061432873364,-0.031865030219776935,True
2018-06-05 15:00:00,0.5391284500899389,-0.031865030219776935,True
2013-06-19 00:00:00,0.5353019607618484,-0.031865030219776935,True
2004-02-24 15:00:00,0.538951854793954,-0.031865030219776935,True
2011-07-24 20:00:00,0.5391284500899389,-0.031865030219776935,True
2010-05-03 15:00:00,0.5362082345500804,-0.031865030219776935,True
2011-07-30 07:00:00,0.5348991724115232,-0.031865030219776935,True
2017-05-31 00:00:00,0.5360068403749177,-0.031865030219776935,True
2014-07-06 20:00:00,0.5395312384402643,-0.031865030219776935,True
2013-05-18 19:00:00,0.5372152054258937,-0.031865030219776935,True
2016-07-28 19:00:00,0.5395312384402643,-0.031865030219776935,True
2017-05-15 11:00:00,0.5378193879513816,-0.031865030219776935,True
2016-08-01 05:00:00,0.5395312384402643,-0.031865030219776935,True
2009-03-28 06:00:00,0.5386249646520324,-0.031865030219776935,True
2017-08-04 06:00:00,0.5377186908638003,-0.031865030219776935,True
2017-07-30 02:00:00,0.5391284500899389,-0.031865030219776935,True
2010-01-17 21:00:00,0.5347173039811727,-0.031865030219776935,True
2014-08-04 14:00:00,0.5359061432873364,-0.031865030219776935,True
2018-03-18 09:00:00,0.5383202832582356,-0.031865030219776935,True
2014-08-12 12:00:00,0.538222176301707,-0.031865030219776935,True
2018-06-17 13:00:00,0.5359061432873364,-0.031865030219776935,True
2018-09-05 01:00:00,0.5395340844786132,-0.031865030219776935,True
2004-12-17 21:00:00,0.5383888900525795,-0.031865030219776935,True
2014-07-04 04:00:00,0.5359061432873364,-0.031865030219776935,True
2018-05-12 06:00:00,0.5359061432873364,-0.031865030219776935,True
2011-11-07 09:00:00,9.888727448217562,-0.031537191782487706,True
2015-12-21 20:00:00,9.88841210152306,-0.031537191782487706,True
2016-11-09 21:00:00,9.890333973635386,-0.031537191782487706,True
2015-12-20 14:00:00,9.919881434401184,-0.031537191782487706,True
2014-12-23 05:00:00,9.92027280765432,-0.031537191782487706,True
2013-12-13 00:00:00,9.917146466047967,-0.031537191782487706,True
2015-11-09 09:00:00,9.887217494640195,-0.031537191782487706,True
2014-10-20 21:00:00,9.887476697172456,-0.031537191782487706,True
2014-12-23 20:00:00,9.918041976315584,-0.031537191782487706,True
2015-11-10 06:00:00,9.890541248993204,-0.031537191782487706,True
2015-01-29 20:00:00,9.887669642495846,-0.031537191782487706,True
2012-11-04 11:00:00,9.889366772057771,-0.031537191782487706,True
2011-11-11 08:00:00,9.916432235385004,-0.031537191782487706,True
2011-11-09 19:00:00,9.916832330907088,-0.031537191782487706,True
2011-11-09 14:00:00,9.919550712358602,-0.031537191782487706,True
2012-11-04 21:00:00,9.889053972754194,-0.031537191782487706,True
2015-01-30 10:00:00,9.890334529284374,-0.031537191782487706,True
2013-12-29 20:00:00,9.887101971590615,-0.031537191782487706,True
2015-11-04 10:00:00,9.916489328065806,-0.031537191782487706,True
2018-01-10 09:00:00,9.887340895536829,-0.031537191782487706,True
2013-12-21 23:00:00,9.890942505830358,-0.031537191782487706,True
2012-11-10 10:00:00,9.917467489057485,-0.031537191782487706,True
2014-01-01 02:00:00,9.910051266792603,-0.031537191782487706,True
2016-12-16 14:00:00,9.917342920146368,-0.031537191782487706,True
2012-11-05 09:00:00,9.889927903646988,-0.031537191782487706,True
2014-01-21 15:00:00,9.891391266212624,-0.031537191782487706,True
2015-01-31 13:00:00,9.918602781960644,-0.031537191782487706,True
2017-10-23 23:00:00,9.916488948969931,-0.031537191782487706,True
2014-01-14 19:00:00,9.920710791220795,-0.031537191782487706,True
2013-12-12 13:00:00,9.915540072345662,-0.031537191782487706,True
2015-11-09 04:00:00,9.891066366287657,-0.031537191782487706,True
2015-12-16 02:00:00,9.919534462978293,-0.031537191782487706,True
2011-11-11 01:00:00,9.92106642857308,-0.031537191782487706,True
2014-11-19 01:00:00,9.888371788254034,-0.031537191782487706,True
2016-11-19 11:00:00,9.910291442040856,-0.031537191782487706,True
2014-12-17 05:00:00,9.917916116611757,-0.031537191782487706,True
2013-12-10 15:00:00,9.889982524207106,-0.031537191782487706,True
2012-01-30 21:00:00,9.88788310116908,-0.031537191782487706,True
2014-12-20 03:00:00,9.887113383617944,-0.031537191782487706,True
2014-12-21 21:00:00,9.919500063693034,-0.031537191782487706,True
2014-12-18 23:00:00,9.919819796981855,-0.031537191782487706,True
2012-11-09 19:00:00,9.920064555576197,-0.031537191782487706,True
2013-10-28 17:00:00,0.5456253169355121,-0.03146203956163951,True
2018-07-02 08:00:00,0.5483925821474213,-0.03146203956163951,True
2018-03-14 01:00:00,0.54678142874612,-0.03146203956163951,True
2018-06-09 08:00:00,0.544968881169656,-0.03146203956163951,True
2005-03-09 04:00:00,0.5421829863530547,-0.03146203956163951,True
2018-08-04 02:00:00,0.544968881169656,-0.03146203956163951,True
2015-07-30 07:00:00,0.5413437860167282,-0.03146203956163951,True
2018-06-24 10:00:00,0.54678142874612,-0.03146203956163951,True
2014-07-16 07:00:00,0.5484932792350025,-0.03146203956163951,True
2018-07-04 07:00:00,0.5424514539801228,-0.03146203956163951,True
2018-07-22 13:00:00,0.5431563335931922,-0.03146203956163951,True
2014-07-06 15:00:00,0.5486946734101652,-0.03146203956163951,True
2014-08-03 19:00:00,0.54678142874612,-0.03146203956163951,True
2014-08-02 20:00:00,0.544968881169656,-0.03146203956163951,True
2013-09-15 19:00:00,0.5421829863530547,-0.03146203956163951,True
2018-05-15 00:00:00,0.5412319562461769,-0.03146203956163951,True
2018-05-18 23:00:00,0.5333887160978031,-0.03146203956163951,True
2011-07-23 20:00:00,0.544968881169656,-0.03146203956163951,True
2011-07-21 01:00:00,0.540034723878171,-0.03146203956163951,True
2009-08-13 07:00:00,0.54678142874612,-0.03146203956163951,True
2014-03-15 15:00:00,0.5448681840820747,-0.03146203956163951,True
2017-05-12 08:00:00,0.5485939763225839,-0.03146203956163951,True
2008-08-14 05:00:00,0.5421829863530547,-0.03146203956163951,True
2017-07-28 06:00:00,0.5485939763225839,-0.03146203956163951,True
2012-07-25 07:00:00,0.5483925821474213,-0.03146203956163951,True
2017-08-05 09:00:00,0.5333887160978031,-0.03146203956163951,True
2017-09-24 00:00:00,0.5485939763225839,-0.03146203956163951,True
2009-05-02 05:00:00,0.544968881169656,-0.03146203956163951,True
2016-05-10 20:00:00,0.54678142874612,-0.03146203956163951,True
2016-05-15 01:00:00,0.5485939763225839,-0.03146203956163951,True
2009-05-02 13:00:00,0.544968881169656,-0.03146203956163951,True
2012-03-22 02:00:00,0.5421829863530547,-0.03146203956163951,True
2012-07-28 07:00:00,0.5413437860167282,-0.03146203956163951,True
2012-07-30 15:00:00,0.5450695782572373,-0.03146203956163951,True
2016-08-04 07:00:00,0.5448681840820747,-0.03146203956163951,True
2014-05-14 06:00:00,0.5413437860167282,-0.03146203956163951,True
2014-07-10 08:00:00,0.5485939763225839,-0.03146203956163951,True
2014-07-11 06:00:00,0.543156333593192,-0.03146203956163951,True
2013-05-18 23:00:00,0.5437646448449918,-0.03146203956163951,True
2007-05-19 16:00:00,0.5421829863530547,-0.03146203956163951,True
2016-09-20 22:00:00,0.5419479685422162,-0.03146203956163951,True
2006-06-16 10:00:00,0.5449037031379195,-0.03146203956163951,True
2013-06-12 15:00:00,0.5413437860167282,-0.03146203956163951,True
2013-09-14 23:00:00,0.5465800345709574,-0.03146203956163951,True
2013-07-29 18:00:00,0.5413437860167282,-0.03146203956163951,True
2013-05-01 13:00:00,0.5431563335931922,-0.03146203956163951,True
2013-03-16 06:00:00,0.5413437860167282,-0.03146203956163951,True
2013-06-26 02:00:00,0.5408403005788216,-0.03146203956163951,True
2009-03-21 04:00:00,0.5413437860167282,-0.03146203956163951,True
2016-07-17 07:00:00,0.543156333593192,-0.03146203956163951,True
2013-03-18 12:00:00,0.543156333593192,-0.03146203956163951,True
2014-03-19 11:00:00,0.5476877025343521,-0.03146203956163951,True
2012-07-30 12:00:00,0.5485939763225839,-0.03146203956163951,True
2016-05-09 18:00:00,0.54678142874612,-0.03146203956163951,True
2014-12-26 13:00:00,9.899337774068153,-0.031134422860330302,True
2015-12-24 12:00:00,9.904410174529678,-0.031134422860330302,True
2015-11-08 08:00:00,9.900910916840164,-0.031134422860330302,True
2015-12-19 06:00:00,9.895724170871048,-0.031134422860330302,True
2011-11-11 13:00:00,9.894676581871831,-0.031134422860330302,True
2011-11-11 18:00:00,9.905747329364342,-0.031134422860330302,True
2015-12-17 15:00:00,9.90404123558669,-0.031134422860330302,True
2014-10-24 18:00:00,9.894660877843226,-0.031134422860330302,True
2017-10-23 22:00:00,9.900258529211834,-0.031134422860330302,True
2014-12-19 16:00:00,9.904003691964114,-0.031134422860330302,True
2014-12-20 18:00:00,9.895771154485336,-0.031134422860330302,True
2011-11-08 13:00:00,9.898044608098113,-0.031134422860330302,True
2015-11-13 01:00:00,9.897970028224124,-0.031134422860330302,True
2014-12-14 02:00:00,9.902714654534316,-0.031134422860330302,True
2012-01-28 22:00:00,9.8992275919891,-0.031134422860330302,True
2015-11-06 12:00:00,9.897005283512213,-0.031134422860330302,True
2014-12-12 01:00:00,9.902017325626217,-0.031134422860330302,True
2018-01-04 08:00:00,9.89396659570128,-0.031134422860330302,True
2014-01-21 01:00:00,9.904685176528783,-0.031134422860330302,True
2015-11-04 13:00:00,9.894765580914976,-0.031134422860330302,True
2012-11-07 08:00:00,9.903247567514374,-0.031134422860330302,True
2013-12-12 18:00:00,9.903462284816795,-0.031134422860330302,True
2015-11-13 06:00:00,9.904099167297929,-0.031134422860330302,True
2012-11-26 18:00:00,9.904019664468516,-0.031134422860330302,True
2015-11-12 16:00:00,9.904702375981678,-0.031134422860330302,True
2013-12-17 01:00:00,9.900294579567635,-0.031134422860330302,True
2014-01-10 08:00:00,9.908836762354449,-0.031134422860330302,True
2011-11-11 03:00:00,9.905005111457934,-0.031134422860330302,True
2013-12-17 03:00:00,9.89425551640124,-0.031134422860330302,True
2012-02-01 08:00:00,9.895662812006371,-0.031134422860330302,True
2013-12-30 20:00:00,9.895585053137584,-0.031134422860330302,True
2017-12-26 12:00:00,9.895942655727392,-0.031134422860330302,True
2015-01-24 21:00:00,9.89643521441354,-0.031134422860330302,True
2013-11-23 21:00:00,9.900619937434078,-0.031134422860330302,True
2016-01-24 08:00:00,9.901930568363213,-0.031134422860330302,True
2011-11-07 22:00:00,9.897523276051274,-0.031134422860330302,True
2015-12-22 08:00:00,9.903626153852732,-0.031134422860330302,True
2016-01-10 00:00:00,9.902522207734476,-0.031134422860330302,True
2016-07-25 05:00:00,0.5340935957108724,-0.031059321469248946,True
2013-06-06 16:00:00,0.5340935957108724,-0.031059321469248946,True
2014-03-16 20:00:00,0.5340935957108724,-0.031059321469248946,True
2009-05-02 07:00:00,0.5340935957108724,-0.031059321469248946,True
2014-09-28 09:00:00,0.5340935957108724,-0.031059321469248946,True
2012-07-27 13:00:00,0.5340935957108724,-0.031059321469248946,True
2012-07-26 03:00:00,0.5342949898860352,-0.031059321469248946,True
2014-08-01 20:00:00,0.5340935957108724,-0.031059321469248946,True
2011-07-22 12:00:00,0.5340935957108724,-0.031059321469248946,True
2011-11-09 04:00:00,9.86923073787471,-0.030962448190645864,True
2013-12-24 10:00:00,9.86984094838074,-0.030962448190645864,True
2014-10-21 01:00:00,9.869368101792707,-0.030962448190645864,True
2015-11-21 15:00:00,9.869418672452612,-0.030962448190645864,True
2013-12-18 11:00:00,9.865973286268488,-0.03056006800061717,True
2015-01-30 20:00:00,9.865113518531873,-0.03056006800061717,True
2017-11-07 08:00:00,9.864215847143909,-0.03056006800061717,True
2012-11-11 01:00:00,9.866184624317968,-0.03056006800061717,True
2015-01-24 19:00:00,9.867355485093515,-0.03056006800061717,True
2014-01-16 20:00:00,9.867063277043597,-0.03056006800061717,True
2017-11-07 18:00:00,9.86808045337358,-0.03056006800061717,True
2014-12-22 07:00:00,9.865288629101268,-0.03056006800061717,True
2015-02-02 09:00:00,9.866002527265438,-0.03056006800061717,True
2014-12-13 21:00:00,9.867256403623465,-0.03056006800061717,True
2015-10-28 15:00:00,9.850873206539664,-0.029756123895043673,True
2012-01-29 19:00:00,9.852173805605691,-0.029756123895043673,True
2016-11-12 02:00:00,9.860338143313218,-0.029756123895043673,True
2013-12-15 04:00:00,9.851512555432972,-0.029756123895043673,True
2015-12-19 21:00:00,9.860250520651183,-0.029756123895043673,True
2013-12-24 00:00:00,9.858948404468237,-0.029756123895043673,True
2017-12-19 21:00:00,9.855190657013482,-0.029756123895043673,True
2014-12-28 09:00:00,9.853808343763948,-0.029756123895043673,True
2017-12-12 00:00:00,9.849806513105818,-0.029756123895043673,True
2012-11-08 16:00:00,9.854874223037816,-0.029756123895043673,True
2013-12-26 17:00:00,9.845493116857964,-0.029756123895043673,True
2014-12-13 14:00:00,9.85654705071316,-0.029756123895043673,True
2011-11-06 18:00:00,9.85512334438557,-0.029756123895043673,True
2011-11-06 11:00:00,9.844932233737024,-0.029756123895043673,True
2011-11-07 17:00:00,9.850752475069587,-0.029756123895043673,True
2011-11-07 21:00:00,9.85086295542733,-0.029756123895043673,True
2016-01-20 20:00:00,9.859221309648223,-0.029756123895043673,True
2015-12-23 14:00:00,9.860688395584438,-0.029756123895043673,True
2012-11-06 12:00:00,9.85245259143651,-0.029756123895043673,True
2014-01-14 14:00:00,9.859826628268042,-0.029756123895043673,True
2015-01-24 18:00:00,9.852815620433509,-0.029756123895043673,True
2015-01-22 00:00:00,9.863731917489693,-0.029756123895043673,True
2018-01-08 09:00:00,9.856734096204953,-0.029756123895043673,True
2016-11-19 21:00:00,9.851187700990932,-0.029756123895043673,True
2013-12-30 05:00:00,9.850744511668768,-0.029756123895043673,True
2018-01-12 22:00:00,9.852600987740542,-0.029756123895043673,True
2017-12-20 21:00:00,9.84639030529109,-0.029756123895043673,True
2014-12-23 00:00:00,9.86250982078546,-0.029756123895043673,True
2015-12-21 10:00:00,9.859209893112372,-0.029756123895043673,True
2013-12-26 02:00:00,9.846925289680362,-0.029756123895043673,True
2013-12-20 00:00:00,9.861803760966056,-0.029756123895043673,True
2013-12-22 19:00:00,9.853706656911642,-0.029756123895043673,True
2015-11-08 20:00:00,9.846512028699136,-0.029756123895043673,True
2014-12-25 10:00:00,9.860720509223652,-0.029756123895043673,True
2017-01-01 18:00:00,9.86079442894089,-0.029756123895043673,True
2015-01-31 06:00:00,9.84527153063919,-0.029756123895043673,True
2015-01-31 18:00:00,9.856772368511283,-0.029756123895043673,True
2013-12-14 13:00:00,9.849929257170553,-0.029756123895043673,True
2011-11-11 23:00:00,9.845587181723548,-0.029756123895043673,True
2013-12-15 21:00:00,9.854644508853172,-0.029756123895043673,True
2015-01-31 23:00:00,9.858430314166238,-0.029756123895043673,True
2015-12-16 12:00:00,9.855864819307632,-0.029756123895043673,True
2016-11-28 15:00:00,9.84501360685212,-0.029756123895043673,True
2012-02-02 06:00:00,9.856873771050548,-0.029756123895043673,True
2013-12-11 03:00:00,9.847158745961355,-0.029756123895043673,True
2014-12-16 18:00:00,9.86193234674026,-0.029756123895043673,True
2014-12-27 23:00:00,9.84612442639477,-0.029756123895043673,True
2015-02-01 03:00:00,9.860002911876244,-0.029756123895043673,True
2015-12-17 05:00:00,9.845201947845869,-0.029756123895043673,True
2015-11-20 21:00:00,9.845232501577676,-0.029756123895043673,True
2015-02-01 23:00:00,9.84311496837096,-0.029497379530974754,True
2015-11-19 04:00:00,9.840151801864131,-0.029497379530974754,True
2013-12-19 07:00:00,9.836786777476064,-0.029497379530974754,True
2015-11-03 08:00:00,9.835881001902992,-0.029497379530974754,True
2013-12-31 09:00:00,9.842822562558238,-0.029497379530974754,True
2015-11-19 02:00:00,9.84099341104366,-0.029497379530974754,True
2014-12-25 19:00:00,9.838554757165088,-0.029497379530974754,True
2011-11-09 09:00:00,9.834605372179055,-0.029497379530974754,True
2014-12-23 15:00:00,9.838649876076069,-0.029497379530974754,True
2013-12-30 15:00:00,9.842573933476835,-0.029497379530974754,True
2015-01-24 17:00:00,9.838275755773497,-0.029497379530974754,True
2018-01-15 22:00:00,9.836484210978336,-0.029497379530974754,True
2014-11-25 15:00:00,9.839988501749955,-0.029497379530974754,True
2013-12-22 09:00:00,9.843655548932675,-0.029497379530974754,True
2014-12-17 22:00:00,9.842574940201454,-0.029497379530974754,True
2015-02-01 04:00:00,9.83545159693869,-0.029497379530974754,True
2014-12-17 00:00:00,9.842774581603074,-0.029497379530974754,True
2011-11-05 18:00:00,9.83847074372786,-0.029497379530974754,True
2016-01-06 22:00:00,9.836121528641325,-0.029497379530974754,True
2017-11-08 18:00:00,9.844289005503963,-0.029497379530974754,True
2012-11-08 06:00:00,9.83788798361974,-0.029497379530974754,True
2014-10-27 20:00:00,9.844490689433105,-0.029497379530974754,True
2015-01-31 01:00:00,9.842382225394111,-0.029497379530974754,True
2015-11-03 15:00:00,9.834526386533176,-0.029497379530974754,True
2007-11-17 12:00:00,9.837160724663796,-0.029497379530974754,True
2013-12-16 03:00:00,9.83832415398006,-0.029497379530974754,True
2012-01-31 10:00:00,9.83863915353044,-0.029497379530974754,True
2015-02-03 07:00:00,9.836917349428996,-0.029497379530974754,True
2015-11-06 07:00:00,9.848275700613527,-0.02935455961147826,True
2015-12-22 01:00:00,9.847678853908793,-0.02935455961147826,True
2016-01-19 22:00:00,9.848097969057212,-0.02935455961147826,True
2011-11-07 04:00:00,9.848617281681786,-0.02935455961147826,True
2015-11-13 02:00:00,9.847343506130928,-0.02935455961147826,True
2012-11-09 07:00:00,9.848779083430664,-0.02935455961147826,True
2013-12-25 11:00:00,9.848266767876202,-0.02935455961147826,True
2015-09-18 14:00:00,0.549552038769131,-0.02891861983380184,True
2009-03-18 10:00:00,0.5490974617604906,-0.02891861983380184,True
2012-11-09 12:00:00,9.832278130757896,-0.028576092753382354,True
2015-11-29 09:00:00,9.83227862308926,-0.028576092753382354,True
2016-01-26 10:00:00,9.833645970469332,-0.028576092753382354,True
2013-11-18 17:00:00,9.831840225832012,-0.028576092753382354,True
2014-12-12 23:00:00,9.834007385611224,-0.028576092753382354,True
2013-11-09 06:00:00,9.828283060055687,-0.028175326592708827,True
2017-10-16 20:00:00,9.830975080204109,-0.028175326592708827,True
2015-11-11 12:00:00,9.831729439099853,-0.028175326592708827,True
2016-11-09 19:00:00,9.82950954976936,-0.028175326592708827,True
2014-12-22 13:00:00,9.831356187093329,-0.028175326592708827,True
2015-11-15 10:00:00,9.830157372462134,-0.028175326592708827,True
2013-12-16 02:00:00,9.829294192626447,-0.028175326592708827,True
2011-11-10 00:00:00,9.829889469534583,-0.028175326592708827,True
2017-11-11 04:00:00,9.827389285570373,-0.028175326592708827,True
2016-01-24 05:00:00,9.82732577305723,-0.028175326592708827,True
2012-11-09 14:00:00,9.829200339023492,-0.028175326592708827,True
2011-11-10 10:00:00,9.828375631426576,-0.028175326592708827,True
2014-05-21 00:00:00,0.5499030384611412,-0.028116895388830776,True
2009-03-17 22:00:00,0.5497016442859785,-0.028116895388830776,True
2013-09-20 10:00:00,0.5505072209866292,-0.028116895388830776,True
2017-08-03 16:00:00,0.5502051297238851,-0.028116895388830776,True
2016-07-17 10:00:00,0.5504065238990479,-0.028116895388830776,True
2014-03-23 03:00:00,0.5509100093369544,-0.028116895388830776,True
2016-05-25 17:00:00,0.5504065238990478,-0.028116895388830776,True
2012-11-27 18:00:00,0.5510885108766767,-0.028116895388830776,True
2014-09-19 11:00:00,0.5529066056405805,-0.028116895388830776,True
2016-09-17 21:00:00,0.5507086151617918,-0.028116895388830776,True
2011-07-27 17:00:00,0.5522190714755117,-0.028116895388830776,True
2015-07-31 15:00:00,0.5506079180742105,-0.028116895388830776,True
2005-01-20 15:00:00,0.5514888016813032,-0.028116895388830776,True
2018-09-04 19:00:00,0.5528400787606675,-0.028116895388830776,True
2018-05-08 08:00:00,0.5516037562670538,-0.028116895388830776,True
2018-03-16 20:00:00,0.5520653055410037,-0.028116895388830776,True
2016-05-16 06:00:00,0.5522190714755117,-0.028116895388830776,True
2014-05-12 07:00:00,0.5525211627382558,-0.028116895388830776,True
2011-07-21 23:00:00,0.5504065238990479,-0.028116895388830776,True
2007-08-21 09:00:00,0.5511076479432743,-0.028116895388830776,True
2013-06-17 16:00:00,0.5506079180742105,-0.028116895388830776,True
2015-07-31 12:00:00,0.553528133614069,-0.028116895388830776,True
2014-06-01 17:00:00,0.5504065238990479,-0.028116895388830776,True
2013-07-08 15:00:00,0.5522190714755117,-0.028116895388830776,True
2014-05-13 07:00:00,0.5506079180742105,-0.028116895388830776,True
2013-07-27 14:00:00,0.5501044326363038,-0.028116895388830776,True
2012-01-30 00:00:00,9.82689082373618,-0.026974653744623045,True
2016-10-23 18:00:00,9.818440064422788,-0.026974653744623045,True
2013-12-23 22:00:00,9.825607568617482,-0.026974653744623045,True
2013-12-24 18:00:00,9.817995098016484,-0.026974653744623045,True
2011-11-05 23:00:00,9.818825586978472,-0.026974653744623045,True
2015-12-19 11:00:00,9.82152421755079,-0.026974653744623045,True
2013-12-11 18:00:00,9.8251465309843,-0.026974653744623045,True
2015-12-18 23:00:00,9.822620266601488,-0.026974653744623045,True
2007-01-29 12:00:00,9.825700284268098,-0.026974653744623045,True
2015-12-19 04:00:00,9.818801316568608,-0.026974653744623045,True
2007-01-29 17:00:00,9.817962990355538,-0.026974653744623045,True
2016-01-09 12:00:00,9.818605908882152,-0.026974653744623045,True
2012-11-07 03:00:00,9.823479811092652,-0.026974653744623045,True
2011-11-10 05:00:00,9.823655361799714,-0.026974653744623045,True
2013-12-28 05:00:00,9.818119522386963,-0.026974653744623045,True
2015-12-22 06:00:00,9.818944658941035,-0.026974653744623045,True
2017-11-07 04:00:00,9.82355252967874,-0.026974653744623045,True
2016-01-08 21:00:00,9.81801812179044,-0.026974653744623045,True
2011-11-08 02:00:00,9.826493154630825,-0.026974653744623045,True
2012-11-10 12:00:00,9.8206022501144,-0.026974653744623045,True
2014-12-14 15:00:00,9.823618338708895,-0.026974653744623045,True
2014-12-15 06:00:00,9.824378254486543,-0.026974653744623045,True
2011-11-07 07:00:00,9.820765065530043,-0.026974653744623045,True
2015-11-06 04:00:00,9.824423382116755,-0.026974653744623045,True
2013-12-20 10:00:00,9.823244587741312,-0.026974653744623045,True
2012-11-06 22:00:00,9.82639013834511,-0.026974653744623045,True
2015-01-24 16:00:00,9.823735891113484,-0.026974653744623045,True
2014-11-19 17:00:00,9.820452412247423,-0.026974653744623045,True
2016-11-27 21:00:00,9.82570542498954,-0.026974653744623045,True
2012-11-03 20:00:00,9.82463683688337,-0.026974653744623045,True
2013-11-04 18:00:00,9.821425703022868,-0.026974653744623045,True
2015-11-20 10:00:00,9.82189306037452,-0.026974653744623045,True
2013-09-18 01:00:00,0.5584622909055541,-0.026916341021719137,True
2016-05-13 17:00:00,0.5563476520663463,-0.026916341021719137,True
2009-08-13 00:00:00,0.555038589927789,-0.026916341021719137,True
2016-05-07 18:00:00,0.554805094987678,-0.026916341021719137,True
2012-08-01 14:00:00,0.5576567142049036,-0.026916341021719137,True
2011-07-22 09:00:00,0.5558441666284396,-0.026916341021719137,True
2015-07-25 06:00:00,0.5558441666284396,-0.026916341021719137,True
2015-05-11 19:00:00,0.5582608967303915,-0.026916341021719137,True
2014-07-18 01:00:00,0.5540316190519757,-0.026916341021719137,True
2018-08-01 00:00:00,0.5582608967303915,-0.026916341021719137,True
2006-07-25 20:00:00,0.5541192518996967,-0.026916341021719137,True
2009-08-13 14:00:00,0.5541524555570732,-0.026916341021719137,True
2014-07-01 02:00:00,0.553989682888019,-0.026916341021719137,True
2012-07-25 09:00:00,0.5582608967303916,-0.026916341021719137,True
2013-05-17 11:00:00,0.5540316190519757,-0.026916341021719137,True
2013-09-19 23:00:00,0.5560455608036022,-0.026916341021719137,True
2016-07-20 04:00:00,0.5576567142049036,-0.026916341021719137,True
2016-07-17 05:00:00,0.5558441666284396,-0.026916341021719137,True
2012-08-03 01:00:00,0.5582608967303915,-0.026916341021719137,True
2014-07-13 17:00:00,0.5558441666284396,-0.026916341021719137,True
2013-05-04 10:00:00,0.5540316190519757,-0.026916341021719137,True
2013-03-25 20:00:00,0.5563476520663463,-0.026916341021719137,True
2018-06-26 16:00:00,0.5558441666284396,-0.026916341021719137,True
2013-06-20 13:00:00,0.5540316190519757,-0.026916341021719137,True
2013-11-12 13:00:00,9.693903435457011,-0.026822292992411012,True
2018-09-12 04:00:00,0.5649069045107593,-0.026516697446547832,True
2013-06-19 12:00:00,0.5656845237687721,-0.026516697446547832,True
2004-05-26 18:00:00,0.5694012452537814,-0.026516697446547832,True
2018-07-01 10:00:00,0.5697403647146632,-0.026516697446547832,True
2018-07-06 01:00:00,0.5678271200506179,-0.026516697446547832,True
2018-07-29 06:00:00,0.5612818093578315,-0.026516697446547832,True
2006-03-21 23:00:00,0.5694012452537814,-0.026516697446547832,True
2018-07-08 09:00:00,0.5612818093578315,-0.026516697446547832,True
2006-03-27 17:00:00,0.5694012452537814,-0.026516697446547832,True
2013-07-02 08:00:00,0.5716536093787083,-0.026516697446547832,True
2013-06-12 13:00:00,0.570344547240151,-0.026516697446547832,True
2013-05-22 03:00:00,0.5694012452537814,-0.026516697446547832,True
2013-05-16 20:00:00,0.5721570948166149,-0.026516697446547832,True
2013-08-05 10:00:00,0.5667194520872232,-0.026516697446547832,True
2013-07-22 20:00:00,0.5713609217646878,-0.026516697446547832,True
2014-08-14 09:00:00,0.5612818093578315,-0.026516697446547832,True
2014-09-17 22:00:00,0.5635559062082452,-0.026516697446547832,True
2014-06-01 12:00:00,0.5649069045107592,-0.026516697446547832,True
2014-05-18 20:00:00,0.570344547240151,-0.026516697446547832,True
2014-07-25 05:00:00,0.571250821028383,-0.026516697446547832,True
2014-07-12 04:00:00,0.5649069045107592,-0.026516697446547832,True
2007-09-03 18:00:00,0.5676163129357376,-0.026516697446547832,True
2013-05-12 04:00:00,0.564806207423178,-0.026516697446547832,True
2013-06-28 11:00:00,0.5721570948166149,-0.026516697446547832,True
2013-06-29 11:00:00,0.5649069045107592,-0.026516697446547832,True
2013-03-28 13:00:00,0.5636985394597833,-0.026516697446547832,True
2013-04-25 09:00:00,0.5620873860584821,-0.026516697446547832,True
2013-04-26 05:00:00,0.570344547240151,-0.026516697446547832,True
2016-08-01 20:00:00,0.570344547240151,-0.026516697446547832,True
2009-03-18 11:00:00,0.5620873860584821,-0.026516697446547832,True
2014-05-14 10:00:00,0.570344547240151,-0.026516697446547832,True
2014-05-12 14:00:00,0.570042455977407,-0.026516697446547832,True
2014-03-17 15:00:00,0.5630943569342953,-0.026516697446547832,True
2009-05-10 20:00:00,0.570344547240151,-0.026516697446547832,True
2016-05-08 17:00:00,0.5673992202960038,-0.026516697446547832,True
2017-07-17 09:00:00,0.5697403647146632,-0.026516697446547832,True
2017-05-26 17:00:00,0.5685319996636872,-0.026516697446547832,True
2016-07-27 09:00:00,0.570344547240151,-0.026516697446547832,True
2008-09-13 21:00:00,0.5694012452537814,-0.026516697446547832,True
2014-03-15 20:00:00,0.5685319996636871,-0.026516697446547832,True
2014-03-16 22:00:00,0.5666187549996419,-0.026516697446547832,True
2014-05-13 13:00:00,0.5721570948166149,-0.026516697446547832,True
2013-01-25 03:00:00,0.561822490847499,-0.026516697446547832,True
2012-12-06 00:00:00,0.5626092037853899,-0.026516697446547832,True
2009-05-02 11:00:00,0.5649069045107592,-0.026516697446547832,True
2009-05-02 19:00:00,0.5649069045107592,-0.026516697446547832,True
2009-08-08 09:00:00,0.5651082986859219,-0.026516697446547832,True
2009-05-20 13:00:00,0.5694012452537814,-0.026516697446547832,True
2010-08-09 14:00:00,0.5721570948166149,-0.026516697446547832,True
2016-05-11 10:00:00,0.5630943569342953,-0.026516697446547832,True
2016-05-11 23:00:00,0.5721570948166149,-0.026516697446547832,True
2009-05-20 14:00:00,0.5694012452537814,-0.026516697446547832,True
2016-05-16 01:00:00,0.5721570948166149,-0.026516697446547832,True
2009-05-01 02:00:00,0.572157094816615,-0.026516697446547832,True
2009-03-23 14:00:00,0.5649069045107593,-0.026516697446547832,True
2017-07-19 07:00:00,0.5721570948166149,-0.026516697446547832,True
2011-07-28 11:00:00,0.5620873860584821,-0.026516697446547832,True
2010-08-13 11:00:00,0.5721570948166149,-0.026516697446547832,True
2009-08-10 23:00:00,0.5612818093578315,-0.026516697446547832,True
2011-07-22 07:00:00,0.5685319996636872,-0.026516697446547832,True
2011-07-31 10:00:00,0.5667194520872232,-0.026516697446547832,True
2015-09-17 06:00:00,0.5661152695617352,-0.026516697446547832,True
2018-07-09 17:00:00,0.5721570948166149,-0.026516697446547832,True
2012-07-28 08:00:00,0.5721570948166149,-0.026516697446547832,True
2018-01-31 16:00:00,0.5626092037853899,-0.026516697446547832,True
2018-04-03 21:00:00,0.5685319996636872,-0.026516697446547832,True
2018-04-10 12:00:00,0.5649069045107593,-0.026516697446547832,True
2018-06-10 11:00:00,0.5721570948166149,-0.026516697446547832,True
2018-06-13 13:00:00,0.5620873860584821,-0.026516697446547832,True
2018-06-12 12:00:00,0.5721570948166149,-0.026516697446547832,True
2015-09-18 23:00:00,0.5677264229630364,-0.026516697446547832,True
2015-09-16 15:00:00,0.5685319996636871,-0.026516697446547832,True
2014-07-11 09:00:00,0.5721570948166149,-0.026516697446547832,True
2015-07-29 03:00:00,0.5649069045107592,-0.026516697446547832,True
2015-07-22 01:00:00,0.5667194520872232,-0.026516697446547832,True
2018-05-10 14:00:00,0.5683223188439035,-0.026516697446547832,True
2014-08-02 16:00:00,0.5667194520872232,-0.026516697446547832,True
2014-09-16 10:00:00,0.5587643821682982,-0.026516697446547832,True
2014-08-04 13:00:00,0.5613825064454128,-0.026516697446547832,True
2014-08-15 04:00:00,0.571552912291127,-0.026516697446547832,True
2013-05-22 12:00:00,0.5694012452537814,-0.026516697446547832,True
2013-06-25 14:00:00,0.5630943569342953,-0.026516697446547832,True
2018-03-28 22:00:00,0.5716536093787083,-0.026516697446547832,True
2014-12-16 13:00:00,9.783946511457868,-0.026306144264557907,True
2013-11-24 04:00:00,9.7840366180243,-0.026306144264557907,True
2014-11-25 10:00:00,9.781624709012451,-0.026306144264557907,True
2012-01-28 10:00:00,9.782552832237084,-0.026306144264557907,True
2012-11-05 16:00:00,9.782113726460745,-0.026306144264557907,True
2013-12-14 03:00:00,9.714223112468607,-0.026223324632194678,True
2015-12-19 16:00:00,9.747628370101722,-0.026223324632194678,True
2013-12-13 21:00:00,9.745696799119685,-0.026223324632194678,True
2014-12-18 20:00:00,9.738525531963598,-0.026223324632194678,True
2015-02-01 13:00:00,9.71972396573576,-0.026223324632194678,True
2016-11-12 21:00:00,9.72154633565624,-0.026223324632194678,True
2014-10-20 20:00:00,9.723654151098136,-0.026223324632194678,True
2012-11-05 07:00:00,9.731821502838264,-0.026223324632194678,True
2012-11-04 09:00:00,9.74297361256956,-0.026223324632194678,True
2012-11-04 23:00:00,9.742541371097408,-0.026223324632194678,True
2014-11-25 17:00:00,9.719562712290593,-0.026223324632194678,True
2014-11-26 02:00:00,9.729154590878082,-0.026223324632194678,True
2012-11-05 12:00:00,9.74261975472202,-0.026223324632194678,True
2013-12-30 10:00:00,9.738718558539984,-0.026223324632194678,True
2013-12-31 21:00:00,9.74120371894835,-0.026223324632194678,True
2014-11-19 03:00:00,9.718322892268253,-0.026223324632194678,True
2015-11-05 07:00:00,9.744651191951707,-0.026223324632194678,True
2017-11-04 11:00:00,9.73907566700952,-0.026223324632194678,True
2015-02-02 07:00:00,9.727256644860132,-0.026223324632194678,True
2007-01-29 05:00:00,9.71822511077975,-0.026223324632194678,True
2011-11-06 09:00:00,9.717467967397443,-0.026223324632194678,True
2017-01-29 19:00:00,9.724234901897152,-0.026223324632194678,True
2014-12-26 10:00:00,9.71844925485164,-0.026223324632194678,True
2014-12-26 08:00:00,9.726128669311873,-0.026223324632194678,True
2014-11-26 04:00:00,9.744698922187265,-0.026223324632194678,True
2017-11-05 02:00:00,9.745286764677472,-0.026223324632194678,True
2013-12-30 01:00:00,9.714794120312687,-0.026223324632194678,True
2013-12-29 02:00:00,9.729225861947173,-0.026223324632194678,True
2012-11-07 18:00:00,9.721499882395248,-0.026223324632194678,True
2012-11-07 10:00:00,9.715187853981162,-0.026223324632194678,True
2012-11-07 15:00:00,9.727871674108682,-0.026223324632194678,True
2013-12-24 03:00:00,9.726122842363688,-0.026223324632194678,True
2015-11-20 23:00:00,9.747279783589136,-0.026223324632194678,True
2015-11-12 15:00:00,9.744191407981123,-0.026223324632194678,True
2013-12-27 09:00:00,9.731495219536123,-0.026223324632194678,True
2014-12-15 00:00:00,9.725081475038316,-0.026223324632194678,True
2011-11-07 12:00:00,9.745616533013903,-0.026223324632194678,True
2015-01-30 09:00:00,9.732117118892944,-0.026223324632194678,True
2016-11-28 23:00:00,9.72210156137536,-0.026223324632194678,True
2016-11-29 02:00:00,9.742155121984975,-0.026223324632194678,True
2015-12-22 11:00:00,9.720892212404618,-0.026223324632194678,True
2015-11-29 07:00:00,9.72216281688462,-0.026223324632194678,True
2015-12-21 05:00:00,9.74320044345756,-0.026223324632194678,True
2014-12-16 14:00:00,9.720230379269749,-0.026223324632194678,True
2013-12-17 16:00:00,9.711654383699283,-0.026223324632194678,True
2016-11-28 04:00:00,9.74542994321346,-0.026223324632194678,True
2013-11-18 03:00:00,9.745752258086451,-0.026223324632194678,True
2016-01-09 02:00:00,9.738288367410664,-0.026223324632194678,True
2014-12-22 17:00:00,9.716150349785131,-0.026223324632194678,True
2017-11-11 02:00:00,9.714270062224832,-0.026223324632194678,True
2014-12-27 06:00:00,9.715257479685294,-0.026223324632194678,True
2015-11-15 13:00:00,9.745778330179515,-0.026223324632194678,True
2014-12-15 10:00:00,9.738187039530883,-0.026223324632194678,True
2013-12-27 14:00:00,9.74247155903478,-0.026223324632194678,True
2012-11-09 02:00:00,9.72464854978812,-0.026223324632194678,True
2012-11-06 02:00:00,9.739372908389669,-0.026223324632194678,True
2012-01-29 02:00:00,9.723950597957748,-0.026223324632194678,True
2011-11-09 12:00:00,9.738743432784103,-0.026223324632194678,True
2016-01-20 13:00:00,9.731574670751437,-0.026223324632194678,True
2013-12-28 16:00:00,9.722965340498616,-0.026223324632194678,True
2015-11-10 15:00:00,9.729438400805186,-0.026223324632194678,True
2013-12-29 17:00:00,9.73074355133238,-0.026223324632194678,True
2015-01-29 00:00:00,9.716393175378633,-0.026223324632194678,True
2012-11-17 22:00:00,9.715078539511603,-0.026223324632194678,True
2016-11-13 05:00:00,9.728485534665955,-0.026223324632194678,True
2014-01-15 21:00:00,9.742756095698107,-0.026223324632194678,True
2014-01-14 04:00:00,9.742827432143017,-0.026223324632194678,True
2015-01-21 06:00:00,9.71362412329904,-0.026223324632194678,True
2007-01-29 10:00:00,9.74391029501352,-0.026223324632194678,True
2007-01-29 15:00:00,9.747197437701963,-0.026223324632194678,True
2015-02-01 09:00:00,9.724543461617523,-0.026223324632194678,True
2012-01-28 13:00:00,9.717204029024618,-0.026223324632194678,True
2015-11-08 16:00:00,9.718808206609523,-0.026223324632194678,True
2012-01-30 11:00:00,9.73096050774579,-0.026223324632194678,True
2012-01-30 22:00:00,9.714805852119673,-0.026223324632194678,True
2014-10-28 01:00:00,9.71846018726469,-0.026223324632194678,True
2013-12-14 08:00:00,9.718353621117757,-0.026223324632194678,True
2016-11-08 02:00:00,9.73783186370502,-0.026223324632194678,True
2016-05-16 16:00:00,0.5598720501316927,-0.026117324173298706,True
2018-06-13 15:00:00,0.5593853894534541,-0.026117324173298706,True
2010-08-14 14:00:00,0.5595712111424483,-0.026117324173298706,True
2013-04-30 10:00:00,0.5594692617813675,-0.026117324173298706,True
2017-05-28 01:00:00,0.5594692617813675,-0.026117324173298706,True
2014-05-20 14:00:00,0.5594692617813675,-0.026117324173298706,True
2014-08-02 13:00:00,0.5596706559565301,-0.026117324173298706,True
2009-08-10 04:00:00,0.5594692617813675,-0.026117324173298706,True
2013-11-24 20:00:00,9.695341791443775,-0.026023403321144056,True
2015-11-28 10:00:00,9.696416295000793,-0.026023403321144056,True
2013-11-18 12:00:00,9.696763867400788,-0.026023403321144056,True
2013-12-16 18:00:00,9.695112202170986,-0.026023403321144056,True
2015-01-19 06:00:00,9.696982646184862,-0.026023403321144056,True
2013-12-26 06:00:00,9.69618663506192,-0.026023403321144056,True
2013-12-15 00:00:00,9.696539174052774,-0.026023403321144056,True
2012-11-03 08:00:00,9.697826941473052,-0.026023403321144056,True
2014-12-19 10:00:00,9.69634800339917,-0.026023403321144056,True
2013-12-21 08:00:00,9.69784859208944,-0.026023403321144056,True
2007-01-28 19:00:00,9.694892235498092,-0.026023403321144056,True
2011-11-09 07:00:00,9.699079522477296,-0.026023403321144056,True
2012-02-01 06:00:00,9.697671099163406,-0.026023403321144056,True
2013-12-11 20:00:00,9.677763853572957,-0.026013957107008268,True
2016-01-09 07:00:00,9.679204212819966,-0.026013957107008268,True
2017-12-26 10:00:00,9.67968210328227,-0.026013957107008268,True
2012-11-09 04:00:00,9.68407171975551,-0.026013957107008268,True
2015-11-03 06:00:00,9.680401196688235,-0.026013957107008268,True
2017-10-30 23:00:00,9.683564409665932,-0.026013957107008268,True
2014-01-10 00:00:00,9.672052750361283,-0.026013957107008268,True
2007-11-17 11:00:00,9.676250146522356,-0.026013957107008268,True
2013-12-25 03:00:00,9.682233463565847,-0.026013957107008268,True
2017-01-27 07:00:00,9.672115456116002,-0.026013957107008268,True
2015-11-07 13:00:00,9.673888256223512,-0.026013957107008268,True
2014-12-25 17:00:00,9.67342716939438,-0.026013957107008268,True
2012-02-01 10:00:00,9.67248861463673,-0.026013957107008268,True
2011-11-03 14:00:00,9.67832083427701,-0.026013957107008268,True
2014-11-06 06:00:00,9.671426602293034,-0.026013957107008268,True
2015-11-08 21:00:00,9.684255244385048,-0.026013957107008268,True
2011-11-08 09:00:00,9.68500078928915,-0.026013957107008268,True
2016-12-15 15:00:00,9.675507563050418,-0.026013957107008268,True
2015-02-03 00:00:00,9.673875274732422,-0.026013957107008268,True
2013-12-21 06:00:00,9.67028153305329,-0.026013957107008268,True
2011-11-03 07:00:00,9.67210472853322,-0.026013957107008268,True
2017-11-05 07:00:00,9.675436546299846,-0.026013957107008268,True
2017-11-05 17:00:00,9.67569514193344,-0.026013957107008268,True
2012-11-10 18:00:00,9.671042289523156,-0.026013957107008268,True
2018-01-08 07:00:00,9.686692441062243,-0.026013957107008268,True
2017-11-05 22:00:00,9.682652548252296,-0.026013957107008268,True
2017-01-27 16:00:00,9.674522436674332,-0.026013957107008268,True
2013-11-01 17:00:00,9.67021456966786,-0.026013957107008268,True
2015-01-29 03:00:00,9.67409402934044,-0.026013957107008268,True
2015-10-30 16:00:00,9.67099762118232,-0.026013957107008268,True
2016-11-08 03:00:00,9.670391115488538,-0.026013957107008268,True
2013-12-15 16:00:00,9.669507086660902,-0.026013957107008268,True
2018-01-03 00:00:00,9.68177448180052,-0.026013957107008268,True
2012-11-03 10:00:00,9.679654204145075,-0.026013957107008268,True
2011-11-12 21:00:00,9.6863129709107,-0.026013957107008268,True
2016-01-20 07:00:00,9.677317750053207,-0.026013957107008268,True
2007-01-29 00:00:00,9.669998093245043,-0.026013957107008268,True
2015-11-10 11:00:00,9.672531234668444,-0.026013957107008268,True
2011-11-03 02:00:00,9.675708502164548,-0.026013957107008268,True
2012-11-10 13:00:00,9.689561813185811,-0.026013957107008268,True
2012-01-28 21:00:00,9.68801556006621,-0.026013957107008268,True
2014-10-27 19:00:00,9.679655474687303,-0.026013957107008268,True
2015-11-15 20:00:00,9.678215579836452,-0.026013957107008268,True
2015-11-29 14:00:00,9.678641470794611,-0.026013957107008268,True
2017-11-07 16:00:00,9.68732664789882,-0.026013957107008268,True
2013-12-18 01:00:00,9.685324024485949,-0.026013957107008268,True
2017-12-18 05:00:00,9.68569320982409,-0.026013957107008268,True
2014-12-14 12:00:00,9.66970493127443,-0.026013957107008268,True
2013-12-26 12:00:00,9.68792157758852,-0.026013957107008268,True
2014-12-23 21:00:00,9.674834867720977,-0.026013957107008268,True
2011-11-03 19:00:00,9.674128871832083,-0.026013957107008268,True
2016-01-09 20:00:00,9.6740896204812,-0.026013957107008268,True
2014-12-27 11:00:00,9.682269310185957,-0.026013957107008268,True
2012-11-08 04:00:00,9.677757771039415,-0.026013957107008268,True
2013-12-21 01:00:00,9.676378832093414,-0.026013957107008268,True
2015-01-30 14:00:00,9.680526878120393,-0.026013957107008268,True
2012-02-02 04:00:00,9.68641520501616,-0.026013957107008268,True
2014-12-29 00:00:00,9.802746954625531,-0.025906913400528864,True
2013-12-19 12:00:00,9.798539230656052,-0.025906913400528864,True
2013-10-08 02:00:00,9.779262459324038,-0.025906913400528864,True
2015-11-11 07:00:00,9.800179186366917,-0.025906913400528864,True
2013-11-07 03:00:00,9.802826448821635,-0.025906913400528864,True
2013-11-23 23:00:00,9.798156550459408,-0.025906913400528864,True
2014-12-22 02:00:00,9.778297581474952,-0.025906913400528864,True
2017-11-04 09:00:00,9.778183995582332,-0.025906913400528864,True
2012-11-06 20:00:00,9.777707170839683,-0.025906913400528864,True
2014-12-14 17:00:00,9.77852335622162,-0.025906913400528864,True
2017-12-18 06:00:00,9.77813481893081,-0.025906913400528864,True
2014-12-13 04:00:00,9.802964611844024,-0.025906913400528864,True
2014-01-21 04:00:00,9.794481843566627,-0.025906913400528864,True
2014-11-25 07:00:00,9.778670655465485,-0.025906913400528864,True
2011-11-04 17:00:00,9.77995217763062,-0.025906913400528864,True
2012-11-06 07:00:00,9.803933809410308,-0.025906913400528864,True
2011-11-08 03:00:00,9.779746891234574,-0.025906913400528864,True
2015-01-29 05:00:00,9.778204179710428,-0.025906913400528864,True
2016-01-25 06:00:00,9.77818684925869,-0.025906913400528864,True
2016-01-08 16:00:00,9.777605136750148,-0.025906913400528864,True
2013-12-19 14:00:00,9.797983876831848,-0.025906913400528864,True
2015-02-03 17:00:00,9.794734736792014,-0.025906913400528864,True
2015-11-29 17:00:00,9.779291947624298,-0.025906913400528864,True
2012-01-31 22:00:00,9.7998685714374,-0.025906913400528864,True
2012-01-29 14:00:00,9.802637061224488,-0.025906913400528864,True
2012-01-31 17:00:00,9.733984256902382,-0.02582414978384362,True
2012-11-03 15:00:00,9.732556764751552,-0.02582414978384362,True
2007-01-28 14:00:00,9.751705951673731,-0.02582414978384362,True
2012-02-01 05:00:00,9.75357783123349,-0.02582414978384362,True
2016-10-31 13:00:00,9.77595988160424,-0.02582414978384362,True
2012-11-04 01:00:00,9.750716860010336,-0.02582414978384362,True
2014-01-09 02:00:00,9.734505676086034,-0.02582414978384362,True
2014-12-14 05:00:00,9.77531014727212,-0.02582414978384362,True
2012-01-30 17:00:00,9.75404143972391,-0.02582414978384362,True
2014-12-13 09:00:00,9.736391648472432,-0.02582414978384362,True
2014-12-26 03:00:00,9.749668757077515,-0.02582414978384362,True
2013-11-07 04:00:00,9.750476715274608,-0.02582414978384362,True
2012-11-11 06:00:00,9.75345063117394,-0.02582414978384362,True
2015-11-04 05:00:00,9.73509493314871,-0.02582414978384362,True
2012-11-11 23:00:00,9.775574218924744,-0.02582414978384362,True
2016-01-25 14:00:00,9.750232691994311,-0.02582414978384362,True
2014-12-14 20:00:00,9.736657044203136,-0.02582414978384362,True
2015-01-31 22:00:00,9.751998385561787,-0.02582414978384362,True
2017-11-10 17:00:00,9.777188915688694,-0.02582414978384362,True
2013-12-16 08:00:00,9.735137630869168,-0.02582414978384362,True
2011-11-06 19:00:00,9.73401677748392,-0.02582414978384362,True
2013-12-13 16:00:00,9.75285691525256,-0.02582414978384362,True
2012-01-28 08:00:00,9.734475486788552,-0.02582414978384362,True
2015-11-20 07:00:00,9.733109977231164,-0.02582414978384362,True
2015-02-01 16:00:00,9.748916978915735,-0.02582414978384362,True
2015-02-02 02:00:00,9.750103877799637,-0.02582414978384362,True
2014-12-17 21:00:00,9.776545262708913,-0.02582414978384362,True
2014-11-26 09:00:00,9.73409404009342,-0.02582414978384362,True
2013-12-22 14:00:00,9.775524222596877,-0.02582414978384362,True
2015-11-10 21:00:00,9.73593840528739,-0.02582414978384362,True
2016-11-27 23:00:00,9.809911422453531,-0.0257764155013247,True
2015-11-20 14:00:00,9.816584401693188,-0.0257764155013247,True
2015-11-06 02:00:00,9.816740017065356,-0.0257764155013247,True
2012-01-30 01:00:00,9.811736491090976,-0.0257764155013247,True
2015-12-18 08:00:00,9.810965111233042,-0.0257764155013247,True
2015-02-03 05:00:00,9.81006643962998,-0.0257764155013247,True
2015-02-01 21:00:00,9.811690342156297,-0.0257764155013247,True
2015-12-22 13:00:00,9.814778005609613,-0.0257764155013247,True
2012-11-11 08:00:00,9.814018063743177,-0.0257764155013247,True
2016-11-09 23:00:00,9.814632376764436,-0.0257764155013247,True
2017-11-28 23:00:00,9.815681167063437,-0.0257764155013247,True
2015-11-07 20:00:00,9.815683566292194,-0.0257764155013247,True
2012-11-06 00:00:00,9.80817695312386,-0.0257764155013247,True
2013-12-30 06:00:00,9.813058976553515,-0.0257764155013247,True
2014-01-14 02:00:00,9.809057131540516,-0.0257764155013247,True
2015-11-28 17:00:00,9.81677534886764,-0.0257764155013247,True
2012-11-03 18:00:00,9.808451155402215,-0.0257764155013247,True
2016-01-06 20:00:00,9.808554200070551,-0.0257764155013247,True
2013-12-16 07:00:00,9.813353746396723,-0.0257764155013247,True
2014-12-19 21:00:00,9.808387043698122,-0.0257764155013247,True
2018-08-10 08:00:00,0.579205890947308,-0.02569466311247337,True
2012-11-10 03:00:00,9.693490301299242,-0.025614923865949435,True
2014-12-25 00:00:00,9.69047041939785,-0.025614923865949435,True
2012-11-12 04:00:00,9.693284665393437,-0.025614923865949435,True
2015-01-31 07:00:00,9.6918861911192,-0.025614923865949435,True
2016-01-25 08:00:00,9.690140317492176,-0.025614923865949435,True
2013-12-12 14:00:00,9.691975044880945,-0.025614923865949435,True
2012-11-05 22:00:00,9.691619205880322,-0.025614923865949435,True
2013-12-31 16:00:00,9.692949920539164,-0.025614923865949435,True
2012-11-07 06:00:00,9.690004179449096,-0.025614923865949435,True
2014-12-18 07:00:00,9.693624740411217,-0.025614923865949435,True
2012-11-11 16:00:00,9.6911662244489,-0.025614923865949435,True
2014-12-20 19:00:00,9.775054772534244,-0.025425244920388,True
2012-01-30 05:00:00,9.770346227450476,-0.025425244920388,True
2015-01-20 19:00:00,9.771258151267912,-0.025425244920388,True
2015-02-02 19:00:00,9.710821943556375,-0.025425244920388,True
2012-01-28 05:00:00,9.69980131073038,-0.025425244920388,True
2016-11-12 04:00:00,9.770287370199537,-0.025425244920388,True
2012-11-05 02:00:00,9.76925148809339,-0.025425244920388,True
2014-01-21 12:00:00,9.771235857876697,-0.025425244920388,True
2011-11-03 09:00:00,9.77427310429657,-0.025425244920388,True
2018-01-08 08:00:00,9.771713268633595,-0.025425244920388,True
2012-01-31 12:00:00,9.769055764947684,-0.025425244920388,True
2017-12-28 09:00:00,9.711126553226665,-0.025425244920388,True
2016-01-25 09:00:00,9.77074352320208,-0.025425244920388,True
2013-12-18 14:00:00,9.769669231019073,-0.025425244920388,True
2012-01-30 16:00:00,9.769295548175034,-0.025425244920388,True
2012-11-07 20:00:00,9.710691180142003,-0.025425244920388,True
2013-12-17 20:00:00,9.770508568299368,-0.025425244920388,True
2011-11-06 04:00:00,9.771605394293651,-0.025425244920388,True
2015-11-13 11:00:00,9.771518322897585,-0.025425244920388,True
2015-12-18 13:00:00,9.769255350520003,-0.025425244920388,True
2015-11-13 07:00:00,9.71118913301301,-0.025425244920388,True
2014-03-17 14:00:00,0.5776954346335881,-0.025378535308787198,True
2013-05-21 20:00:00,0.5783285187765917,-0.025378535308787198,True
2012-07-30 18:00:00,0.5780982229839133,-0.025378535308787198,True
2015-12-21 08:00:00,9.806088170285868,-0.025377542923308183,True
2012-11-05 04:00:00,9.807229181551673,-0.025377542923308183,True
2018-01-11 21:00:00,9.807825217242968,-0.025377542923308183,True
2011-11-08 21:00:00,9.807974948511028,-0.025377542923308183,True
2015-02-01 18:00:00,9.807859287531969,-0.025377542923308183,True
2018-07-09 15:00:00,0.5791051938597267,-0.025295845828296692,True
2016-07-31 01:00:00,0.5791051938597268,-0.025295845828296692,True
2016-08-01 07:00:00,0.5791280528803103,-0.025295845828296692,True
2009-03-27 00:00:00,0.5791420316016292,-0.025295845828296692,True
2014-05-30 21:00:00,0.5791051938597267,-0.025295845828296692,True
2015-11-05 23:00:00,9.786409268398664,-0.025109261558184715,True
2014-01-14 01:00:00,9.788322124093146,-0.025109261558184715,True
2015-11-03 20:00:00,9.786551325752006,-0.025109261558184715,True
2014-12-16 08:00:00,9.785005269169057,-0.025109261558184715,True
2015-11-12 10:00:00,9.784723109920415,-0.025109261558184715,True
2015-12-24 22:00:00,9.785114384531209,-0.025109261558184715,True
2012-11-08 21:00:00,9.797783075755689,-0.025109261558184715,True
2015-11-12 09:00:00,9.793057106218944,-0.025109261558184715,True
2015-11-08 06:00:00,9.79414235843184,-0.025109261558184715,True
2012-01-30 12:00:00,9.787198978604524,-0.025109261558184715,True
2012-01-31 03:00:00,9.793740751219756,-0.025109261558184715,True
2017-12-26 11:00:00,9.787812379504832,-0.025109261558184715,True
2013-12-20 17:00:00,9.784350993450651,-0.025109261558184715,True
2017-11-13 22:00:00,9.78547925121476,-0.025109261558184715,True
2012-11-09 22:00:00,9.788811475453658,-0.025109261558184715,True
2015-12-24 17:00:00,9.793710442281318,-0.025109261558184715,True
2015-02-02 14:00:00,9.793369312875733,-0.025109261558184715,True
2016-11-13 09:00:00,9.794105714650122,-0.025109261558184715,True
2016-01-23 18:00:00,9.78534706233356,-0.025109261558184715,True
2014-11-26 14:00:00,9.70246840466699,-0.025026609859221338,True
2017-12-20 22:00:00,9.700695701064248,-0.025026609859221338,True
2013-12-26 07:00:00,9.700951784622983,-0.025026609859221338,True
2015-11-05 19:00:00,9.708233664530963,-0.025026609859221338,True
2018-01-12 21:00:00,9.710224758993633,-0.025026609859221338,True
2015-01-30 15:00:00,9.70758448571897,-0.025026609859221338,True
2013-11-18 05:00:00,9.710055101909347,-0.025026609859221338,True
2017-11-07 02:00:00,9.709951802900871,-0.025026609859221338,True
2015-11-08 11:00:00,9.702065381900391,-0.025026609859221338,True
2017-11-06 00:00:00,9.710357534607017,-0.025026609859221338,True
2014-01-10 03:00:00,9.709833859797802,-0.025026609859221338,True
2014-10-30 04:00:00,9.702052031981788,-0.025026609859221338,True
2012-11-08 09:00:00,9.708709738614097,-0.025026609859221338,True
2018-01-18 04:00:00,9.700891147631555,-0.025026609859221338,True
2015-11-10 20:00:00,9.708612326307367,-0.025026609859221338,True
2011-11-05 08:00:00,9.707175972113143,-0.025026609859221338,True
2011-11-09 02:00:00,9.709277442722517,-0.025026609859221338,True
2015-02-03 12:00:00,9.700268560845696,-0.025026609859221338,True
2011-11-06 14:00:00,9.707014144998707,-0.025026609859221338,True
2015-02-03 02:00:00,9.710000510941676,-0.025026609859221338,True
2013-03-23 04:00:00,0.5775947375460068,-0.0249799318400159,True
2013-07-04 00:00:00,0.5775947375460068,-0.0249799318400159,True
2013-09-14 03:00:00,0.5773294840251654,-0.0249799318400159,True
2013-07-06 18:00:00,0.5766884637577748,-0.0249799318400159,True
2014-03-15 02:00:00,0.5773933433708441,-0.0249799318400159,True
2013-09-20 04:00:00,0.5774940404584253,-0.0249799318400159,True
2016-08-07 16:00:00,0.5773710780049043,-0.0249799318400159,True
2015-08-12 02:00:00,0.5775947375460068,-0.0249799318400159,True
2018-06-09 03:00:00,0.5772926462832627,-0.0249799318400159,True
2009-05-13 02:00:00,0.5765877666701934,-0.0249799318400159,True
2009-08-13 08:00:00,0.576789160845356,-0.0249799318400159,True
2018-08-08 14:00:00,0.5775947375460068,-0.0249799318400159,True
2017-05-15 10:00:00,0.5773933433708441,-0.0249799318400159,True
2014-07-04 02:00:00,0.5775947375460068,-0.0249799318400159,True
2016-05-06 22:00:00,0.5773570992835854,-0.0249799318400159,True
2009-04-30 04:00:00,0.5794072851224706,-0.02489729828717424,True
2011-07-21 14:00:00,0.5794072851224706,-0.02489729828717424,True
2014-07-08 12:00:00,0.5794072851224706,-0.02489729828717424,True
2014-10-01 11:00:00,0.5794072851224707,-0.02489729828717424,True
2007-12-05 22:00:00,0.5805392862853783,-0.02489729828717424,True
2016-09-24 06:00:00,0.5790044967721454,-0.02489729828717424,True
2011-08-04 08:00:00,0.5794072851224706,-0.02489729828717424,True
2013-05-03 07:00:00,0.5793065880348894,-0.02489729828717424,True
2010-08-09 22:00:00,0.5794072851224706,-0.02489729828717424,True
2018-09-02 04:00:00,0.5798129195111451,-0.02489729828717424,True
2014-07-14 11:00:00,0.5793065880348894,-0.02489729828717424,True
2012-04-29 13:00:00,0.5793065880348893,-0.02489729828717424,True
2018-09-14 08:00:00,0.5794072851224707,-0.02489729828717424,True
2014-07-16 09:00:00,0.5794072851224706,-0.02489729828717424,True
2013-12-11 15:00:00,9.791937154904671,-0.024710840214729357,True
2011-11-07 02:00:00,9.791567240281465,-0.024710840214729357,True
2007-11-17 04:00:00,9.790236045000126,-0.024710840214729357,True
2016-01-09 18:00:00,9.789728383470612,-0.024710840214729357,True
2014-01-09 10:00:00,9.792034491516691,-0.024710840214729357,True
2017-12-31 14:00:00,9.791248916676537,-0.024710840214729357,True
2014-12-20 13:00:00,9.79243301895682,-0.024710840214729357,True
2015-12-23 09:00:00,9.791716792125092,-0.024710840214729357,True
2015-11-07 04:00:00,9.790396496339598,-0.024710840214729357,True
2016-01-08 13:00:00,9.78981457998948,-0.024710840214729357,True
2012-11-09 09:00:00,9.792802628187818,-0.024710840214729357,True
2014-12-16 09:00:00,9.790478016088551,-0.024710840214729357,True
2013-12-11 13:00:00,9.70518219941049,-0.024628244417860934,True
2014-12-17 17:00:00,9.757125590562998,-0.024628244417860934,True
2011-11-03 04:00:00,9.75822705953838,-0.024628244417860934,True
2017-11-05 19:00:00,9.758336465429991,-0.024628244417860934,True
2012-11-10 08:00:00,9.705635201086055,-0.024628244417860934,True
2014-12-25 14:00:00,9.70412170365002,-0.024628244417860934,True
2017-11-04 03:00:00,9.756746380182353,-0.024628244417860934,True
2015-01-26 09:00:00,9.757398617436865,-0.024628244417860934,True
2014-12-27 16:00:00,9.70339997733928,-0.024628244417860934,True
2014-12-27 03:00:00,9.758075619202444,-0.024628244417860934,True
2013-01-20 09:00:00,9.75632696429544,-0.024628244417860934,True
2017-01-27 18:00:00,9.756703648243318,-0.024628244417860934,True
2007-11-17 18:00:00,9.703354316597007,-0.024628244417860934,True
2013-12-23 19:00:00,9.705242729025466,-0.024628244417860934,True
2015-11-18 21:00:00,9.704587590447437,-0.024628244417860934,True
2012-11-09 17:00:00,9.757112020512256,-0.024628244417860934,True
2012-02-02 01:00:00,9.755127721237232,-0.024628244417860934,True
2013-11-24 11:00:00,9.705314262929198,-0.024628244417860934,True
2017-11-07 13:00:00,9.756655256037766,-0.024628244417860934,True
2015-11-11 13:00:00,9.757882900955035,-0.024628244417860934,True
2012-07-24 07:00:00,0.5754800987067988,-0.024581597969683067,True
2014-05-30 23:00:00,0.5739696423930789,-0.024581597969683067,True
2012-07-30 01:00:00,0.5757821899695429,-0.024581597969683067,True
2013-09-11 12:00:00,0.5757821899695429,-0.024581597969683067,True
2016-05-24 07:00:00,0.5739696423930789,-0.024581597969683067,True
2011-07-21 18:00:00,0.5757821899695429,-0.024581597969683067,True
2014-09-22 04:00:00,0.5739696423930789,-0.024581597969683067,True
2011-08-02 18:00:00,0.5749766132688922,-0.024581597969683067,True
2017-05-20 00:00:00,0.5739696423930789,-0.024581597969683067,True
2013-09-18 21:00:00,0.5739696423930789,-0.024581597969683067,True
2016-07-29 17:00:00,0.5747161591492633,-0.024581597969683067,True
2014-03-20 11:00:00,0.5757821899695429,-0.024581597969683067,True
2015-08-10 21:00:00,0.5752787045316362,-0.024581597969683067,True
2018-07-02 10:00:00,0.5754800987067988,-0.024581597969683067,True
2013-01-22 05:00:00,0.5740614584681384,-0.024581597969683067,True
2018-06-17 15:00:00,0.5739416849504412,-0.024581597969683067,True
2009-05-01 01:00:00,0.5757821899695429,-0.024581597969683067,True
2009-05-12 17:00:00,0.5755443649271303,-0.024581597969683067,True
2014-07-31 13:00:00,0.5812198326989346,-0.024499020306663177,True
2013-04-27 18:00:00,0.5813205297865159,-0.024499020306663177,True
2014-06-03 06:00:00,0.5819073668640034,-0.024499020306663177,True
2014-03-30 16:00:00,0.5814212268740974,-0.024499020306663177,True
2013-03-22 04:00:00,0.5812198326989345,-0.024499020306663177,True
2015-11-20 05:00:00,9.767126750439932,-0.02423014841394744,True
2016-11-08 05:00:00,9.761208162896253,-0.02423014841394744,True
2015-12-20 02:00:00,9.766347353524289,-0.02423014841394744,True
2015-11-08 15:00:00,9.76376247570358,-0.02423014841394744,True
2015-11-06 16:00:00,9.7684299478977,-0.02423014841394744,True
2011-11-05 15:00:00,9.76298276029782,-0.02423014841394744,True
2011-11-06 23:00:00,9.767042920722194,-0.02423014841394744,True
2014-12-24 02:00:00,9.76152696884506,-0.02423014841394744,True
2013-12-19 19:00:00,9.76725960538807,-0.02423014841394744,True
2017-11-02 00:00:00,9.759903351641576,-0.02423014841394744,True
2013-12-18 19:00:00,9.763391715060203,-0.02423014841394744,True
2007-01-29 07:00:00,9.763038616524948,-0.02423014841394744,True
2015-12-20 17:00:00,9.766114865718608,-0.02423014841394744,True
2012-11-05 21:00:00,9.761637128690335,-0.02423014841394744,True
2017-11-05 12:00:00,9.70578970303025,-0.02423014841394744,True
2015-11-03 19:00:00,9.761972441139871,-0.02423014841394744,True
2012-11-08 11:00:00,9.768323361645011,-0.02423014841394744,True
2016-01-09 06:00:00,9.759487695084118,-0.02423014841394744,True
2017-11-04 21:00:00,9.76576172187586,-0.02423014841394744,True
2017-11-06 05:00:00,9.764576609991355,-0.02423014841394744,True
2015-10-31 01:00:00,9.759446544976411,-0.02423014841394744,True
2017-11-04 16:00:00,9.764516301111472,-0.02423014841394744,True
2015-11-03 09:00:00,9.763013842419504,-0.02423014841394744,True
2018-01-10 10:00:00,9.760811116868434,-0.02423014841394744,True
2013-12-31 04:00:00,9.759807078565212,-0.02423014841394744,True
2014-11-26 19:00:00,9.761110153383964,-0.02423014841394744,True
2017-10-18 18:00:00,9.706175478290842,-0.02423014841394744,True
2012-11-11 13:00:00,9.763757442462431,-0.02423014841394744,True
2011-11-08 14:00:00,9.7601442065744,-0.02423014841394744,True
2014-12-27 08:00:00,9.759943965996529,-0.02423014841394744,True
2015-11-11 02:00:00,9.760184491002056,-0.02423014841394744,True
2017-11-14 00:00:00,9.705812055007826,-0.02423014841394744,True
2011-11-01 20:00:00,9.66590916656602,-0.023808479285994943,True
2017-01-30 17:00:00,9.664093892390657,-0.023808479285994943,True
2014-12-22 08:00:00,9.664300650921064,-0.023808479285994943,True
2013-12-28 11:00:00,9.664862483978508,-0.023808479285994943,True
2016-11-28 11:00:00,9.665894754580629,-0.023808479285994943,True
2016-11-09 10:00:00,9.667195076155949,-0.023808479285994943,True
2015-10-31 03:00:00,9.66599477357245,-0.023808479285994943,True
2014-11-11 01:00:00,9.662888737043794,-0.023410937736361936,True
2015-11-28 12:00:00,9.661632765371468,-0.023410937736361936,True
2015-12-19 14:00:00,9.66300727248129,-0.023410937736361936,True
2014-12-26 05:00:00,9.640029594598014,-0.023410937736361936,True
2012-11-11 20:00:00,9.65593973629838,-0.023410937736361936,True
2014-11-08 04:00:00,9.654395305519277,-0.023410937736361936,True
2014-11-19 10:00:00,9.656482947198102,-0.023410937736361936,True
2012-11-10 07:00:00,9.659575782789805,-0.023410937736361936,True
2012-11-07 11:00:00,9.66222335185656,-0.023410937736361936,True
2015-11-18 23:00:00,9.65434261316868,-0.023410937736361936,True
2011-11-06 13:00:00,9.654296289804256,-0.023410937736361936,True
2015-02-03 10:00:00,9.661649884485152,-0.023410937736361936,True
2011-11-05 13:00:00,9.66208599454585,-0.023410937736361936,True
2013-12-25 08:00:00,9.656480861175693,-0.023410937736361936,True
2011-11-04 20:00:00,9.65346910291206,-0.023410937736361936,True
2016-11-13 10:00:00,9.661930231845856,-0.023410937736361936,True
2013-12-23 07:00:00,9.655881511174607,-0.023410937736361936,True
2014-11-25 20:00:00,9.66275216354848,-0.023410937736361936,True
2015-11-08 10:00:00,9.66152360881278,-0.023410937736361936,True
2015-11-04 06:00:00,9.657226310958643,-0.023410937736361936,True
2013-12-26 11:00:00,9.653488401869874,-0.023410937736361936,True
2011-11-02 16:00:00,9.657841653181094,-0.023410937736361936,True
2013-11-05 03:00:00,9.655633866669888,-0.023410937736361936,True
2013-12-26 22:00:00,9.653926166233706,-0.023410937736361936,True
2015-11-28 23:00:00,9.655367846407168,-0.023410937736361936,True
2013-12-28 21:00:00,9.658703430319994,-0.023410937736361936,True
2011-11-02 21:00:00,9.65353897773442,-0.023410937736361936,True
2015-11-10 16:00:00,9.653645212573345,-0.023410937736361936,True
2011-11-07 16:00:00,9.653309503901976,-0.023410937736361936,True
2015-11-10 08:00:00,9.658295463254246,-0.023410937736361936,True
2017-07-16 10:00:00,0.5848449278518625,-0.023305801906221668,True
2017-07-30 06:00:00,0.5848449278518625,-0.023305801906221668,True
2009-04-28 05:00:00,0.5848449278518625,-0.023305801906221668,True
2013-01-22 11:00:00,0.5838197287350423,-0.023305801906221668,True
2011-06-14 01:00:00,0.582512864600126,-0.023305801906221668,True
2011-07-25 19:00:00,0.5830323802753985,-0.023305801906221668,True
2014-07-02 15:00:00,0.5870910672596384,-0.023305801906221668,True
2015-05-14 04:00:00,0.5848449278518625,-0.023305801906221668,True
2013-05-18 01:00:00,0.5866574754283264,-0.023305801906221668,True
2013-07-08 00:00:00,0.5849456249394439,-0.023305801906221668,True
2014-08-05 13:00:00,0.5872616579538145,-0.023305801906221668,True
2017-05-15 09:00:00,0.5830323802753986,-0.023305801906221668,True
2018-04-05 20:00:00,0.5831330773629798,-0.023305801906221668,True
2014-09-13 22:00:00,0.5845517168883833,-0.023305801906221668,True
2018-03-16 09:00:00,0.5822268035747479,-0.023305801906221668,True
2009-08-13 12:00:00,0.5850463220270251,-0.023305801906221668,True
2016-05-21 22:00:00,0.5849456249394439,-0.023305801906221668,True
2014-07-02 13:00:00,0.5848449278518625,-0.023305801906221668,True
2017-07-23 00:00:00,0.5830323802753986,-0.023305801906221668,True
2009-03-18 01:00:00,0.5830323802753986,-0.023305801906221668,True
2017-09-28 15:00:00,0.5848462142556515,-0.023305801906221668,True
2016-07-26 00:00:00,0.5830323802753986,-0.023305801906221668,True
2014-03-29 02:00:00,0.5830323802753985,-0.023305801906221668,True
2013-04-29 07:00:00,0.5830323802753985,-0.023305801906221668,True
2013-07-06 04:00:00,0.5866574754283264,-0.023305801906221668,True
2013-07-23 22:00:00,0.5829316831878173,-0.023305801906221668,True
2016-07-29 22:00:00,0.5830323802753985,-0.023305801906221668,True
2012-08-01 09:00:00,0.5866574754283264,-0.023305801906221668,True
2012-08-02 03:00:00,0.5869595666910704,-0.023305801906221668,True
2012-03-25 14:00:00,0.5857512016400945,-0.023305801906221668,True
2014-06-01 07:00:00,0.5869595666910704,-0.023305801906221668,True
2014-07-19 02:00:00,0.5830323802753985,-0.023305801906221668,True
2013-06-10 11:00:00,0.5866574754283264,-0.023305801906221668,True
2013-06-15 15:00:00,0.5830323802753985,-0.023305801906221668,True
2018-05-30 13:00:00,0.5866574754283264,-0.023305801906221668,True
2013-06-06 01:00:00,0.5830323802753986,-0.023305801906221668,True
2013-07-01 13:00:00,0.5829316831878172,-0.023305801906221668,True
2013-09-11 04:00:00,0.5829316831878173,-0.023305801906221668,True
2015-11-29 12:00:00,9.663265260359507,-0.0230136650669307,True
2012-01-31 20:00:00,9.663432059205537,-0.0230136650669307,True
2013-11-09 05:00:00,9.66364105056164,-0.0230136650669307,True
2015-11-04 01:00:00,9.6420587339272,-0.0230136650669307,True
2012-01-28 17:00:00,9.663503351817782,-0.0230136650669307,True
2012-01-28 03:00:00,9.663569923769137,-0.0230136650669307,True
2016-11-29 01:00:00,9.641712936895305,-0.0230136650669307,True
2014-12-19 20:00:00,9.64200939055124,-0.0230136650669307,True
2012-01-29 20:00:00,9.663280898209822,-0.0230136650669307,True
2015-10-24 04:00:00,9.643221991480305,-0.022616661095841706,True
2013-12-31 11:00:00,9.648434480696098,-0.022616661095841706,True
2011-11-02 23:00:00,9.648844840655528,-0.022616661095841706,True
2017-11-05 14:00:00,9.643343551286293,-0.022616661095841706,True
2017-01-30 15:00:00,9.635216609709216,-0.022219925641359106,True
2016-11-06 16:00:00,9.65057087266203,-0.022219925641359106,True
2016-11-08 15:00:00,9.635747784306934,-0.022219925641359106,True
2015-10-27 04:00:00,9.651949050636112,-0.022219925641359106,True
2013-12-18 18:00:00,9.63514608187794,-0.022219925641359106,True
2016-11-13 00:00:00,9.652149627709315,-0.022219925641359106,True
2017-11-06 10:00:00,9.63712483539828,-0.022219925641359106,True
2011-11-13 02:00:00,9.644448772052348,-0.022219925641359106,True
2011-11-04 22:00:00,9.64389827853038,-0.022219925641359106,True
2017-11-07 11:00:00,9.65194943322722,-0.022219925641359106,True
2014-12-15 18:00:00,9.650576745596863,-0.022219925641359106,True
2017-11-08 04:00:00,9.646508573310728,-0.022219925641359106,True
2017-11-08 16:00:00,9.645699311679468,-0.022219925641359106,True
2016-11-13 15:00:00,9.636076919249687,-0.022219925641359106,True
2007-11-17 20:00:00,9.637812700976829,-0.022219925641359106,True
2013-12-24 17:00:00,9.638434273504382,-0.022219925641359106,True
2011-11-06 08:00:00,9.63542297987059,-0.022219925641359106,True
2015-11-04 11:00:00,9.65166370149125,-0.022219925641359106,True
2015-11-05 05:00:00,9.646149550277055,-0.022219925641359106,True
2013-12-17 06:00:00,9.637951816037004,-0.022219925641359106,True
2016-02-01 02:00:00,9.637613384033449,-0.022219925641359106,True
2011-11-02 18:00:00,9.652071029506152,-0.022219925641359106,True
2014-12-22 03:00:00,9.63610908940752,-0.022219925641359106,True
2012-11-04 04:00:00,9.646787732921036,-0.022219925641359106,True
2015-12-21 15:00:00,9.646666021364744,-0.022219925641359106,True
2012-11-04 13:00:00,9.6354521548201,-0.022219925641359106,True
2013-01-20 14:00:00,9.651286517209927,-0.022219925641359106,True
2016-11-28 16:00:00,9.651149662324675,-0.022219925641359106,True
2016-11-14 23:00:00,9.650530120260251,-0.022219925641359106,True
2012-11-06 03:00:00,9.635166986003544,-0.022219925641359106,True
2013-12-26 01:00:00,9.647169626381745,-0.022219925641359106,True
2014-01-21 08:00:00,9.650643894980956,-0.022219925641359106,True
2012-11-06 08:00:00,9.645997140817633,-0.022219925641359106,True
2005-05-15 23:00:00,0.5877618568927188,-0.02211500299518132,True
2014-09-20 12:00:00,0.588369325917209,-0.02211500299518132,True
2016-07-22 07:00:00,0.5892755997054411,-0.02211500299518132,True
2016-07-28 21:00:00,0.5897790851433476,-0.02211500299518132,True
2017-03-25 00:00:00,0.5884700230047903,-0.02211500299518132,True
2013-06-08 08:00:00,0.5884552676878426,-0.02211500299518132,True
2013-08-10 16:00:00,0.5877747184465631,-0.02211500299518132,True
2008-08-02 17:00:00,0.589577690968185,-0.02211500299518132,True
2014-05-29 23:00:00,0.5884700230047903,-0.02211500299518132,True
2018-06-28 10:00:00,0.5884700230047903,-0.02211500299518132,True
2013-05-10 05:00:00,0.5882686288296277,-0.02211500299518132,True
2013-04-25 10:00:00,0.5882222786120523,-0.02211500299518132,True
2016-09-24 07:00:00,0.5887721142675343,-0.02211500299518132,True
2011-07-26 22:00:00,0.5902825705812543,-0.02171860684090854,True
2017-05-09 06:00:00,0.5902825705812543,-0.02171860684090854,True
2013-07-02 03:00:00,0.5902406344172976,-0.02171860684090854,True
2011-07-21 13:00:00,0.5902825705812543,-0.02171860684090854,True
2017-05-31 08:00:00,0.5902825705812543,-0.02171860684090854,True
2018-03-14 19:00:00,0.5900811764060916,-0.02171860684090854,True
2018-09-14 06:00:00,0.5902825705812542,-0.02171860684090854,True
2012-07-30 11:00:00,0.5902825705812543,-0.02171860684090854,True
2015-01-31 11:00:00,9.629566821472803,-0.021140350426078203,True
2011-11-02 11:00:00,9.630447039124832,-0.021140350426078203,True
2014-12-21 17:00:00,9.629624056305314,-0.021140350426078203,True
2012-11-04 14:00:00,9.62880668148718,-0.021140350426078203,True
2013-12-21 18:00:00,9.630824924832249,-0.021140350426078203,True
2016-02-01 07:00:00,9.618477936464217,-0.02113098239443012,True
2013-12-17 11:00:00,9.622497436816174,-0.02113098239443012,True
2012-02-03 09:00:00,9.621279419058665,-0.02113098239443012,True
2015-11-09 13:00:00,9.617021378728438,-0.02113098239443012,True
2011-11-05 03:00:00,9.620070713813522,-0.02113098239443012,True
2015-11-08 01:00:00,9.61710497105802,-0.02113098239443012,True
2012-11-11 21:00:00,9.620451277484555,-0.02113098239443012,True
2013-12-19 22:00:00,9.619238104535068,-0.02113098239443012,True
2016-01-20 12:00:00,9.61687469707214,-0.02113098239443012,True
2013-12-24 22:00:00,9.619575977705194,-0.02113098239443012,True
2013-12-21 03:00:00,9.622209915657011,-0.02113098239443012,True
2011-11-01 15:00:00,9.616984272128198,-0.02113098239443012,True
2017-10-16 21:00:00,9.618930178631274,-0.02113098239443012,True
2013-12-12 04:00:00,9.621220129611954,-0.02113098239443012,True
2017-11-06 03:00:00,9.616986981600933,-0.02113098239443012,True
2011-11-02 06:00:00,9.623015945347037,-0.02113098239443012,True
2012-02-01 20:00:00,9.62306650395525,-0.02113098239443012,True
2012-11-03 13:00:00,9.622569777394524,-0.02113098239443012,True
2017-08-07 08:00:00,0.5926993006832061,-0.020926618667542418,True
2018-03-20 08:00:00,0.5920951181577182,-0.020926618667542418,True
2012-04-29 12:00:00,0.5919944210701369,-0.020926618667542418,True
2012-07-30 05:00:00,0.5920951181577182,-0.020926618667542418,True
2012-07-26 20:00:00,0.5920951181577182,-0.020926618667542418,True
2016-05-09 15:00:00,0.592051223272089,-0.020926618667542418,True
2018-05-11 23:00:00,0.5926993006832061,-0.020926618667542418,True
2014-07-15 14:00:00,0.5920951181577182,-0.020926618667542418,True
2014-05-11 06:00:00,0.5909874501943235,-0.020926618667542418,True
2009-09-15 07:00:00,0.5913902385446489,-0.020926618667542418,True
2010-05-03 02:00:00,0.5924979065080436,-0.020926618667542418,True
2013-05-14 20:00:00,0.5909874501943234,-0.020926618667542418,True
2013-06-05 08:00:00,0.5913902385446489,-0.020926618667542418,True
2013-03-25 10:00:00,0.5926993006832061,-0.020926618667542418,True
2014-06-17 14:00:00,0.5916620030195126,-0.020926618667542418,True
2011-07-25 18:00:00,0.5920951181577182,-0.020926618667542418,True
2013-06-25 16:00:00,0.5909136736095849,-0.020926618667542418,True
2018-06-08 05:00:00,0.5929006948583688,-0.020926618667542418,True
2011-11-05 21:00:00,9.609417021170009,-0.020848633707807762,True
2016-11-12 01:00:00,9.609462946189238,-0.020848633707807762,True
2012-02-01 01:00:00,9.63272426222134,-0.02074461348536305,True
2013-11-23 11:00:00,9.633350860017632,-0.02074461348536305,True
2013-12-29 15:00:00,9.633570905656564,-0.02074461348536305,True
2013-12-20 22:00:00,9.634749830011325,-0.02074461348536305,True
2015-01-31 02:00:00,9.634463160142609,-0.02074461348536305,True
2018-01-10 11:00:00,9.634281338200042,-0.02074461348536305,True
2015-12-20 07:00:00,9.632864410742767,-0.02074461348536305,True
2014-11-25 05:00:00,9.63341903087551,-0.02074461348536305,True
2016-11-15 01:00:00,9.615574798016633,-0.02073525178985325,True
2016-01-23 13:00:00,9.615421056213462,-0.02073525178985325,True
2015-02-02 16:00:00,9.614637462443548,-0.02073525178985325,True
2015-02-04 08:00:00,9.61574098886323,-0.02073525178985325,True
2016-11-10 01:00:00,9.609699923192062,-0.020453094071877786,True
2017-11-09 17:00:00,9.60982350751902,-0.020453094071877786,True
2017-12-27 12:00:00,9.62589967214102,-0.0203397888406317,True
2014-11-30 18:00:00,9.624513116025124,-0.0203397888406317,True
2017-01-27 09:00:00,9.625020747466277,-0.0203397888406317,True
2011-10-31 17:00:00,9.624998671906908,-0.0203397888406317,True
2014-11-01 04:00:00,9.625311085990262,-0.0203397888406317,True
2014-12-19 00:00:00,9.625792488293497,-0.0203397888406317,True
2014-12-18 02:00:00,9.624817663068942,-0.0203397888406317,True
2013-12-31 01:00:00,9.62473311893376,-0.0203397888406317,True
2013-11-24 07:00:00,9.6266298423287,-0.0203397888406317,True
2012-11-12 01:00:00,9.610072935648024,-0.02005782196214001,True
2014-12-20 23:00:00,9.61016288607894,-0.02005782196214001,True
2015-01-28 23:00:00,9.62826875557076,-0.019944593365734842,True
2014-01-10 15:00:00,9.62803616272001,-0.019944593365734842,True
2014-12-15 01:00:00,9.623455276347157,-0.019944593365734842,True
2011-11-08 16:00:00,9.623970389761864,-0.019944593365734842,True
2013-12-14 07:00:00,9.62384445122682,-0.019944593365734842,True
2012-11-04 08:00:00,9.6233424754438,-0.019944593365734842,True
2012-11-03 23:00:00,9.623512764698969,-0.019944593365734842,True
2007-01-28 09:00:00,9.627849911530516,-0.019944593365734842,True
2016-01-08 11:00:00,9.623586172740476,-0.019944593365734842,True
2017-11-04 14:00:00,9.627905044085846,-0.019944593365734842,True
2015-11-03 14:00:00,9.623866207138894,-0.019944593365734842,True
2012-01-29 15:00:00,9.62347958726199,-0.019944593365734842,True
2012-01-29 05:00:00,9.613065126606124,-0.01966281719765106,True
2015-11-15 12:00:00,9.611506955911224,-0.01966281719765106,True
2012-01-29 07:00:00,9.612556711298913,-0.01966281719765106,True
2013-12-30 03:00:00,9.611211113605131,-0.01966281719765106,True
2015-02-04 03:00:00,9.60824564615279,-0.01966281719765106,True
2017-10-30 22:00:00,9.608083698940533,-0.01966281719765106,True
2013-12-13 04:00:00,9.605458593351944,-0.01966281719765106,True
2016-10-19 23:00:00,9.607430827246294,-0.01966281719765106,True
2013-11-18 11:00:00,9.606207612196036,-0.01966281719765106,True
2017-01-29 14:00:00,9.61075266443332,-0.01966281719765106,True
2016-11-04 16:00:00,9.614138783206933,-0.01966281719765106,True
2016-11-04 22:00:00,9.606190163805632,-0.01966281719765106,True
2014-01-10 10:00:00,9.60573184537562,-0.01966281719765106,True
2013-12-24 13:00:00,9.612791977521344,-0.01966281719765106,True
2015-01-24 06:00:00,9.58472804306001,-0.019115939972080387,True
2015-02-02 06:00:00,9.585140292121748,-0.019115939972080387,True
2015-02-03 15:00:00,9.58453658626157,-0.019115939972080387,True
2016-11-02 18:00:00,9.58508511243652,-0.019115939972080387,True
2017-11-04 07:00:00,9.584694852619055,-0.019115939972080387,True
2018-05-09 04:00:00,0.5939076657341821,-0.019009838897735998,True
2018-10-02 19:00:00,0.5935782564738474,-0.019009838897735998,True
2015-08-04 14:00:00,0.5930013919459501,-0.019009838897735998,True
2018-07-12 19:00:00,0.5934041802962755,-0.019009838897735998,True
2013-03-16 10:00:00,0.5938069686466008,-0.019009838897735998,True
2018-10-02 18:00:00,0.5935782564738474,-0.019009838897735998,True
2018-10-02 21:00:00,0.5935782564738474,-0.019009838897735998,True
2018-10-02 22:00:00,0.5935782564738474,-0.019009838897735998,True
2018-10-02 23:00:00,0.5935782564738474,-0.019009838897735998,True
2018-10-02 20:00:00,0.5935782564738474,-0.019009838897735998,True
2012-07-30 06:00:00,0.5939076657341821,-0.019009838897735998,True
2014-05-13 08:00:00,0.5939076657341821,-0.019009838897735998,True
2010-11-14 00:00:00,0.5933302670431436,-0.019009838897735998,True
2017-05-12 07:00:00,0.5939076657341821,-0.019009838897735998,True
2016-09-25 09:00:00,0.5939076657341821,-0.019009838897735998,True
2012-11-02 17:00:00,9.602954896991813,-0.0189553972377543,True
2012-02-02 11:00:00,9.602430933298002,-0.0189553972377543,True
2014-01-13 22:00:00,9.600115543536132,-0.0189553972377543,True
2015-11-04 00:00:00,9.599172557026774,-0.0189553972377543,True
2013-11-12 15:00:00,9.601923239083924,-0.0189553972377543,True
2012-01-31 04:00:00,9.602779788373107,-0.0189553972377543,True
2018-01-08 06:00:00,9.60167161349089,-0.0189553972377543,True
2017-12-31 15:00:00,9.600967579977066,-0.0189553972377543,True
2015-11-07 06:00:00,9.599773203736513,-0.0189553972377543,True
2016-01-25 16:00:00,9.599326563765176,-0.0189553972377543,True
2015-11-05 12:00:00,9.600297216158085,-0.0189553972377543,True
2014-01-09 14:00:00,9.60158667482483,-0.0189553972377543,True
2013-12-12 06:00:00,9.601281265983094,-0.0189553972377543,True
2013-12-12 21:00:00,9.603501821692875,-0.0189553972377543,True
2015-12-19 09:00:00,9.604920204647632,-0.01887360898125845,True
2013-11-12 09:00:00,9.604639110126255,-0.01887360898125845,True
2017-01-30 10:00:00,9.604177079961367,-0.01887360898125845,True
2013-12-22 04:00:00,9.598160948986926,-0.018561138106476305,True
2011-10-31 12:00:00,9.59791533886515,-0.018561138106476305,True
2013-12-29 10:00:00,9.593652683944658,-0.018038360026728317,True
2013-11-12 11:00:00,9.596124570778978,-0.018038360026728317,True
2017-12-18 04:00:00,9.593251600717366,-0.018038360026728317,True
2012-01-29 10:00:00,9.591924239823625,-0.018038360026728317,True
2015-11-02 14:00:00,9.593063369225607,-0.018038360026728317,True
2014-12-23 16:00:00,9.595496505162613,-0.018038360026728317,True
2013-12-17 10:00:00,9.594746049570327,-0.018038360026728317,True
2014-12-21 22:00:00,9.594088323872176,-0.018038360026728317,True
2016-11-08 17:00:00,9.58663093083109,-0.017956700438794382,True
2011-11-02 01:00:00,9.586683131432393,-0.017956700438794382,True
2015-11-12 07:00:00,9.590458927405876,-0.017956700438794382,True
2013-12-17 21:00:00,9.589873812009754,-0.017956700438794382,True
2012-11-08 23:00:00,9.590243374394106,-0.017956700438794382,True
2012-02-04 00:00:00,9.586825282027476,-0.017956700438794382,True
2016-01-20 03:00:00,9.589236874459232,-0.017956700438794382,True
2014-11-19 14:00:00,9.5890448549227,-0.017956700438794382,True
2012-01-31 08:00:00,9.588390626424792,-0.017956700438794382,True
2017-01-30 05:00:00,9.58592107456211,-0.017956700438794382,True
2015-10-29 01:00:00,9.580281948192836,-0.017851991951335244,True
2011-11-06 03:00:00,9.579644438840736,-0.017851991951335244,True
2015-10-29 00:00:00,9.580556676846529,-0.017851991951335244,True
2012-11-07 16:00:00,9.578117482155712,-0.017851991951335244,True
2012-11-11 11:00:00,9.582642878055925,-0.017851991951335244,True
2012-11-08 14:00:00,9.583867269656183,-0.017851991951335244,True
2015-11-07 18:00:00,9.582181165321328,-0.017851991951335244,True
2013-02-03 13:00:00,9.57843827342822,-0.017851991951335244,True
2017-11-04 19:00:00,9.5795644769421,-0.017851991951335244,True
2015-11-29 19:00:00,9.581494785678869,-0.017851991951335244,True
2015-01-30 01:00:00,9.582018449440987,-0.017851991951335244,True
2015-01-19 00:00:00,9.58062637180547,-0.017851991951335244,True
2015-02-02 12:00:00,9.580950325614715,-0.017851991951335244,True
2015-11-15 17:00:00,9.582012662803754,-0.017851991951335244,True
2012-02-03 07:00:00,9.579957625456762,-0.017851991951335244,True
2015-11-07 09:00:00,9.583878346986454,-0.017851991951335244,True
2014-12-24 11:00:00,9.58059248172112,-0.017851991951335244,True
2014-12-24 21:00:00,9.583027869500691,-0.017851991951335244,True
2014-12-25 22:00:00,9.57857857610422,-0.017851991951335244,True
2011-10-31 22:00:00,9.583839861236132,-0.017851991951335244,True
2014-12-23 11:00:00,9.577891439664704,-0.017851991951335244,True
2015-11-09 02:00:00,9.579620970505534,-0.017851991951335244,True
2012-11-08 01:00:00,9.5839089382236,-0.017851991951335244,True
2012-11-07 23:00:00,9.583001573888764,-0.017851991951335244,True
2013-12-30 08:00:00,9.578364093983527,-0.017851991951335244,True
2014-01-09 19:00:00,9.577618801327144,-0.017851991951335244,True
2014-01-10 05:00:00,9.582894561025132,-0.017851991951335244,True
2014-01-15 04:00:00,9.580304844724887,-0.017851991951335244,True
2018-09-10 04:00:00,0.5952167278727394,-0.017746120874927218,True
2014-05-15 23:00:00,0.5957202133106461,-0.017746120874927218,True
2014-05-14 05:00:00,0.5946125453472514,-0.017746120874927218,True
2012-08-10 08:00:00,0.5947132424348327,-0.017746120874927218,True
2009-04-25 13:00:00,0.5957202133106461,-0.017746120874927218,True
2009-09-11 15:00:00,0.5941103121828443,-0.017746120874927218,True
2010-08-12 15:00:00,0.5941103121828443,-0.017746120874927218,True
2013-06-08 03:00:00,0.5946125453472514,-0.017746120874927218,True
2011-04-04 00:00:00,0.5941103121828443,-0.017746120874927218,True
2009-05-11 01:00:00,0.5946125453472514,-0.017746120874927218,True
2009-03-17 21:00:00,0.5957202133106461,-0.017746120874927218,True
2016-09-16 20:00:00,0.5956195162230646,-0.017746120874927218,True
2018-07-07 14:00:00,0.5957202133106461,-0.017746120874927218,True
2018-05-31 14:00:00,0.594229427794943,-0.017746120874927218,True
2018-09-17 02:00:00,0.5941103121828443,-0.017746120874927218,True
2013-03-24 03:00:00,0.5947132424348328,-0.017746120874927218,True
2014-06-03 14:00:00,0.5957202133106461,-0.017746120874927218,True
2014-05-30 18:00:00,0.5957202133106461,-0.017746120874927218,True
2018-03-26 02:00:00,0.595720213310646,-0.017746120874927218,True
2014-07-17 12:00:00,0.5957202133106461,-0.017746120874927218,True
2013-12-11 08:00:00,9.596483003994807,-0.017644721140429365,True
2012-11-04 19:00:00,9.596766829377982,-0.017644721140429365,True
2012-11-12 06:00:00,9.596899198800305,-0.017644721140429365,True
2007-11-17 15:00:00,9.597144542952986,-0.017644721140429365,True
2014-12-24 06:00:00,9.570600351641946,-0.017376900891047486,True
2016-02-01 14:00:00,9.567572155908591,-0.017376900891047486,True
2014-12-21 19:00:00,9.576407069554664,-0.017376900891047486,True
2017-12-22 21:00:00,9.568157662051222,-0.017376900891047486,True
2013-12-16 13:00:00,9.570953193027952,-0.017376900891047486,True
2013-10-22 00:00:00,9.574786675706802,-0.017376900891047486,True
2014-12-14 22:00:00,9.56851464355582,-0.017376900891047486,True
2016-01-08 01:00:00,9.569826016522953,-0.017376900891047486,True
2017-11-07 23:00:00,9.572039774551511,-0.017376900891047486,True
2014-12-16 23:00:00,9.5706910593157,-0.017376900891047486,True
2018-01-12 20:00:00,9.567848530246724,-0.017376900891047486,True
2012-11-09 05:00:00,9.57582586135501,-0.017376900891047486,True
2012-01-31 15:00:00,9.570684069067466,-0.017376900891047486,True
2017-12-26 09:00:00,9.571551827059707,-0.017376900891047486,True
2012-02-03 19:00:00,9.57434843337514,-0.017376900891047486,True
2014-11-04 03:00:00,9.576984338072275,-0.017376900891047486,True
2015-02-02 21:00:00,9.570580062019063,-0.017376900891047486,True
2015-11-03 18:00:00,9.573979913770875,-0.017376900891047486,True
2014-12-23 18:00:00,9.576823096518073,-0.017376900891047486,True
2011-11-01 18:00:00,9.570815189774535,-0.017376900891047486,True
2013-12-10 10:00:00,9.57492518575815,-0.017376900891047486,True
2013-12-15 10:00:00,9.572039964960725,-0.017376900891047486,True
2016-01-07 20:00:00,9.567520644096318,-0.017376900891047486,True
2014-01-15 11:00:00,9.569837358030735,-0.017376900891047486,True
2012-11-11 15:00:00,9.572072063553945,-0.017376900891047486,True
2015-01-22 23:00:00,9.567684821522995,-0.017376900891047486,True
2013-12-21 11:00:00,9.568368878608132,-0.017376900891047486,True
2017-01-29 17:00:00,9.569504918982965,-0.017376900891047486,True
2013-12-21 13:00:00,9.57228421535614,-0.017376900891047486,True
2018-08-29 09:00:00,0.5963999815194265,-0.017352679646765234,True
2006-03-24 16:00:00,0.5968184535507447,-0.01695950452552164,True
2014-07-30 22:00:00,0.59753276088711,-0.016566595331213185,True
2016-05-23 08:00:00,0.5975327608871099,-0.016566595331213185,True
2014-03-23 12:00:00,0.5975327608871099,-0.016566595331213185,True
2014-08-02 15:00:00,0.5975327608871099,-0.016566595331213185,True
2012-11-08 19:00:00,9.533012669743206,-0.016081848909061724,True
2014-01-14 17:00:00,9.54353674459656,-0.016081848909061724,True
2013-11-24 16:00:00,9.545685154073915,-0.016081848909061724,True
2016-01-31 16:00:00,9.537456179156155,-0.016081848909061724,True
2015-11-02 09:00:00,9.538279995338527,-0.016081848909061724,True
2015-11-08 05:00:00,9.541573376464637,-0.016081848909061724,True
2017-11-07 21:00:00,9.532872492048831,-0.016081848909061724,True
2014-12-15 13:00:00,9.535615372068923,-0.016081848909061724,True
2016-02-01 09:00:00,9.534369217626262,-0.016081848909061724,True
2015-12-20 12:00:00,9.54472393670975,-0.016081848909061724,True
2012-02-01 00:00:00,9.544729191248743,-0.016081848909061724,True
2017-11-05 04:00:00,9.53297701884607,-0.016081848909061724,True
2012-11-12 09:00:00,9.565796109064776,-0.016081848909061724,True
2017-12-19 20:00:00,9.56723031846002,-0.016081848909061724,True
2014-12-21 05:00:00,9.548024498940649,-0.016081848909061724,True
2012-02-03 02:00:00,9.540009816424623,-0.016081848909061724,True
2014-12-24 01:00:00,9.533603312866768,-0.016081848909061724,True
2014-12-25 02:00:00,9.54823875993134,-0.016081848909061724,True
2012-02-02 21:00:00,9.539090450281783,-0.016081848909061724,True
2014-12-24 19:00:00,9.535738677917651,-0.016081848909061724,True
2011-10-31 15:00:00,9.545981130595315,-0.016081848909061724,True
2015-11-13 14:00:00,9.541432319002624,-0.016081848909061724,True
2013-12-22 06:00:00,9.54144067978742,-0.016081848909061724,True
2017-01-30 20:00:00,9.567318502248078,-0.016081848909061724,True
2011-11-08 06:00:00,9.546203951283204,-0.016081848909061724,True
2017-11-11 08:00:00,9.56615735009033,-0.016081848909061724,True
2015-11-06 00:00:00,9.534269801174544,-0.016081848909061724,True
2016-01-09 01:00:00,9.544460593747392,-0.016081848909061724,True
2015-01-28 22:00:00,9.540144335762887,-0.016081848909061724,True
2017-11-07 05:00:00,9.539108711152254,-0.016081848909061724,True
2012-11-09 10:00:00,9.535939701155147,-0.016081848909061724,True
2013-12-23 02:00:00,9.54479469331069,-0.016081848909061724,True
2016-10-28 20:00:00,9.53374539134114,-0.016081848909061724,True
2014-11-11 04:00:00,9.565983691434086,-0.016081848909061724,True
2016-01-23 16:00:00,9.565798710018386,-0.016081848909061724,True
2016-11-13 02:00:00,9.536465175961965,-0.016081848909061724,True
2015-10-19 23:00:00,9.534679149276844,-0.016081848909061724,True
2016-11-08 20:00:00,9.54763114950276,-0.016081848909061724,True
2016-11-10 06:00:00,9.545451506316084,-0.016081848909061724,True
2012-11-07 05:00:00,9.545289553449429,-0.016081848909061724,True
2006-11-23 21:00:00,9.54010032228548,-0.016081848909061724,True
2014-01-20 23:00:00,9.55117634945937,-0.01568953332369616,True
2014-10-20 19:00:00,9.559831605023817,-0.01568953332369616,True
2013-12-28 06:00:00,9.559997453598085,-0.01568953332369616,True
2016-01-10 01:00:00,9.561039049542646,-0.01568953332369616,True
2011-11-07 00:00:00,9.551706900548211,-0.01568953332369616,True
2011-11-08 11:00:00,9.562252077349116,-0.01568953332369616,True
2015-01-31 12:00:00,9.55865416566399,-0.01568953332369616,True
2014-12-22 12:00:00,9.550378964269,-0.01568953332369616,True
2015-11-20 15:00:00,9.564744663336889,-0.01568953332369616,True
2011-11-04 07:00:00,9.560111625928345,-0.01568953332369616,True
2014-12-26 15:00:00,9.559779477943843,-0.01568953332369616,True
2014-12-26 20:00:00,9.559181882013434,-0.01568953332369616,True
2011-11-01 03:00:00,9.551238491103009,-0.01568953332369616,True
2013-12-12 23:00:00,9.564545400679837,-0.01568953332369616,True
2015-01-31 17:00:00,9.565010247967168,-0.01568953332369616,True
2007-01-29 02:00:00,9.551502800332218,-0.01568953332369616,True
2015-11-05 10:00:00,9.563676215226767,-0.01568953332369616,True
2012-11-10 23:00:00,9.563649392706113,-0.01568953332369616,True
2007-11-17 02:00:00,9.559975568847165,-0.01568953332369616,True
2013-12-24 08:00:00,9.562280324425483,-0.01568953332369616,True
2016-11-10 04:00:00,9.563312623482236,-0.01568953332369616,True
2016-11-09 03:00:00,9.548376875466513,-0.01568953332369616,True
2016-11-04 20:00:00,9.551690271371305,-0.01568953332369616,True
2014-12-14 00:00:00,9.558407269014332,-0.01568953332369616,True
2014-12-16 03:00:00,9.562631629014476,-0.01568953332369616,True
2013-12-20 08:00:00,9.560792699936158,-0.01568953332369616,True
2012-11-03 03:00:00,9.55871000338821,-0.01568953332369616,True
2015-11-06 10:00:00,9.562170717514595,-0.01568953332369616,True
2014-12-18 17:00:00,9.55997502930802,-0.01568953332369616,True
2014-12-20 09:00:00,9.559498536994868,-0.01568953332369616,True
2016-11-19 23:00:00,9.563229040645474,-0.01568953332369616,True
2013-01-20 17:00:00,9.548703621526572,-0.01568953332369616,True
2014-04-30 12:00:00,0.5993453084635739,-0.015665382383136528,True
2018-09-15 04:00:00,0.5989425201132486,-0.015665382383136528,True
2011-11-28 18:00:00,0.598636983866111,-0.015665382383136528,True
2014-04-30 15:00:00,0.6002515822518059,-0.015665382383136528,True
2013-08-04 08:00:00,0.5993453084635739,-0.015665382383136528,True
2014-07-01 00:00:00,0.5993453084635739,-0.015665382383136528,True
2017-03-25 12:00:00,0.5989965247990369,-0.015665382383136528,True
2014-05-16 00:00:00,0.6003522793393872,-0.015665382383136528,True
2014-08-03 18:00:00,0.6003522793393872,-0.015665382383136528,True
2014-05-29 05:00:00,0.5993453084635739,-0.015665382383136528,True
2016-07-23 13:00:00,0.5993453084635739,-0.015665382383136528,True
2018-06-11 14:00:00,0.5997547129800731,-0.015665382383136528,True
2016-07-20 17:00:00,0.5993453084635739,-0.015665382383136528,True
2016-07-19 14:00:00,0.6003522793393872,-0.015665382383136528,True
2004-02-17 11:00:00,0.6001621591571317,-0.015665382383136528,True
2014-01-09 07:00:00,9.557588195065266,-0.0152974830839121,True
2014-12-25 12:00:00,9.529141712422549,-0.0152974830839121,True
2012-02-01 15:00:00,9.531074041103563,-0.0152974830839121,True
2012-02-03 04:00:00,9.531672967330977,-0.0152974830839121,True
2015-02-02 11:00:00,9.55242838897042,-0.0152974830839121,True
2011-11-05 10:00:00,9.532146845906704,-0.0152974830839121,True
2013-11-24 02:00:00,9.556059245580052,-0.0152974830839121,True
2016-01-31 06:00:00,9.531945947130836,-0.0152974830839121,True
2015-11-09 07:00:00,9.55493798024453,-0.0152974830839121,True
2016-02-01 04:00:00,9.555742157515269,-0.0152974830839121,True
2007-01-28 17:00:00,9.55561262345482,-0.0152974830839121,True
2016-01-24 00:00:00,9.532387698415317,-0.0152974830839121,True
2016-01-20 15:00:00,9.555475167955237,-0.0152974830839121,True
2016-11-07 23:00:00,9.555693460338,-0.0152974830839121,True
2014-01-15 03:00:00,9.55645902442767,-0.0152974830839121,True
2012-01-30 03:00:00,9.529551935884871,-0.0152974830839121,True
2011-11-04 15:00:00,9.55248057923483,-0.0152974830839121,True
2007-01-28 12:00:00,9.558103725830014,-0.0152974830839121,True
2015-11-11 01:00:00,9.552810559468876,-0.0152974830839121,True
2017-12-20 23:00:00,9.555001096837405,-0.0152974830839121,True
2012-11-02 22:00:00,9.55777209716354,-0.0152974830839121,True
2013-12-17 15:00:00,9.553086075991084,-0.0152974830839121,True
2014-12-15 15:00:00,9.530335862833477,-0.0152974830839121,True
2016-11-13 14:00:00,9.55752968342223,-0.0152974830839121,True
2015-11-06 11:00:00,9.555331276765337,-0.0152974830839121,True
2015-05-15 07:00:00,0.5984390346753421,-0.015273348478021864,True
2014-05-13 00:00:00,0.6007550676897124,-0.015273348478021864,True
2014-09-27 16:00:00,0.6005536735145499,-0.015273348478021864,True
2013-05-21 23:00:00,0.6005899383157141,-0.015273348478021864,True
2017-09-26 12:00:00,0.5984587054733589,-0.015273348478021864,True
2014-03-21 10:00:00,0.6006570173620819,-0.015273348478021864,True
2013-07-07 09:00:00,0.6009564618648752,-0.015273348478021864,True
2010-08-11 21:00:00,0.6011578560400378,-0.015273348478021864,True
2015-05-14 05:00:00,0.6011578560400378,-0.015273348478021864,True
2011-07-21 09:00:00,0.6011578560400378,-0.015273348478021864,True
2016-07-22 06:00:00,0.6011578560400378,-0.015273348478021864,True
2015-11-13 12:00:00,9.409899258906382,-0.015178727076633591,True
2014-11-07 18:00:00,9.411120707557238,-0.015178727076633591,True
2016-11-04 18:00:00,9.410972469548108,-0.015178727076633591,True
2006-11-23 11:00:00,9.411114904890292,-0.015178727076633591,True
2017-11-06 12:00:00,9.411937119065705,-0.015178727076633591,True
2012-11-03 22:00:00,9.409510039391158,-0.015178727076633591,True
2013-12-21 21:00:00,9.408825272052724,-0.015178727076633591,True
2017-11-10 05:00:00,9.41028764392926,-0.015178727076633591,True
2018-01-16 21:00:00,9.41175729502955,-0.015178727076633591,True
2011-10-29 23:00:00,9.413456285674403,-0.015178727076633591,True
2014-12-21 09:00:00,9.410073955547697,-0.015178727076633591,True
2017-12-21 00:00:00,9.409306492610565,-0.015178727076633591,True
2017-12-31 16:00:00,9.410686243277596,-0.015178727076633591,True
2013-11-09 08:00:00,9.413442909733323,-0.015178727076633591,True
2011-11-07 06:00:00,9.410681017729774,-0.015178727076633591,True
2011-11-03 17:00:00,9.411064194845496,-0.015178727076633591,True
2014-11-01 08:00:00,9.410252150625244,-0.015178727076633591,True
2016-01-23 01:00:00,9.41049603932511,-0.015178727076633591,True
2013-02-05 02:00:00,9.411155525290194,-0.015178727076633591,True
2015-02-02 05:00:00,9.41128772922435,-0.015178727076633591,True
2015-08-04 03:00:00,0.6022655240034325,-0.014490075953647819,True
2018-03-17 15:00:00,0.6022655240034325,-0.014490075953647819,True
2012-11-11 04:00:00,9.42737739339192,-0.014279668663835121,True
2013-12-18 07:00:00,9.427812196169668,-0.014279668663835121,True
2011-10-27 12:00:00,9.430433966986724,-0.014279668663835121,True
2018-01-08 04:00:00,9.431629958348182,-0.014279668663835121,True
2012-11-09 16:00:00,9.432701553403222,-0.014279668663835121,True
2012-11-03 05:00:00,9.430703606000876,-0.014279668663835121,True
2007-01-29 14:00:00,9.433257301088592,-0.014279668663835121,True
2015-11-15 18:00:00,9.43111822128693,-0.014279668663835121,True
2015-11-13 16:00:00,9.432096878640529,-0.014279668663835121,True
2012-11-05 20:00:00,9.42814180251572,-0.014279668663835121,True
2016-02-01 12:00:00,9.429009882140148,-0.014279668663835121,True
2012-02-04 22:00:00,9.42851397338718,-0.014279668663835121,True
2016-11-10 16:00:00,9.43058972912904,-0.014279668663835121,True
2011-11-05 06:00:00,9.428259334883212,-0.014279668663835121,True
2014-10-28 02:00:00,9.430303801236352,-0.014279668663835121,True
2012-01-30 23:00:00,9.430880606369549,-0.014279668663835121,True
2017-01-31 18:00:00,9.435411442558904,-0.014279668663835121,True
2016-01-24 03:00:00,9.432568610261386,-0.014279668663835121,True
2015-01-23 07:00:00,9.429425612893024,-0.014279668663835121,True
2015-11-29 04:00:00,9.431925611223834,-0.014279668663835121,True
2011-11-01 13:00:00,9.523106307988746,-0.01417083195501978,True
2011-10-31 07:00:00,9.52021880969808,-0.01417083195501978,True
2016-01-07 00:00:00,9.520581635193036,-0.01417083195501978,True
2007-11-17 23:00:00,9.52272557695161,-0.01417083195501978,True
2013-12-27 18:00:00,9.519242115831874,-0.01417083195501978,True
2017-11-09 22:00:00,9.520927059552587,-0.01417083195501978,True
2017-11-08 14:00:00,9.519136474469112,-0.01417083195501978,True
2012-02-02 09:00:00,9.520705969935664,-0.01417083195501978,True
2011-11-08 04:00:00,9.524352036597817,-0.01417083195501978,True
2017-01-31 03:00:00,9.522904908985106,-0.01417083195501978,True
2015-01-19 13:00:00,9.521850847352514,-0.01417083195501978,True
2013-12-28 19:00:00,9.52143474516299,-0.01417083195501978,True
2016-01-20 00:00:00,9.52420029363634,-0.01417083195501978,True
2006-11-24 02:00:00,9.522134679310678,-0.01417083195501978,True
2011-11-05 22:00:00,9.5225316014194,-0.01417083195501978,True
2012-01-30 10:00:00,9.519027903098047,-0.01417083195501978,True
2013-12-11 23:00:00,9.520170875955356,-0.01417083195501978,True
2016-01-10 06:00:00,9.521865676099653,-0.01417083195501978,True
2016-11-08 10:00:00,9.525149855345733,-0.01417083195501978,True
2013-11-18 21:00:00,9.52113139163058,-0.01417083195501978,True
2011-11-05 16:00:00,9.52464862878142,-0.01417083195501978,True
2015-01-30 08:00:00,9.521484289215184,-0.01417083195501978,True
2015-11-28 00:00:00,9.519249286535388,-0.01417083195501978,True
2018-01-23 11:00:00,9.525292002080828,-0.01417083195501978,True
2012-12-02 15:00:00,9.521952138397204,-0.01417083195501978,True
2015-10-29 02:00:00,9.48714259382784,-0.01406206549000788,True
2015-11-07 19:00:00,9.486910574896838,-0.01406206549000788,True
2011-11-04 02:00:00,9.487322528178169,-0.01406206549000788,True
2016-01-31 01:00:00,9.487589421929414,-0.01406206549000788,True
2011-11-01 10:00:00,9.486928393522923,-0.01406206549000788,True
2012-01-31 09:00:00,9.486859424360295,-0.01406206549000788,True
2016-01-08 08:00:00,9.486786750476291,-0.01406206549000788,True
2015-02-01 20:00:00,9.413973874070724,-0.013888571996562571,True
2016-11-13 21:00:00,9.414690684843452,-0.013888571996562571,True
2014-11-08 07:00:00,9.517077985373666,-0.01377980890026953,True
2015-01-19 16:00:00,9.527396570402775,-0.01377980890026953,True
2014-10-23 00:00:00,9.51292925738634,-0.01377980890026953,True
2013-12-29 07:00:00,9.513803826912469,-0.01377980890026953,True
2012-01-28 16:00:00,9.51491563471252,-0.01377980890026953,True
2014-10-27 18:00:00,9.514820259941503,-0.01377980890026953,True
2015-01-19 14:00:00,9.518216692586774,-0.01377980890026953,True
2014-01-15 06:00:00,9.514447060042627,-0.01377980890026953,True
2016-11-08 22:00:00,9.51333297907354,-0.01377980890026953,True
2015-11-03 13:00:00,9.513530552222427,-0.01377980890026953,True
2015-10-26 16:00:00,9.526542355327306,-0.01377980890026953,True
2013-12-27 03:00:00,9.526142936059152,-0.01377980890026953,True
2012-11-09 21:00:00,9.5161724906719,-0.01377980890026953,True
2013-12-24 05:00:00,9.513844643804012,-0.01377980890026953,True
2015-11-05 15:00:00,9.517864907160696,-0.01377980890026953,True
2016-11-11 19:00:00,9.526789664560807,-0.01377980890026953,True
2012-11-06 13:00:00,9.513488167652367,-0.01377980890026953,True
2014-12-17 07:00:00,9.51695481636006,-0.01377980890026953,True
2018-01-08 05:00:00,9.516650785919536,-0.01377980890026953,True
2014-12-19 15:00:00,9.51748847058265,-0.01377980890026953,True
2015-11-06 05:00:00,9.513620497657646,-0.01377980890026953,True
2014-12-16 16:00:00,9.517534415653149,-0.01377980890026953,True
2013-11-25 16:00:00,9.527322820573524,-0.01377980890026953,True
2015-11-09 08:00:00,9.514021267892778,-0.01377980890026953,True
2012-02-02 16:00:00,9.515934644459463,-0.01377980890026953,True
2015-02-03 03:00:00,9.51823585224166,-0.01377980890026953,True
2011-11-04 00:00:00,9.516529292332237,-0.01377980890026953,True
2015-02-01 14:00:00,9.519449642918769,-0.01377980890026953,True
2013-10-31 00:00:00,9.513655050650234,-0.01377980890026953,True
2015-02-02 17:00:00,9.517398290871329,-0.01377980890026953,True
2013-11-24 23:00:00,9.515088109601615,-0.01377980890026953,True
2016-11-05 20:00:00,9.49680756282728,-0.013671116000270267,True
2016-11-08 12:00:00,9.500831031507788,-0.013671116000270267,True
2012-11-07 01:00:00,9.497377651005412,-0.013671116000270267,True
2014-01-09 17:00:00,9.50100584725211,-0.013671116000270267,True
2007-01-28 16:00:00,9.50121584097252,-0.013671116000270267,True
2016-11-11 22:00:00,9.502500123103784,-0.013671116000270267,True
2015-10-29 04:00:00,9.498902634269523,-0.013671116000270267,True
2017-11-06 08:00:00,9.499106121130971,-0.013671116000270267,True
2017-12-18 03:00:00,9.500809991610645,-0.013671116000270267,True
2014-12-19 05:00:00,9.502529727762475,-0.013671116000270267,True
2012-02-04 05:00:00,9.502000655141703,-0.013671116000270267,True
2011-10-28 20:00:00,9.502237572162976,-0.013671116000270267,True
2012-02-02 08:00:00,9.505111664756084,-0.013671116000270267,True
2012-02-01 13:00:00,9.50639759467798,-0.013671116000270267,True
2012-01-30 08:00:00,9.50605256177376,-0.013671116000270267,True
2016-01-30 08:00:00,9.49950574432051,-0.013671116000270267,True
2011-11-03 21:00:00,9.503672339466831,-0.013671116000270267,True
2013-12-15 05:00:00,9.499178688714322,-0.013671116000270267,True
2012-01-28 06:00:00,9.504398562389865,-0.013671116000270267,True
2011-11-07 20:00:00,9.503072973718202,-0.013671116000270267,True
2013-12-12 16:00:00,9.503557411465437,-0.013671116000270267,True
2015-11-28 15:00:00,9.505825835465442,-0.013671116000270267,True
2015-02-01 19:00:00,9.500478643553013,-0.013671116000270267,True
2012-11-05 15:00:00,9.501107533792055,-0.013671116000270267,True
2013-12-24 23:00:00,9.500148787506973,-0.013671116000270267,True
2016-11-13 07:00:00,9.501933590020087,-0.013671116000270267,True
2007-01-28 21:00:00,9.497050964160865,-0.013671116000270267,True
2006-11-23 16:00:00,9.502740362425802,-0.013671116000270267,True
2016-10-20 00:00:00,9.49745790231549,-0.013671116000270267,True
2012-11-08 08:00:00,9.407507114594711,-0.013613496946010661,True
2012-11-02 20:00:00,9.407342412283532,-0.013613496946010661,True
2017-12-18 02:00:00,9.408368382503925,-0.013613496946010661,True
2011-01-29 06:00:00,9.425974495907791,-0.013497739850447221,True
2017-01-30 00:00:00,9.425969046707788,-0.013497739850447221,True
2018-01-12 19:00:00,9.425472301499813,-0.013497739850447221,True
2013-01-20 06:00:00,9.422764867252011,-0.013497739850447221,True
2014-12-21 04:00:00,9.422797225011765,-0.013497739850447221,True
2012-11-02 15:00:00,9.423903202368397,-0.013497739850447221,True
2016-11-13 20:00:00,9.42439971669816,-0.013497739850447221,True
2011-10-28 10:00:00,9.437029071400712,-0.013416717352329521,True
2013-02-04 21:00:00,9.43668568267596,-0.013416717352329521,True
2011-10-31 14:00:00,9.435933762512056,-0.013416717352329521,True
2017-01-30 07:00:00,9.435821463546455,-0.013416717352329521,True
2014-11-23 04:00:00,9.439494525583074,-0.013416717352329521,True
2018-01-04 09:00:00,9.437191826750762,-0.013416717352329521,True
2011-11-03 12:00:00,9.438531174115171,-0.013416717352329521,True
2013-02-02 15:00:00,9.435709556894604,-0.013416717352329521,True
2017-01-29 12:00:00,9.437559016345038,-0.013416717352329521,True
2017-11-04 23:00:00,9.437703002534288,-0.013416717352329521,True
2015-02-03 20:00:00,9.43584476860447,-0.013416717352329521,True
2016-10-18 01:00:00,9.43848134443814,-0.013416717352329521,True
2014-12-24 14:00:00,9.527574439519322,-0.013389050316888196,True
2011-11-04 12:00:00,9.528768979634815,-0.013389050316888196,True
2015-11-28 05:00:00,9.528296623818902,-0.013389050316888196,True
2015-02-03 22:00:00,9.528228310866316,-0.013389050316888196,True
2016-11-28 21:00:00,9.528224013252308,-0.013389050316888196,True
2012-11-08 18:00:00,9.52804329255534,-0.013389050316888196,True
2012-11-10 02:00:00,9.528619814307078,-0.013389050316888196,True
2012-11-05 00:00:00,9.527995329339031,-0.013389050316888196,True
2018-06-15 09:00:00,0.6102205939223575,-0.013317152693449907,True
2015-09-18 13:00:00,0.6089630699874155,-0.013317152693449907,True
2018-05-05 00:00:00,0.6102205939223575,-0.013317152693449907,True
2016-05-21 05:00:00,0.6098178055720321,-0.013317152693449907,True
2013-07-14 09:00:00,0.6098038268507132,-0.013317152693449907,True
2012-08-02 02:00:00,0.6103212910099388,-0.013317152693449907,True
2012-07-30 09:00:00,0.6102205939223575,-0.013317152693449907,True
2013-03-17 23:00:00,0.6102205939223575,-0.013317152693449907,True
2016-03-25 21:00:00,0.6093759270960991,-0.013317152693449907,True
2016-05-25 15:00:00,0.6099185026596134,-0.013317152693449907,True
2014-03-21 21:00:00,0.6104574857958076,-0.013317152693449907,True
2017-05-29 21:00:00,0.6101198968347762,-0.013317152693449907,True
2013-06-04 03:00:00,0.6102205939223575,-0.013317152693449907,True
2018-08-30 04:00:00,0.6102205939223575,-0.013317152693449907,True
2013-12-20 12:00:00,9.492604378609684,-0.013280430932144927,True
2012-12-03 10:00:00,9.495883706118356,-0.013280430932144927,True
2013-12-20 03:00:00,9.490357216419373,-0.013280430932144927,True
2015-11-12 14:00:00,9.496185017390834,-0.013280430932144927,True
2014-12-19 11:00:00,9.494964175740671,-0.013280430932144927,True
2015-11-11 06:00:00,9.48962640859482,-0.013280430932144927,True
2016-02-02 00:00:00,9.49182474011332,-0.013280430932144927,True
2016-01-31 11:00:00,9.496463549037635,-0.013280430932144927,True
2017-11-14 02:00:00,9.49603447421564,-0.013280430932144927,True
2011-11-06 02:00:00,9.4902609628513,-0.013280430932144927,True
2011-11-04 05:00:00,9.49599669081149,-0.013280430932144927,True
2015-01-08 04:00:00,9.494294510932598,-0.013280430932144927,True
2016-10-31 19:00:00,9.491141707436029,-0.013280430932144927,True
2013-12-22 11:00:00,9.49042942548502,-0.013280430932144927,True
2015-01-30 06:00:00,9.489158427574962,-0.013280430932144927,True
2016-01-20 08:00:00,9.488926775781932,-0.013280430932144927,True
2013-12-20 18:00:00,9.494091285985196,-0.013280430932144927,True
2011-11-04 19:00:00,9.48817675210739,-0.013280430932144927,True
2015-02-02 00:00:00,9.401805957391815,-0.013222850848963796,True
2015-11-07 23:00:00,9.401835009933183,-0.013222850848963796,True
2015-02-03 19:00:00,9.400959315766023,-0.013222850848963796,True
2014-12-17 02:00:00,9.401896749064464,-0.013222850848963796,True
2012-02-04 20:00:00,9.398115806965547,-0.013222850848963796,True
2012-11-02 19:00:00,9.40379293368452,-0.013222850848963796,True
2017-11-05 15:00:00,9.405030181771222,-0.013222850848963796,True
2015-11-09 03:00:00,9.39971139369026,-0.013222850848963796,True
2017-11-08 09:00:00,9.40199343305154,-0.013222850848963796,True
2014-01-09 12:00:00,9.40455139359493,-0.013222850848963796,True
2013-12-28 02:00:00,9.403649279628882,-0.013222850848963796,True
2013-12-31 06:00:00,9.40008225455266,-0.013222850848963796,True
2011-11-06 20:00:00,9.398250284851056,-0.013222850848963796,True
2012-11-07 21:00:00,9.404938672900755,-0.013222850848963796,True
2016-11-05 23:00:00,9.399224196711389,-0.013222850848963796,True
2014-12-23 23:00:00,9.399877447169926,-0.013222850848963796,True
2011-10-31 19:00:00,9.40492697406651,-0.013222850848963796,True
2014-01-30 17:00:00,9.39876673643437,-0.013222850848963796,True
2011-11-13 10:00:00,9.399235682518318,-0.013222850848963796,True
2015-12-28 00:00:00,9.402814399229298,-0.013222850848963796,True
2007-01-29 19:00:00,9.404675096028196,-0.013222850848963796,True
2017-11-08 02:00:00,9.405321927089917,-0.013222850848963796,True
2014-11-19 06:00:00,9.3991072828664,-0.013222850848963796,True
2015-01-19 03:00:00,9.404966118959246,-0.013222850848963796,True
2012-11-11 10:00:00,9.402258153674396,-0.013222850848963796,True
2018-01-11 20:00:00,9.403924425056047,-0.013222850848963796,True
2013-12-23 20:00:00,9.397976421117546,-0.013222850848963796,True
2012-11-03 06:00:00,9.398112735159977,-0.013222850848963796,True
2012-11-02 12:00:00,9.457216960311817,-0.013132626952196302,True
2015-02-02 01:00:00,9.421910921423864,-0.013107172046578186,True
2017-11-09 10:00:00,9.419777265035886,-0.013107172046578186,True
2016-01-08 20:00:00,9.41997515081549,-0.013107172046578186,True
2007-01-29 13:00:00,9.42099377936612,-0.013107172046578186,True
2012-11-03 17:00:00,9.421303285171488,-0.013107172046578186,True
2011-11-03 11:00:00,9.421338037333197,-0.013107172046578186,True
2011-11-07 10:00:00,9.421364118210551,-0.013107172046578186,True
2014-11-04 05:00:00,9.422228859753137,-0.013107172046578186,True
2013-12-12 01:00:00,9.422462187296308,-0.013107172046578186,True
2017-08-09 07:00:00,0.6065954987694296,-0.012926707031055695,True
2017-07-16 01:00:00,0.6079045609079871,-0.012926707031055695,True
2014-04-24 19:00:00,0.6085087434334748,-0.012926707031055695,True
2017-09-26 11:00:00,0.6084080463458935,-0.012926707031055695,True
2012-08-01 11:00:00,0.6067968929445923,-0.012926707031055695,True
2013-06-21 16:00:00,0.6065954987694296,-0.012926707031055695,True
2018-07-05 03:00:00,0.6083800889032557,-0.012926707031055695,True
2009-05-01 04:00:00,0.6084442739962487,-0.012926707031055695,True
2016-07-23 23:00:00,0.6065954987694296,-0.012926707031055695,True
2015-05-16 09:00:00,0.6084080463458935,-0.012926707031055695,True
2014-07-28 10:00:00,0.6065954987694296,-0.012926707031055695,True
2018-07-03 09:00:00,0.6085799298871608,-0.012926707031055695,True
2018-05-15 20:00:00,0.6065954987694296,-0.012926707031055695,True
2015-08-05 21:00:00,0.6065954987694296,-0.012926707031055695,True
2009-05-11 00:00:00,0.6084080463458935,-0.012926707031055695,True
2013-05-10 23:00:00,0.6084080463458935,-0.012926707031055695,True
2014-08-03 17:00:00,0.6067968929445923,-0.012926707031055695,True
2014-03-17 13:00:00,0.6065954987694296,-0.012926707031055695,True
2013-05-02 06:00:00,0.6067748217160607,-0.012926707031055695,True
2014-10-20 18:00:00,9.396009058949495,-0.012832468968327793,True
2007-01-28 11:00:00,9.39742842196411,-0.012832468968327793,True
2012-01-28 19:00:00,9.396086756958496,-0.012832468968327793,True
2007-01-29 03:00:00,9.406339759948324,-0.012832468968327793,True
2013-02-04 11:00:00,9.397222534460852,-0.012832468968327793,True
2013-11-24 17:00:00,9.406185670763415,-0.012832468968327793,True
2013-12-23 15:00:00,9.406136178486726,-0.012832468968327793,True
2014-11-19 19:00:00,9.40540453406746,-0.012832468968327793,True
2012-11-06 09:00:00,9.407033078370436,-0.012832468968327793,True
2017-01-30 22:00:00,9.405900604480118,-0.012832468968327793,True
2015-02-04 13:00:00,9.40545662125773,-0.012832468968327793,True
2013-02-01 12:00:00,9.397338933652357,-0.012832468968327793,True
2014-11-26 07:00:00,9.406930522885302,-0.012832468968327793,True
2013-12-17 00:00:00,9.452885562763006,-0.012800191207902434,True
2012-11-17 17:00:00,9.451877938486891,-0.012800191207902434,True
2015-11-13 00:00:00,9.451710189200956,-0.012800191207902434,True
2017-12-12 01:00:00,9.449307319761214,-0.012800191207902434,True
2012-02-02 23:00:00,9.448132038398468,-0.012800191207902434,True
2015-02-03 08:00:00,9.449441375773146,-0.012800191207902434,True
2012-11-04 03:00:00,9.452629171764098,-0.012800191207902434,True
2011-11-07 15:00:00,9.452332605817036,-0.012800191207902434,True
2013-11-07 05:00:00,9.450212777746405,-0.012800191207902434,True
2012-11-03 21:00:00,9.451132489416173,-0.012800191207902434,True
2014-01-14 07:00:00,9.452942627343775,-0.012800191207902434,True
2014-01-21 10:00:00,9.449300942717745,-0.012800191207902434,True
2013-12-14 17:00:00,9.44798907618006,-0.012800191207902434,True
2012-11-08 13:00:00,9.44700820457114,-0.012800191207902434,True
2016-11-08 07:00:00,9.450531108433122,-0.012800191207902434,True
2015-01-28 21:00:00,9.452019915955017,-0.012800191207902434,True
2011-11-05 05:00:00,9.452751290618677,-0.012800191207902434,True
2016-02-01 19:00:00,9.473771514964977,-0.012742306095167799,True
2017-11-06 13:00:00,9.462526637600194,-0.012742306095167799,True
2015-11-07 14:00:00,9.467681260937692,-0.012742306095167799,True
2015-01-14 19:00:00,9.461734710984617,-0.012742306095167799,True
2015-11-06 15:00:00,9.469069785964429,-0.012742306095167799,True
2012-02-04 07:00:00,9.469877169640483,-0.012742306095167799,True
2012-02-04 10:00:00,9.463018623974667,-0.012742306095167799,True
2014-12-19 18:00:00,9.463575031914877,-0.012742306095167799,True
2015-11-12 19:00:00,9.465610852469135,-0.012742306095167799,True
2011-11-07 11:00:00,9.464233143808856,-0.012742306095167799,True
2012-11-09 00:00:00,9.474332503101744,-0.012742306095167799,True
2014-01-14 06:00:00,9.461361171660444,-0.012742306095167799,True
2016-01-08 06:00:00,9.462803207573794,-0.012742306095167799,True
2015-11-05 17:00:00,9.465454758981744,-0.012742306095167799,True
2013-12-23 14:00:00,9.469779347445291,-0.012742306095167799,True
2011-11-04 10:00:00,9.468767092417256,-0.012742306095167799,True
2014-11-26 01:00:00,9.471672702170808,-0.012742306095167799,True
2012-11-11 05:00:00,9.46510750026554,-0.012742306095167799,True
2012-11-09 15:00:00,9.4667474294029,-0.012742306095167799,True
2012-11-06 18:00:00,9.473110567414816,-0.012742306095167799,True
2016-11-05 18:00:00,9.472529936428549,-0.012742306095167799,True
2012-11-03 11:00:00,9.46270083863594,-0.012742306095167799,True
2012-11-06 14:00:00,9.46593846000072,-0.012742306095167799,True
2017-11-07 15:00:00,9.465058290206846,-0.012742306095167799,True
2017-11-10 15:00:00,9.466013950106095,-0.012742306095167799,True
2013-12-13 07:00:00,9.473341356291067,-0.012742306095167799,True
2011-11-01 00:00:00,9.462299438132057,-0.012742306095167799,True
2014-12-24 04:00:00,9.46591448885275,-0.012742306095167799,True
2007-01-29 08:00:00,9.467305068926068,-0.012742306095167799,True
2013-12-25 19:00:00,9.473782715857064,-0.012742306095167799,True
2014-11-01 06:00:00,9.470008241808095,-0.012742306095167799,True
2007-01-28 07:00:00,9.464409091396028,-0.012742306095167799,True
2016-10-26 21:00:00,9.47239566260124,-0.012742306095167799,True
2012-01-31 19:00:00,9.46740860334118,-0.012742306095167799,True
2015-01-30 21:00:00,9.470984468670713,-0.012742306095167799,True
2016-11-28 02:00:00,9.470924085271555,-0.012742306095167799,True
2015-11-20 19:00:00,9.474639924775207,-0.012742306095167799,True
2015-01-31 21:00:00,9.462621880264283,-0.012742306095167799,True
2017-01-31 13:00:00,9.466238065024564,-0.012742306095167799,True
2017-12-26 08:00:00,9.463421550837143,-0.012742306095167799,True
2014-12-15 23:00:00,9.461069913919475,-0.012742306095167799,True
2017-11-05 00:00:00,9.469306772209578,-0.012742306095167799,True
2015-02-04 15:00:00,9.464727178900445,-0.012742306095167799,True
2012-02-04 17:00:00,9.471706697490497,-0.012742306095167799,True
2011-11-03 16:00:00,9.463573334430906,-0.012742306095167799,True
2014-12-25 07:00:00,9.467591495167223,-0.012742306095167799,True
2011-11-13 09:00:00,9.417071214907132,-0.012716868406165593,True
2014-01-14 22:00:00,9.4148323436905,-0.012716868406165593,True
2016-11-05 13:00:00,9.415114564692011,-0.012716868406165593,True
2015-01-30 23:00:00,9.417252527731202,-0.012716868406165593,True
2013-12-13 22:00:00,9.41502295478556,-0.012716868406165593,True
2015-10-27 06:00:00,9.416016750221509,-0.012716868406165593,True
2012-11-09 20:00:00,9.417471001844971,-0.012716868406165593,True
2017-12-13 04:00:00,9.417460265610686,-0.012716868406165593,True
2015-02-04 18:00:00,9.415309762288398,-0.012716868406165593,True
2012-11-05 06:00:00,9.414881943444074,-0.012716868406165593,True
2015-01-31 16:00:00,9.415545406162025,-0.012716868406165593,True
2013-12-21 20:00:00,9.4173527038619,-0.012716868406165593,True
2013-12-22 01:00:00,9.416429543136124,-0.012716868406165593,True
2016-02-02 05:00:00,9.444156270466738,-0.012693829909372845,True
2013-12-19 09:00:00,9.443263589504634,-0.012693829909372845,True
2016-11-05 08:00:00,9.440491626796758,-0.012693829909372845,True
2012-11-11 00:00:00,9.44639313408968,-0.012693829909372845,True
2011-11-13 07:00:00,9.44371797909358,-0.012693829909372845,True
2012-11-10 19:00:00,9.44053843852249,-0.012693829909372845,True
2016-01-22 22:00:00,9.443061695558573,-0.012693829909372845,True
2015-02-04 10:00:00,9.442045013638133,-0.012693829909372845,True
2014-12-23 08:00:00,9.442829522703756,-0.012693829909372845,True
2014-01-21 07:00:00,9.44521524446646,-0.012693829909372845,True
2011-11-02 19:00:00,9.443812596125056,-0.012693829909372845,True
2013-02-03 08:00:00,9.446038410625322,-0.012693829909372845,True
2015-11-06 06:00:00,9.444946835074887,-0.012693829909372845,True
2012-02-02 03:00:00,9.445776370645444,-0.012693829909372845,True
2006-11-22 18:00:00,9.443973859357454,-0.012693829909372845,True
2012-11-05 10:00:00,9.44132271045521,-0.012693829909372845,True
2017-01-29 07:00:00,9.44460318480436,-0.012693829909372845,True
2007-01-28 04:00:00,9.44633827508613,-0.012693829909372845,True
2014-12-27 13:00:00,9.446094400549756,-0.012693829909372845,True
2013-05-14 19:00:00,0.6029704036165018,-0.012536525449506675,True
2016-05-14 08:00:00,0.6029704036165018,-0.012536525449506675,True
2016-07-17 02:00:00,0.6047270363076901,-0.012536525449506675,True
2010-04-23 16:00:00,0.6044808599302217,-0.012536525449506675,True
2015-05-24 05:00:00,0.6043801628426404,-0.012536525449506675,True
2018-07-26 21:00:00,0.606092013331523,-0.012536525449506675,True
2015-07-28 12:00:00,0.6029704036165018,-0.012536525449506675,True
2013-07-11 12:00:00,0.6029704036165018,-0.012536525449506675,True
2013-07-16 12:00:00,0.606092013331523,-0.012536525449506675,True
2013-06-24 01:00:00,0.6047829511929658,-0.012536525449506675,True
2013-07-12 20:00:00,0.6029704036165018,-0.012536525449506675,True
2017-07-24 20:00:00,0.6029704036165017,-0.012536525449506675,True
2016-05-09 17:00:00,0.6029704036165018,-0.012536525449506675,True
2016-05-24 11:00:00,0.606092013331523,-0.012536525449506675,True
2017-05-11 13:00:00,0.6028697065289205,-0.012536525449506675,True
2008-06-25 03:00:00,0.6038766774047338,-0.012536525449506675,True
2018-03-29 09:00:00,0.6029704036165018,-0.012536525449506675,True
2014-07-04 09:00:00,0.6049843453681284,-0.012536525449506675,True
2014-08-12 13:00:00,0.6056892249811977,-0.012536525449506675,True
2014-08-17 06:00:00,0.6047829511929658,-0.012536525449506675,True
2016-11-06 06:00:00,9.50955555920864,-0.012499853345478984,True
2012-01-29 17:00:00,9.509069362952186,-0.012499853345478984,True
2015-11-29 00:00:00,9.508153555295866,-0.012499853345478984,True
2013-12-14 02:00:00,9.507733818247845,-0.012499853345478984,True
2011-11-02 08:00:00,9.507978552758257,-0.012499853345478984,True
2014-12-22 22:00:00,9.511567227366443,-0.012499853345478984,True
2015-01-31 04:00:00,9.50863441195821,-0.012499853345478984,True
2011-11-02 13:00:00,9.509429225604803,-0.012499853345478984,True
2011-11-07 05:00:00,9.510165086415896,-0.012499853345478984,True
2013-12-27 13:00:00,9.510247533452317,-0.012499853345478984,True
2018-01-15 23:00:00,9.509469623071352,-0.012499853345478984,True
2017-11-05 09:00:00,9.50955955676185,-0.012499853345478984,True
2012-02-01 23:00:00,9.511636417176646,-0.012499853345478984,True
2014-12-18 12:00:00,9.507646061010664,-0.012499853345478984,True
2014-12-17 19:00:00,9.507813718482682,-0.012499853345478984,True
2017-10-18 23:00:00,9.508260593107693,-0.012499853345478984,True
2017-11-10 03:00:00,9.512047577300503,-0.012499853345478984,True
2018-01-10 12:00:00,9.50775155953165,-0.012499853345478984,True
2012-11-03 16:00:00,9.508705281192947,-0.012499853345478984,True
2016-11-05 03:00:00,9.50952227931335,-0.012499853345478984,True
2016-01-30 03:00:00,9.479882871786302,-0.012490623656701727,True
2012-02-02 18:00:00,9.481661869531155,-0.012490623656701727,True
2011-11-02 09:00:00,9.480814492417446,-0.012490623656701727,True
2011-11-01 08:00:00,9.47968107098264,-0.012490623656701727,True
2012-01-29 12:00:00,9.476686827945295,-0.012490623656701727,True
2012-01-29 00:00:00,9.477366433389289,-0.012490623656701727,True
2011-11-01 05:00:00,9.476873011409763,-0.012490623656701727,True
2012-11-05 05:00:00,9.482965747938122,-0.012490623656701727,True
2016-10-31 18:00:00,9.478415658758076,-0.012490623656701727,True
2013-12-27 21:00:00,9.481294872499744,-0.012490623656701727,True
2014-12-22 10:00:00,9.478800632127244,-0.012490623656701727,True
2013-12-13 17:00:00,9.483444476554038,-0.012490623656701727,True
2017-11-09 12:00:00,9.477159477318256,-0.012490623656701727,True
2016-10-18 00:00:00,9.48195553339922,-0.012490623656701727,True
2015-01-16 06:00:00,9.477309473028637,-0.012490623656701727,True
2013-11-12 12:00:00,9.479636656718473,-0.012490623656701727,True
2015-11-09 12:00:00,9.47861194993132,-0.012490623656701727,True
2017-01-30 12:00:00,9.484074973640032,-0.012490623656701727,True
2012-01-29 22:00:00,9.480022252810016,-0.012490623656701727,True
2011-10-27 07:00:00,9.479829925258226,-0.012490623656701727,True
2017-01-31 08:00:00,9.482042035621353,-0.012490623656701727,True
2012-02-01 18:00:00,9.480184440481304,-0.012490623656701727,True
2017-11-05 05:00:00,9.483957925616163,-0.012490623656701727,True
2014-12-21 00:00:00,9.484625170369275,-0.012490623656701727,True
2014-12-19 06:00:00,9.478433685859144,-0.012490623656701727,True
2012-11-06 19:00:00,9.479009772152732,-0.012490623656701727,True
2012-11-05 11:00:00,9.481871392084525,-0.012490623656701727,True
2016-11-06 21:00:00,9.480377006900683,-0.012490623656701727,True
2016-01-07 15:00:00,9.393684935112113,-0.012442351125397488,True
2016-11-06 01:00:00,9.394070700404844,-0.012442351125397488,True
2013-02-05 07:00:00,9.394009726623633,-0.012442351125397488,True
2016-11-04 19:00:00,9.394449044580377,-0.012442351125397488,True
2013-12-26 18:00:00,9.454859417541035,-0.012410095196276894,True
2013-12-20 13:00:00,9.455111643389962,-0.012410095196276894,True
2014-12-26 00:00:00,9.45532429079986,-0.012410095196276894,True
2015-10-31 05:00:00,9.453675108399826,-0.012410095196276894,True
2012-02-03 14:00:00,9.459116705350391,-0.012352249234571455,True
2013-12-23 00:00:00,9.458728433715631,-0.012352249234571455,True
2013-10-30 23:00:00,9.458864546572617,-0.012352249234571455,True
2016-11-06 11:00:00,9.457922368185962,-0.012352249234571455,True
2016-01-31 21:00:00,9.458069865340752,-0.012352249234571455,True
2015-11-21 02:00:00,9.45775293796932,-0.012352249234571455,True
2015-11-08 00:00:00,9.419329257634969,-0.012326828750540475,True
2016-01-31 04:00:00,9.419503509667823,-0.012326828750540475,True
2017-11-09 19:00:00,9.419435328865127,-0.012326828750540475,True
2017-01-27 12:00:00,9.418856630065289,-0.012326828750540475,True
2016-02-02 10:00:00,9.419437180058518,-0.012326828750540475,True
2016-11-09 08:00:00,9.41947138462378,-0.012326828750540475,True
2016-11-07 09:00:00,9.358818420632176,-0.012144947956127194,True
2015-01-28 20:00:00,9.363895496147142,-0.012144947956127194,True
2017-01-30 08:00:00,9.358370295152172,-0.012144947956127194,True
2011-11-05 01:00:00,9.363048206406884,-0.012144947956127194,True
2013-12-25 04:00:00,9.356513188907975,-0.012144947956127194,True
2007-11-17 13:00:00,9.3610138451179,-0.012144947956127194,True
2015-11-04 12:00:00,9.3635084864207,-0.012144947956127194,True
2012-02-05 08:00:00,9.361678801598469,-0.012144947956127194,True
2014-11-26 16:00:00,9.358828334897463,-0.012144947956127194,True
2017-11-04 08:00:00,9.361427690274397,-0.012144947956127194,True
2012-11-17 12:00:00,9.363220349240502,-0.012144947956127194,True
2014-11-26 06:00:00,9.357371032826356,-0.012144947956127194,True
2011-10-31 20:00:00,9.356780844524208,-0.012144947956127194,True
2016-01-07 22:00:00,9.3592986790784,-0.012144947956127194,True
2012-02-03 17:00:00,9.361799168632084,-0.012144947956127194,True
2017-10-27 23:00:00,9.357506918157046,-0.012144947956127194,True
2012-11-04 17:00:00,9.362248049374188,-0.012144947956127194,True
2015-10-31 02:00:00,9.359018197828712,-0.012144947956127194,True
2015-08-11 05:00:00,0.6176721784033758,-0.012099980482071393,True
2018-06-22 11:00:00,0.6176721784033758,-0.012099980482071393,True
2018-09-15 02:00:00,0.6176721784033758,-0.012099980482071393,True
2017-11-04 05:00:00,9.386906186664834,-0.012052497141589291,True
2015-11-05 20:00:00,9.38829428466291,-0.012052497141589291,True
2012-11-12 11:00:00,9.3861347102616,-0.012052497141589291,True
2012-12-03 20:00:00,9.387960294968002,-0.012052497141589291,True
2014-12-17 04:00:00,9.386897237835305,-0.012052497141589291,True
2014-11-10 15:00:00,9.382894893839842,-0.012052497141589291,True
2007-01-28 22:00:00,9.390006277963137,-0.012052497141589291,True
2017-01-28 21:00:00,9.383060143567151,-0.012052497141589291,True
2017-11-07 20:00:00,9.389847758008676,-0.012052497141589291,True
2012-11-12 02:00:00,9.390557700425877,-0.012052497141589291,True
2006-11-24 14:00:00,9.38399648819196,-0.012052497141589291,True
2011-11-03 00:00:00,9.390742807506182,-0.012052497141589291,True
2015-01-31 09:00:00,9.38921929426532,-0.012052497141589291,True
2015-02-01 05:00:00,9.38622760229465,-0.012052497141589291,True
2015-02-04 05:00:00,9.390923726438055,-0.012052497141589291,True
2014-12-17 14:00:00,9.38388852199918,-0.012052497141589291,True
2011-01-28 20:00:00,9.3887090064069,-0.012052497141589291,True
2015-11-10 18:00:00,9.390518184439246,-0.012052497141589291,True
2017-11-03 17:00:00,9.384876870967666,-0.012052497141589291,True
2011-10-26 21:00:00,9.390782019433582,-0.012052497141589291,True
2011-10-29 08:00:00,9.389063199269035,-0.012052497141589291,True
2014-12-19 01:00:00,9.384995454933104,-0.012052497141589291,True
2015-01-19 07:00:00,9.385438735842907,-0.012052497141589291,True
2011-11-03 06:00:00,9.386072489455907,-0.012052497141589291,True
2015-11-12 22:00:00,9.387512003626584,-0.012052497141589291,True
2014-12-21 14:00:00,9.390047032861984,-0.012052497141589291,True
2015-11-10 13:00:00,9.390824563637276,-0.012052497141589291,True
2016-11-07 12:00:00,9.383913753234626,-0.012052497141589291,True
2016-11-08 01:00:00,9.383714517764185,-0.012052497141589291,True
2011-10-31 05:00:00,9.386870210335216,-0.012052497141589291,True
2016-11-05 15:00:00,9.395550560129236,-0.01205249714158918,True
2013-12-23 09:00:00,9.394703553322238,-0.01205249714158918,True
2011-11-08 01:00:00,9.395671183774368,-0.01205249714158918,True
2011-11-05 17:00:00,9.395359580512604,-0.01205249714158918,True
2017-11-10 00:00:00,9.36539227948108,-0.011971677424011617,True
2012-11-04 20:00:00,9.370951085184874,-0.011971677424011617,True
2014-10-28 03:00:00,9.365370125050251,-0.011971677424011617,True
2014-01-30 12:00:00,9.366635427188545,-0.011971677424011617,True
2012-11-09 11:00:00,9.365895824642037,-0.011971677424011617,True
2013-12-30 13:00:00,9.37167061259216,-0.011971677424011617,True
2013-12-29 12:00:00,9.368368587319004,-0.011971677424011617,True
2016-11-07 02:00:00,9.370359685320944,-0.011971677424011617,True
2011-11-02 14:00:00,9.372947401283584,-0.011971677424011617,True
2012-01-31 01:00:00,9.37290384666822,-0.011971677424011617,True
2014-12-20 14:00:00,9.372717122922907,-0.011971677424011617,True
2013-12-13 09:00:00,9.372983225118162,-0.011971677424011617,True
2013-12-15 15:00:00,9.368509250364903,-0.011971677424011617,True
2013-12-15 06:00:00,9.36591567632562,-0.011971677424011617,True
2013-02-03 11:00:00,9.371143138542315,-0.011971677424011617,True
2015-11-11 11:00:00,9.365893403804966,-0.011971677424011617,True
2014-12-15 05:00:00,9.3715699084612,-0.011971677424011617,True
2017-11-04 18:00:00,9.36567525992259,-0.011971677424011617,True
2017-11-06 02:00:00,9.367161115503828,-0.011971677424011617,True
2012-11-17 23:00:00,9.371633719079522,-0.011971677424011617,True
2014-01-09 22:00:00,9.371981349773796,-0.011971677424011617,True
2017-11-08 01:00:00,9.368146049624212,-0.011971677424011617,True
2013-02-05 12:00:00,9.366948791658418,-0.011971677424011617,True
2011-11-07 18:00:00,9.366157515004696,-0.011971677424011617,True
2015-02-02 22:00:00,9.371203592860985,-0.011971677424011617,True
2012-02-04 02:00:00,9.37342485515408,-0.011971677424011617,True
2011-10-31 02:00:00,9.356207511863396,-0.011755295123177634,True
2009-03-19 00:00:00,0.6174707842282131,-0.011710358063209414,True
2014-09-30 00:00:00,0.6174707842282132,-0.011710358063209414,True
2014-03-19 10:00:00,0.6174707842282132,-0.011710358063209414,True
2016-09-22 16:00:00,0.6173700871406319,-0.011710358063209414,True
2014-07-10 11:00:00,0.6174568055068943,-0.011710358063209414,True
2012-07-27 12:00:00,0.6174707842282132,-0.011710358063209414,True
2017-09-24 18:00:00,0.617358954457662,-0.011710358063209414,True
2015-08-01 06:00:00,0.6174707842282132,-0.011710358063209414,True
2015-09-11 23:00:00,0.617447523384598,-0.011710358063209414,True
2013-08-09 16:00:00,0.6174707842282132,-0.011710358063209414,True
2018-09-05 08:00:00,0.6174707842282132,-0.011710358063209414,True
2011-10-31 10:00:00,9.391869750978923,-0.011662906838439846,True
2012-02-01 11:00:00,9.391741409084284,-0.011662906838439846,True
2011-11-06 07:00:00,9.392981636941494,-0.011662906838439846,True
2015-10-27 07:00:00,9.392693708973214,-0.011662906838439846,True
2011-10-28 15:00:00,9.39195059759233,-0.011662906838439846,True
2017-12-15 04:00:00,9.39223214364524,-0.011662906838439846,True
2015-01-14 14:00:00,9.364213740014971,-0.011582141783882949,True
2011-01-29 01:00:00,9.380006761906785,-0.011582141783882949,True
2016-01-30 13:00:00,9.376342033692998,-0.011582141783882949,True
2015-11-02 04:00:00,9.364588508926769,-0.011582141783882949,True
2013-12-15 20:00:00,9.379287091241704,-0.011582141783882949,True
2016-01-23 11:00:00,9.364105253161185,-0.011582141783882949,True
2011-10-30 09:00:00,9.375900132303505,-0.011582141783882949,True
2013-12-14 22:00:00,9.37879975802784,-0.011582141783882949,True
2016-01-23 20:00:00,9.375062305090529,-0.011582141783882949,True
2014-12-24 16:00:00,9.391399835704382,-0.011582141783882949,True
2011-11-01 23:00:00,9.38027502440788,-0.011582141783882949,True
2016-01-30 18:00:00,9.37671818040865,-0.011582141783882949,True
2015-02-03 04:00:00,9.391227203124712,-0.011582141783882949,True
2013-12-15 01:00:00,9.380441446363836,-0.011582141783882949,True
2013-02-04 09:00:00,9.391287213126196,-0.011582141783882949,True
2016-01-29 17:00:00,9.378277036148107,-0.011582141783882949,True
2013-02-04 14:00:00,9.379103532191449,-0.011582141783882949,True
2015-02-01 02:00:00,9.378313024794524,-0.011582141783882949,True
2006-11-22 13:00:00,9.364661678694269,-0.011582141783882949,True
2015-10-24 05:00:00,9.378686078859086,-0.011582141783882949,True
2017-12-28 10:00:00,9.365008028917654,-0.011582141783882949,True
2017-11-11 11:00:00,9.377332012350552,-0.011582141783882949,True
2011-10-29 18:00:00,9.377481430007393,-0.011582141783882949,True
2013-12-19 04:00:00,9.365060751303549,-0.011582141783882949,True
2015-11-08 22:00:00,9.3769668483089,-0.011582141783882949,True
2018-01-10 13:00:00,9.381221780863257,-0.011582141783882949,True
2015-02-01 15:00:00,9.291756233686469,-0.011550974689122473,True
2015-02-04 20:00:00,9.29178149186436,-0.011550974689122473,True
2016-01-09 15:00:00,9.291926287418123,-0.011550974689122473,True
2011-10-27 02:00:00,9.292051887054456,-0.011550974689122473,True
2007-11-17 10:00:00,9.291723168764634,-0.011550974689122473,True
2011-01-28 15:00:00,9.291338640408508,-0.011550974689122473,True
2015-11-07 16:00:00,9.29252561515136,-0.011550974689122473,True
2014-03-31 07:00:00,0.6113282618857522,-0.011367563404403591,True
2018-07-08 07:00:00,0.6127380211118907,-0.011367563404403591,True
2014-03-22 18:00:00,0.6119763325795701,-0.011367563404403591,True
2018-04-04 18:00:00,0.6115296560609148,-0.011367563404403591,True
2014-08-16 20:00:00,0.6120331414988214,-0.011367563404403591,True
2007-08-07 03:00:00,0.6126075438126121,-0.011367563404403591,True
2018-03-15 09:00:00,0.6124359298491467,-0.011367563404403591,True
2013-07-14 10:00:00,0.6126373240243094,-0.011367563404403591,True
2014-07-06 10:00:00,0.6118374394003566,-0.011367563404403591,True
2014-05-29 06:00:00,0.6118317473236587,-0.011367563404403591,True
2018-05-06 00:00:00,0.6131185440962762,-0.011367563404403591,True
2011-07-29 19:00:00,0.6120423639823039,-0.011367563404403591,True
2013-06-07 09:00:00,0.6120331414988215,-0.011367563404403591,True
2015-07-20 08:00:00,0.6120331414988214,-0.011367563404403591,True
2013-07-06 03:00:00,0.6120331414988214,-0.011367563404403591,True
2014-05-12 19:00:00,0.6124359298491467,-0.011367563404403591,True
2013-12-27 08:00:00,9.381769975936178,-0.011192869609098932,True
2015-02-03 09:00:00,9.381602382789051,-0.011192869609098932,True
2016-11-28 07:00:00,9.382338478310611,-0.011192869609098932,True
2013-02-02 12:00:00,9.29436351049249,-0.011161723594436346,True
2016-11-28 09:00:00,9.294488458046333,-0.011161723594436346,True
2016-11-05 06:00:00,9.292732876001972,-0.011161723594436346,True
2013-11-17 12:00:00,9.293307194268715,-0.011161723594436346,True
2012-02-05 03:00:00,9.294776622370684,-0.011161723594436346,True
2015-02-02 10:00:00,9.292815306481836,-0.011161723594436346,True
2012-02-01 07:00:00,9.293448244392104,-0.011161723594436346,True
2012-01-31 06:00:00,9.292724557557433,-0.011161723594436346,True
2015-01-30 13:00:00,9.293143868820328,-0.011161723594436346,True
2012-02-02 14:00:00,9.293135403444015,-0.011161723594436346,True
2018-01-24 17:00:00,9.293018231412669,-0.011161723594436346,True
2011-10-29 06:00:00,9.353480092416756,-0.010976779912855283,True
2017-11-05 20:00:00,9.345210497301542,-0.010976779912855283,True
2014-12-17 09:00:00,9.353821185461612,-0.010976779912855283,True
2013-12-19 15:00:00,9.345017171345454,-0.010976779912855283,True
2015-11-11 04:00:00,9.35374920532402,-0.010976779912855283,True
2017-11-08 11:00:00,9.35215904912719,-0.010976779912855283,True
2011-10-30 04:00:00,9.34573858129356,-0.010976779912855283,True
2016-01-08 03:00:00,9.348889342632576,-0.010976779912855283,True
2016-01-30 23:00:00,9.353050595295132,-0.010976779912855283,True
2014-12-24 09:00:00,9.351265393650625,-0.010976779912855283,True
2015-11-20 12:00:00,9.34358024229411,-0.010976779912855283,True
2012-11-08 07:00:00,9.349077027671653,-0.010976779912855283,True
2013-11-23 06:00:00,9.352626023061603,-0.010976779912855283,True
2011-11-02 04:00:00,9.354153643784564,-0.010976779912855283,True
2017-12-26 07:00:00,9.355291274614585,-0.010976779912855283,True
2014-12-17 12:00:00,9.345100520476915,-0.010976779912855283,True
2012-02-03 22:00:00,9.34532387330178,-0.010976779912855283,True
2013-02-02 10:00:00,9.353615934468952,-0.010976779912855283,True
2014-10-27 17:00:00,9.349985045195703,-0.010976779912855283,True
2007-01-27 21:00:00,9.350658291619537,-0.010976779912855283,True
2007-01-28 02:00:00,9.354041508245745,-0.010976779912855283,True
2012-11-10 14:00:00,9.35080746493638,-0.010976779912855283,True
2014-01-29 14:00:00,9.355501826870215,-0.010976779912855283,True
2017-11-10 10:00:00,9.350925321466445,-0.010976779912855283,True
2015-11-04 07:00:00,9.344593763999528,-0.010976779912855283,True
2013-01-20 18:00:00,9.353972376137706,-0.010976779912855283,True
2017-11-08 06:00:00,9.35245488910365,-0.010976779912855283,True
2009-05-01 00:00:00,0.6138456890752854,-0.010931903619363581,True
2011-06-25 03:00:00,0.6165200419172833,-0.010931903619363581,True
2013-05-19 00:00:00,0.6165200419172833,-0.010931903619363581,True
2013-06-02 14:00:00,0.613931630845919,-0.010931903619363581,True
2013-06-15 02:00:00,0.6151632893288895,-0.010931903619363581,True
2016-09-25 10:00:00,0.61344290072496,-0.010931903619363581,True
2016-07-16 19:00:00,0.6138456890752854,-0.010931903619363581,True
2013-07-10 01:00:00,0.6141477803380293,-0.010931903619363581,True
2018-03-30 12:00:00,0.6155883430451548,-0.010931903619363581,True
2007-12-01 22:00:00,0.6165200419172833,-0.010931903619363581,True
2014-03-25 04:00:00,0.6168451636110404,-0.010931903619363581,True
2017-05-28 20:00:00,0.6137897741900097,-0.010931903619363581,True
2014-09-14 10:00:00,0.6132892776962715,-0.010931903619363581,True
2014-10-11 03:00:00,0.6165200419172833,-0.010931903619363581,True
2014-08-04 15:00:00,0.6137449919877039,-0.010931903619363581,True
2014-05-13 02:00:00,0.6139463861628667,-0.010931903619363581,True
2014-09-22 17:00:00,0.6156582366517492,-0.010931903619363581,True
2010-08-13 01:00:00,0.6146512657759359,-0.010931903619363581,True
2008-08-18 08:00:00,0.6165200419172833,-0.010931903619363581,True
2006-08-04 00:00:00,0.6165200419172833,-0.010931903619363581,True
2006-10-19 05:00:00,0.6165200419172833,-0.010931903619363581,True
2013-03-16 07:00:00,0.6135435978125413,-0.010931903619363581,True
2018-07-05 17:00:00,0.6155184494385603,-0.010931903619363581,True
2010-08-09 19:00:00,0.6156582366517492,-0.010931903619363581,True
2008-09-13 15:00:00,0.6165200419172833,-0.010931903619363581,True
2008-05-27 07:00:00,0.6160400142802398,-0.010931903619363581,True
2014-03-18 21:00:00,0.6156582366517492,-0.010931903619363581,True
2016-11-05 01:00:00,9.30662889317742,-0.010772735772640485,True
2012-11-08 02:00:00,9.296765007782655,-0.010772735772640485,True
2011-11-06 12:00:00,9.295618382279525,-0.010772735772640485,True
2006-11-26 13:00:00,9.307932290191408,-0.010772735772640485,True
2012-11-04 02:00:00,9.306088783218524,-0.010772735772640485,True
2006-11-25 15:00:00,9.306122927998976,-0.010772735772640485,True
2014-01-14 12:00:00,9.296169125339814,-0.010772735772640485,True
2012-11-06 16:00:00,9.301564410214636,-0.010772735772640485,True
2015-10-24 06:00:00,9.304680131412988,-0.010772735772640485,True
2012-11-07 04:00:00,9.30734020788576,-0.010772735772640485,True
2015-10-22 03:00:00,9.296881475862063,-0.010772735772640485,True
2007-01-27 16:00:00,9.302057674002382,-0.010772735772640485,True
2017-11-09 14:00:00,9.304212720618663,-0.010772735772640485,True
2014-01-30 07:00:00,9.30640984550016,-0.010772735772640485,True
2011-11-01 17:00:00,9.304975589599762,-0.010772735772640485,True
2013-11-25 01:00:00,9.302766516637092,-0.010772735772640485,True
2013-02-03 06:00:00,9.288974174087096,-0.010772735772640485,True
2016-02-01 05:00:00,9.307920461048894,-0.010772735772640485,True
2012-02-01 04:00:00,9.295762347819592,-0.010772735772640485,True
2013-12-15 18:00:00,9.30949001625655,-0.010772735772640485,True
2013-02-01 14:00:00,9.305364579758374,-0.010772735772640485,True
2012-01-31 14:00:00,9.3101457943122,-0.010772735772640485,True
2012-02-02 07:00:00,9.302392652212893,-0.010772735772640485,True
2016-01-31 09:00:00,9.301730874144738,-0.010772735772640485,True
2016-11-06 04:00:00,9.288741137927255,-0.010772735772640485,True
2011-11-03 22:00:00,9.288116223875592,-0.010772735772640485,True
2014-12-27 01:00:00,9.289977618870944,-0.010772735772640485,True
2016-01-09 13:00:00,9.304081347337071,-0.010772735772640485,True
2016-01-06 21:00:00,9.290027138856908,-0.010772735772640485,True
2011-10-28 08:00:00,9.309626783066545,-0.010772735772640485,True
2013-12-16 09:00:00,9.30465162753286,-0.010772735772640485,True
2015-01-20 20:00:00,9.309590741276375,-0.010772735772640485,True
2011-11-07 01:00:00,9.30764362598911,-0.010772735772640485,True
2015-11-03 23:00:00,9.289574592033588,-0.010772735772640485,True
2011-11-04 14:00:00,9.290196607361946,-0.010772735772640485,True
2016-01-29 22:00:00,9.3095958359886,-0.010772735772640485,True
2015-01-12 15:00:00,9.295853564110088,-0.010772735772640485,True
2014-01-29 19:00:00,9.308835186433331,-0.010772735772640485,True
2016-11-07 04:00:00,9.306599167168525,-0.010772735772640485,True
2011-11-05 00:00:00,9.31037043949478,-0.010772735772640485,True
2017-11-11 18:00:00,9.308118372912835,-0.010772735772640485,True
2017-11-11 13:00:00,9.305306609894926,-0.010772735772640485,True
2012-12-03 17:00:00,9.309827487171356,-0.010772735772640485,True
2011-01-29 11:00:00,9.307930761170535,-0.010772735772640485,True
2016-02-02 15:00:00,9.290026470396596,-0.010772735772640485,True
2015-11-06 01:00:00,9.30140114122776,-0.010772735772640485,True
2016-11-05 10:00:00,9.29685829220566,-0.010772735772640485,True
2014-11-25 22:00:00,9.303051046550088,-0.010772735772640485,True
2014-12-19 23:00:00,9.30953875620656,-0.010772735772640485,True
2017-12-18 20:00:00,9.288228839849344,-0.010772735772640485,True
2016-11-09 06:00:00,9.295157465186238,-0.010772735772640485,True
2012-11-03 01:00:00,9.295067780213948,-0.010772735772640485,True
2012-01-28 11:00:00,9.32876283746736,-0.010715054140496338,True
2013-12-14 10:00:00,9.335005233275927,-0.010715054140496338,True
2013-12-13 12:00:00,9.334140718999311,-0.010715054140496338,True
2011-11-02 03:00:00,9.32936152155141,-0.010715054140496338,True
2007-01-27 23:00:00,9.326795709236553,-0.010715054140496338,True
2017-11-09 20:00:00,9.332337674528969,-0.010715054140496338,True
2007-01-29 18:00:00,9.331889109331415,-0.010715054140496338,True
2016-11-10 02:00:00,9.330148861127403,-0.010715054140496338,True
2006-11-24 07:00:00,9.329794205719953,-0.010715054140496338,True
2011-11-06 17:00:00,9.334634089651512,-0.010715054140496338,True
2011-11-03 01:00:00,9.331397812978514,-0.010715054140496338,True
2014-12-20 06:00:00,9.332108543869223,-0.010715054140496338,True
2011-10-30 14:00:00,9.328876969248531,-0.010715054140496338,True
2011-10-29 13:00:00,9.333827556020594,-0.010715054140496338,True
2011-11-01 01:00:00,9.334450131901155,-0.010715054140496338,True
2013-12-22 17:00:00,9.331740736970376,-0.010715054140496338,True
2016-10-28 19:00:00,9.333801689058332,-0.010715054140496338,True
2017-11-05 10:00:00,9.33236372163734,-0.010715054140496338,True
2015-02-04 01:00:00,9.334930161002172,-0.010715054140496338,True
2017-10-31 01:00:00,9.32936848057499,-0.010715054140496338,True
2015-02-01 07:00:00,9.329600999012056,-0.010715054140496338,True
2015-11-11 09:00:00,9.33471303114116,-0.010715054140496338,True
2015-11-08 04:00:00,9.330702802626131,-0.010715054140496338,True
2011-01-29 08:00:00,9.329700465056405,-0.010715054140496338,True
2014-11-19 15:00:00,9.333811810258982,-0.010715054140496338,True
2012-11-26 19:00:00,9.334175727698264,-0.010715054140496338,True
2015-11-04 09:00:00,9.33416275633691,-0.010715054140496338,True
2015-01-26 18:00:00,9.334095714335236,-0.010715054140496338,True
2011-11-04 18:00:00,9.329419436694373,-0.010715054140496338,True
2013-10-29 01:00:00,9.332147248851124,-0.010715054140496338,True
2013-12-25 20:00:00,9.330008432149302,-0.010715054140496338,True
2013-12-27 04:00:00,9.330318365628733,-0.010715054140496338,True
2013-12-22 18:00:00,9.330531283093244,-0.010715054140496338,True
2017-11-11 16:00:00,9.32708166248318,-0.010715054140496338,True
2011-11-05 11:00:00,9.33249422463767,-0.010715054140496338,True
2012-11-07 09:00:00,9.329249360684504,-0.010715054140496338,True
2017-01-29 04:00:00,9.328376568997784,-0.010715054140496338,True
2013-11-05 02:00:00,9.32674405231062,-0.010715054140496338,True
2017-01-30 18:00:00,9.3313518887929,-0.010715054140496338,True
2016-11-06 14:00:00,9.347797860379211,-0.010587917179102235,True
2012-01-30 20:00:00,9.343426496620223,-0.010587917179102235,True
2016-02-01 17:00:00,9.342178226908723,-0.010587917179102235,True
2014-01-03 10:00:00,9.341945831588127,-0.010587917179102235,True
2013-12-25 14:00:00,9.342347892239902,-0.010587917179102235,True
2018-01-08 03:00:00,9.346609130776828,-0.010587917179102235,True
2011-11-03 05:00:00,9.339853954043235,-0.010587917179102235,True
2007-11-16 23:00:00,9.3413516149556,-0.010587917179102235,True
2016-10-21 21:00:00,9.341611933494038,-0.010587917179102235,True
2015-02-04 06:00:00,9.347324201247778,-0.010587917179102235,True
2006-11-24 12:00:00,9.347136079766935,-0.010587917179102235,True
2015-01-16 13:00:00,9.34797078067852,-0.010587917179102235,True
2015-01-15 12:00:00,9.347290747716364,-0.010587917179102235,True
2013-12-16 23:00:00,9.337128775652785,-0.010587917179102235,True
2017-11-09 09:00:00,9.346951264211848,-0.010587917179102235,True
2012-11-07 00:00:00,9.338369678340438,-0.010587917179102235,True
2014-12-20 16:00:00,9.341161167181538,-0.010587917179102235,True
2012-11-04 07:00:00,9.340715451140516,-0.010587917179102235,True
2016-11-08 08:00:00,9.34061882325899,-0.010587917179102235,True
2016-11-14 21:00:00,9.342833409841557,-0.010587917179102235,True
2012-11-06 04:00:00,9.339378514761975,-0.010587917179102235,True
2015-01-17 06:00:00,9.337558833711592,-0.010587917179102235,True
2017-01-29 02:00:00,9.33765833723922,-0.010587917179102235,True
2011-10-27 09:00:00,9.339211532580311,-0.010587917179102235,True
2012-02-03 21:00:00,9.348154810463512,-0.010587917179102235,True
2012-02-04 15:00:00,9.34745885338759,-0.010587917179102235,True
2015-02-03 14:00:00,9.336766868627445,-0.010587917179102235,True
2012-02-03 12:00:00,9.342801142222903,-0.010587917179102235,True
2015-02-05 06:00:00,9.340597141421249,-0.010587917179102235,True
2016-01-31 14:00:00,9.348193620341869,-0.010587917179102235,True
2015-11-07 11:00:00,9.341505566246829,-0.010587917179102235,True
2017-11-07 09:00:00,9.346336968191244,-0.010587917179102235,True
2015-11-13 03:00:00,9.346207639028,-0.010587917179102235,True
2015-01-30 18:00:00,9.297323415972748,-0.01038401104566844,True
2014-12-18 22:00:00,9.298642708550062,-0.01038401104566844,True
2014-12-18 15:00:00,9.298844568213378,-0.01038401104566844,True
2015-11-21 04:00:00,9.29934090378727,-0.01038401104566844,True
2015-01-13 01:00:00,9.297100168274152,-0.01038401104566844,True
2013-02-04 19:00:00,9.29812373692793,-0.01038401104566844,True
2015-01-12 23:00:00,9.297268095400856,-0.01038401104566844,True
2015-11-11 14:00:00,9.29821298433022,-0.01038401104566844,True
2006-11-22 23:00:00,9.297474769958226,-0.01038401104566844,True
2016-01-30 15:00:00,9.299442319638253,-0.01038401104566844,True
2017-11-06 07:00:00,9.298666343499882,-0.01038401104566844,True
2011-10-29 11:00:00,9.335233268929745,-0.01019931745556879,True
2015-11-10 23:00:00,9.335545324372813,-0.01019931745556879,True
2016-11-09 22:00:00,9.335703478730284,-0.01019931745556879,True
2013-12-28 07:00:00,9.335676953888091,-0.01019931745556879,True
2012-01-30 18:00:00,9.33617340114838,-0.01019931745556879,True
2015-01-15 02:00:00,9.336417106983932,-0.01019931745556879,True
2013-12-18 02:00:00,9.335988147306674,-0.01019931745556879,True
2011-01-29 18:00:00,9.336142304625476,-0.01019931745556879,True
2013-12-27 16:00:00,9.326485619930985,-0.009995549235573886,True
2013-12-29 22:00:00,9.317095887595633,-0.009995549235573886,True
2012-11-10 01:00:00,9.325026947920026,-0.009995549235573886,True
2015-11-02 12:00:00,9.321045168240968,-0.009995549235573886,True
2015-11-02 07:00:00,9.300215423496546,-0.009995549235573886,True
2015-11-12 17:00:00,9.300459371160375,-0.009995549235573886,True
2016-11-08 13:00:00,9.313734154683324,-0.009995549235573886,True
2012-01-30 15:00:00,9.313507194370542,-0.009995549235573886,True
2013-12-24 01:00:00,9.315351629366743,-0.009995549235573886,True
2013-12-23 10:00:00,9.322752154300856,-0.009995549235573886,True
2017-12-27 11:00:00,9.323911092805275,-0.009995549235573886,True
2016-11-11 02:00:00,9.31411608126646,-0.009995549235573886,True
2012-11-04 15:00:00,9.317339821778534,-0.009995549235573886,True
2015-11-03 16:00:00,9.314280336067322,-0.009995549235573886,True
2007-01-29 09:00:00,9.315631049856748,-0.009995549235573886,True
2012-11-05 01:00:00,9.310861032487066,-0.009995549235573886,True
2013-11-18 10:00:00,9.31742809585411,-0.009995549235573886,True
2016-11-13 12:00:00,9.31402830627237,-0.009995549235573886,True
2014-01-14 00:00:00,9.314229027358213,-0.009995549235573886,True
2015-10-22 04:00:00,9.326313728412128,-0.009995549235573886,True
2015-01-14 21:00:00,9.31882609545973,-0.009995549235573886,True
2011-10-29 21:00:00,9.31480814678009,-0.009995549235573886,True
2013-12-18 13:00:00,9.319591231320912,-0.009995549235573886,True
2017-11-10 08:00:00,9.300445139002608,-0.009995549235573886,True
2015-10-27 08:00:00,9.322556893037891,-0.009995549235573886,True
2015-11-20 17:00:00,9.300160073951645,-0.009995549235573886,True
2013-02-03 16:00:00,9.32660670153204,-0.009995549235573886,True
2016-11-06 23:00:00,9.317168576609006,-0.009995549235573886,True
2011-10-29 16:00:00,9.317148932236371,-0.009995549235573886,True
2015-02-01 10:00:00,9.321822836238368,-0.009995549235573886,True
2017-01-27 20:00:00,9.313700648167575,-0.009995549235573886,True
2017-01-27 14:00:00,9.321739200861268,-0.009995549235573886,True
2015-11-08 09:00:00,9.32141136951525,-0.009995549235573886,True
2015-11-08 17:00:00,9.318979762042805,-0.009995549235573886,True
2017-12-18 01:00:00,9.3159267733972,-0.009995549235573886,True
2011-11-07 23:00:00,9.318452980695149,-0.009995549235573886,True
2017-01-31 06:00:00,9.313396598839184,-0.009995549235573886,True
2012-02-02 19:00:00,9.32167205968213,-0.009995549235573886,True
2012-02-02 13:00:00,9.32165242540244,-0.009995549235573886,True
2014-10-30 03:00:00,9.310867173343889,-0.009995549235573886,True
2017-11-08 17:00:00,9.311148116004317,-0.009995549235573886,True
2006-11-24 19:00:00,9.322402049886657,-0.009995549235573886,True
2011-01-30 04:00:00,9.320667490148852,-0.009995549235573886,True
2014-01-14 11:00:00,9.321467889794762,-0.009995549235573886,True
2017-01-30 03:00:00,9.325306362205092,-0.009995549235573886,True
2017-01-28 16:00:00,9.316255436217888,-0.009995549235573886,True
2011-10-27 10:00:00,9.300209990908735,-0.009995549235573886,True
2012-02-04 12:00:00,9.322909996875197,-0.009995549235573886,True
2012-02-02 02:00:00,9.317044453827329,-0.009995549235573886,True
2012-11-05 18:00:00,9.314166619323355,-0.009995549235573886,True
2012-11-08 03:00:00,9.321185315339964,-0.009995549235573886,True
2017-01-30 13:00:00,9.325469982153834,-0.009995549235573886,True
2006-11-23 01:00:00,9.325882988618211,-0.009995549235573886,True
2006-11-23 14:00:00,9.316023380940706,-0.009995549235573886,True
2016-11-10 21:00:00,9.323867129322185,-0.009995549235573886,True
2006-11-22 03:00:00,9.320203296480232,-0.009995549235573886,True
2016-11-06 18:00:00,9.316730940738518,-0.009995549235573886,True
2016-11-06 19:00:00,9.31953837872232,-0.009995549235573886,True
2016-11-09 01:00:00,9.310897250611893,-0.009995549235573886,True
2012-01-31 23:00:00,9.264511623981734,-0.009787621746042086,True
2017-01-31 15:00:00,9.264314727381077,-0.009787621746042086,True
2013-02-01 09:00:00,9.264201517200686,-0.009787621746042086,True
2016-11-10 09:00:00,9.266462620395629,-0.009787621746042086,True
2011-10-29 01:00:00,9.27655808814134,-0.009787621746042086,True
2015-01-28 19:00:00,9.27577107633927,-0.009787621746042086,True
2006-11-23 06:00:00,9.272768447358548,-0.009787621746042086,True
2017-11-07 14:00:00,9.264895378192085,-0.009787621746042086,True
2014-01-29 09:00:00,9.274223344959466,-0.009787621746042086,True
2006-11-23 19:00:00,9.266545855538288,-0.009787621746042086,True
2015-11-08 14:00:00,9.265255631410778,-0.009787621746042086,True
2013-10-29 00:00:00,9.269414841650937,-0.009787621746042086,True
2011-10-24 15:00:00,9.265597093232982,-0.009787621746042086,True
2012-12-03 22:00:00,9.273612267956848,-0.009787621746042086,True
2011-11-01 22:00:00,9.265830114315277,-0.009787621746042086,True
2011-11-01 16:00:00,9.277219826332072,-0.009787621746042086,True
2013-11-18 18:00:00,9.270424061578794,-0.009787621746042086,True
2014-01-20 18:00:00,9.277283370811205,-0.009787621746042086,True
2014-01-14 18:00:00,9.266156891897646,-0.009787621746042086,True
2013-11-12 20:00:00,9.26472621377778,-0.009787621746042086,True
2015-10-27 10:00:00,9.272497925099469,-0.009787621746042086,True
2013-12-16 06:00:00,9.275326417588252,-0.009787621746042086,True
2015-11-29 16:00:00,9.268249074605222,-0.009787621746042086,True
2013-02-05 00:00:00,9.266105698499285,-0.009787621746042086,True
2013-12-14 20:00:00,9.265478436477888,-0.009787621746042086,True
2012-11-10 16:00:00,9.264840072127187,-0.009787621746042086,True
2017-12-21 01:00:00,9.26361188838372,-0.009787621746042086,True
2014-12-21 07:00:00,9.272222420045114,-0.009787621746042086,True
2012-11-10 11:00:00,9.267030798486958,-0.009787621746042086,True
2013-12-18 17:00:00,9.270827734732976,-0.009787621746042086,True
2012-11-06 23:00:00,9.27529842522401,-0.009787621746042086,True
2015-11-03 11:00:00,9.276239393122466,-0.009787621746042086,True
2011-11-05 19:00:00,9.273220662762103,-0.009787621746042086,True
2017-01-27 17:00:00,9.26387500446719,-0.009787621746042086,True
2011-10-27 17:00:00,9.277362855348676,-0.009787621746042086,True
2013-02-03 23:00:00,9.275597777028038,-0.009787621746042086,True
2016-01-09 10:00:00,9.270106617565968,-0.009787621746042086,True
2011-11-02 20:00:00,9.266311227812688,-0.009787621746042086,True
2015-11-01 18:00:00,9.267432967997443,-0.009787621746042086,True
2013-12-25 09:00:00,9.27524502407201,-0.009787621746042086,True
2013-12-27 23:00:00,9.273090810876145,-0.009787621746042086,True
2016-01-29 12:00:00,9.2760919582283,-0.009787621746042086,True
2016-01-30 01:00:00,9.266188075927976,-0.009787621746042086,True
2014-11-26 00:00:00,9.272881481757787,-0.009787621746042086,True
2018-06-23 19:00:00,0.6181086162730369,-0.009639268223878394,True
2014-05-11 13:00:00,0.6195854230674211,-0.009639268223878394,True
2017-08-03 13:00:00,0.6192833318046772,-0.009639268223878394,True
2008-09-13 13:00:00,0.6207239198734408,-0.009639268223878394,True
2011-07-15 15:00:00,0.6193840288922584,-0.009639268223878394,True
2016-05-16 02:00:00,0.619585423067421,-0.009639268223878394,True
2010-05-03 12:00:00,0.620793788118397,-0.009639268223878394,True
2013-07-22 19:00:00,0.6182847365470849,-0.009639268223878394,True
2018-06-12 15:00:00,0.6190400014655577,-0.009639268223878394,True
2014-08-04 17:00:00,0.619585423067421,-0.009639268223878394,True
2018-04-02 14:00:00,0.6192833318046771,-0.009639268223878394,True
2018-05-04 18:00:00,0.6192833318046772,-0.009639268223878394,True
2017-05-07 22:00:00,0.6192833318046772,-0.009639268223878394,True
2009-09-15 08:00:00,0.6192833318046772,-0.009639268223878394,True
2011-07-19 12:00:00,0.6194847259798398,-0.009639268223878394,True
2011-07-17 01:00:00,0.6189812405419332,-0.009639268223878394,True
2014-09-21 00:00:00,0.6188805434543518,-0.009639268223878394,True
2018-03-14 02:00:00,0.6192833318046772,-0.009639268223878394,True
2016-08-06 06:00:00,0.6192833318046772,-0.009639268223878394,True
2015-04-28 08:00:00,0.620667979626527,-0.009639268223878394,True
2015-01-12 20:00:00,9.312457300738288,-0.009607350164531181,True
2015-01-14 12:00:00,9.311431258851716,-0.009607350164531181,True
2011-11-22 21:00:00,9.312251403293144,-0.009607350164531181,True
2017-11-11 09:00:00,9.311904982454651,-0.009607350164531181,True
2011-01-29 13:00:00,9.312909588597584,-0.009607350164531181,True
2017-01-31 01:00:00,9.311374672135733,-0.009607350164531181,True
2013-12-29 00:00:00,9.263319958520064,-0.009399563308312597,True
2015-11-04 04:00:00,9.281412735863247,-0.009399563308312597,True
2015-01-12 13:00:00,9.287167934930356,-0.009399563308312597,True
2014-12-23 06:00:00,9.281608134064276,-0.009399563308312597,True
2006-11-24 17:00:00,9.280360732372705,-0.009399563308312597,True
2013-11-25 11:00:00,9.284701859649552,-0.009399563308312597,True
2013-12-21 16:00:00,9.281312852999127,-0.009399563308312597,True
2012-11-09 06:00:00,9.286333216735454,-0.009399563308312597,True
2013-12-16 19:00:00,9.280731785623267,-0.009399563308312597,True
2017-11-01 23:00:00,9.28555985424172,-0.009399563308312597,True
2017-11-09 06:00:00,9.263459392046746,-0.009399563308312597,True
2011-10-28 13:00:00,9.284231604527184,-0.009399563308312597,True
2018-01-02 23:00:00,9.281004412387896,-0.009399563308312597,True
2017-12-19 19:00:00,9.279269979906555,-0.009399563308312597,True
2015-11-13 05:00:00,9.284407000421083,-0.009399563308312597,True
2011-11-06 15:00:00,9.288004674966766,-0.009399563308312597,True
2012-11-04 12:00:00,9.28667893613634,-0.009399563308312597,True
2013-12-13 02:00:00,9.280136026251125,-0.009399563308312597,True
2012-02-04 03:00:00,9.28495391732812,-0.009399563308312597,True
2011-10-28 18:00:00,9.28805388801347,-0.009399563308312597,True
2015-11-13 19:00:00,9.263533172685868,-0.009399563308312597,True
2015-02-01 00:00:00,9.283534792415184,-0.009399563308312597,True
2015-11-26 10:00:00,9.281806813173302,-0.009399563308312597,True
2015-11-13 21:00:00,9.281114941027145,-0.009399563308312597,True
2006-11-22 08:00:00,9.284445476115936,-0.009399563308312597,True
2015-11-13 08:00:00,9.287200455099043,-0.009399563308312597,True
2013-12-28 12:00:00,9.28523219090983,-0.009399563308312597,True
2015-11-12 12:00:00,9.28629692727444,-0.009399563308312597,True
2013-02-02 13:00:00,9.284688997617224,-0.009399563308312597,True
2013-01-30 13:00:00,9.279127665228698,-0.009399563308312597,True
2016-11-07 07:00:00,9.287308135995056,-0.009399563308312597,True
2011-01-29 16:00:00,9.259675724372846,-0.009011767336811083,True
2017-11-06 01:00:00,9.259996388296306,-0.009011767336811083,True
2011-11-06 22:00:00,9.261370524847246,-0.009011767336811083,True
2018-01-08 02:00:00,9.261588303205476,-0.009011767336811083,True
2012-01-28 12:00:00,9.260386312684751,-0.009011767336811083,True
2011-10-25 18:00:00,9.260272083145823,-0.009011767336811083,True
2012-11-10 06:00:00,9.27867827954256,-0.009011767336811083,True
2011-10-28 22:00:00,9.2787825724453,-0.009011767336811083,True
2017-11-04 12:00:00,9.260019184404216,-0.009011767336811083,True
2016-02-02 07:00:00,9.262811974806828,-0.009011767336811083,True
2018-05-07 13:00:00,0.6214618878295481,-0.008863614426811162,True
2014-07-19 13:00:00,0.6233112153079303,-0.008863614426811162,True
2016-09-22 00:00:00,0.622908426957605,-0.008863614426811162,True
2016-05-16 07:00:00,0.621397970643885,-0.008863614426811162,True
2018-07-05 00:00:00,0.622908426957605,-0.008863614426811162,True
2014-07-10 10:00:00,0.622894448236286,-0.008863614426811162,True
2013-07-01 22:00:00,0.6210839701025423,-0.008863614426811162,True
2014-05-14 00:00:00,0.622908426957605,-0.008863614426811162,True
2009-05-10 19:00:00,0.6233112153079303,-0.008863614426811162,True
2014-03-16 21:00:00,0.6214986677314663,-0.008863614426811162,True
2016-05-08 05:00:00,0.6210958793811411,-0.008863614426811162,True
2018-05-19 08:00:00,0.622908426957605,-0.008863614426811162,True
2016-07-28 20:00:00,0.6210958793811411,-0.008863614426811162,True
2017-05-29 23:00:00,0.6210958793811411,-0.008863614426811162,True
2015-07-24 07:00:00,0.622908426957605,-0.008863614426811162,True
2013-06-06 02:00:00,0.6210958793811411,-0.008863614426811162,True
2013-05-07 17:00:00,0.622908426957605,-0.008863614426811162,True
2018-05-20 01:00:00,0.6210958793811411,-0.008863614426811162,True
2015-05-16 04:00:00,0.622908426957605,-0.008863614426811162,True
2014-04-28 18:00:00,0.6210958793811411,-0.008863614426811162,True
2011-07-29 02:00:00,0.622908426957605,-0.008863614426811162,True
2014-07-22 03:00:00,0.622908426957605,-0.008863614426811162,True
2014-07-24 21:00:00,0.6231098211327677,-0.008863614426811162,True
2017-08-09 17:00:00,0.6210958793811411,-0.008863614426811162,True
2014-09-26 22:00:00,0.6210958793811411,-0.008863614426811162,True
2011-07-15 14:00:00,0.622908426957605,-0.008863614426811162,True
2015-05-03 11:00:00,0.6234119123955116,-0.008863614426811162,True
2012-12-01 02:00:00,0.6227094144907945,-0.008863614426811162,True
2018-06-30 07:00:00,0.622894448236286,-0.008863614426811162,True
2012-08-02 01:00:00,0.622908426957605,-0.008863614426811162,True
2015-05-24 12:00:00,0.6218424348140007,-0.008863614426811162,True
2012-07-29 02:00:00,0.6230091240451864,-0.008863614426811162,True
2015-11-03 21:00:00,9.258876930916868,-0.008624233654016322,True
2013-10-22 01:00:00,9.25765398799617,-0.008624233654016322,True
2016-01-20 10:00:00,9.258467346314193,-0.008624233654016322,True
2014-12-16 06:00:00,9.256717365545068,-0.008624233654016322,True
2014-01-29 21:00:00,9.258331783185485,-0.008624233654016322,True
2006-11-23 09:00:00,9.253900505631742,-0.007849952445063924,True
2011-11-03 10:00:00,9.251354896447303,-0.007849952445063924,True
2015-11-28 22:00:00,9.25197706426542,-0.007849952445063924,True
2015-11-08 19:00:00,9.255707711763376,-0.007849952445063924,True
2013-01-20 11:00:00,9.249193265955611,-0.007849952445063924,True
2016-11-10 11:00:00,9.250493888200602,-0.007849952445063924,True
2015-01-31 19:00:00,9.25577331707862,-0.007849952445063924,True
2013-12-14 12:00:00,9.251844569656146,-0.007849952445063924,True
2012-11-04 10:00:00,9.24987512894367,-0.007849952445063924,True
2015-01-13 21:00:00,9.25140735066851,-0.007849952445063924,True
2016-11-02 17:00:00,9.253019157714167,-0.007849952445063924,True
2017-11-11 05:00:00,9.248921364733617,-0.007849952445063924,True
2011-10-27 14:00:00,9.255329678965133,-0.007849952445063924,True
2015-11-01 23:00:00,9.255971073280458,-0.007849952445063924,True
2018-01-10 14:00:00,9.254692002194863,-0.007849952445063924,True
2011-10-30 19:00:00,9.25213082507882,-0.007849952445063924,True
2014-11-25 12:00:00,9.256674644763878,-0.007849952445063924,True
2013-12-28 14:00:00,9.253254137295956,-0.007849952445063924,True
2013-12-22 02:00:00,9.255379474771804,-0.007849952445063924,True
2007-01-27 18:00:00,9.252998738932394,-0.007849952445063924,True
2011-11-04 08:00:00,9.25037591304539,-0.007849952445063924,True
2014-01-29 16:00:00,9.251700001567023,-0.007849952445063924,True
2016-01-23 06:00:00,9.25101490232945,-0.007849952445063924,True
2011-11-06 00:00:00,9.248840762972504,-0.007849952445063924,True
2016-01-29 10:00:00,9.255203267299374,-0.007849952445063924,True
2011-10-30 02:00:00,9.215842928385737,-0.007672591466263423,True
2016-01-31 19:00:00,9.212858662649973,-0.007672591466263423,True
2006-11-26 18:00:00,9.214665137707849,-0.007672591466263423,True
2016-11-13 19:00:00,9.21409159147786,-0.007672591466263423,True
2015-11-29 10:00:00,9.213906223815975,-0.007672591466263423,True
2012-11-10 09:00:00,9.214021710542868,-0.007672591466263423,True
2012-11-10 21:00:00,9.21301734880834,-0.007672591466263423,True
2014-12-19 13:00:00,9.21551048690752,-0.007672591466263423,True
2013-02-05 19:00:00,9.214851414113213,-0.007672591466263423,True
2016-11-06 09:00:00,9.239599321716408,-0.007463204564464143,True
2013-12-19 10:00:00,9.23936863057635,-0.007463204564464143,True
2014-12-15 08:00:00,9.2389751858684,-0.007463204564464143,True
2017-11-12 04:00:00,9.242362506838896,-0.007463204564464143,True
2011-10-27 22:00:00,9.239908354135745,-0.007463204564464143,True
2013-02-05 17:00:00,9.242705837568847,-0.007463204564464143,True
2016-11-11 17:00:00,9.244003400089236,-0.007463204564464143,True
2012-11-12 07:00:00,9.24391278041082,-0.007463204564464143,True
2017-11-04 13:00:00,9.247172123165631,-0.007463204564464143,True
2015-01-09 14:00:00,9.246262504839528,-0.007463204564464143,True
2017-11-05 21:00:00,9.247579237390427,-0.007463204564464143,True
2015-11-21 01:00:00,9.244999926508354,-0.007463204564464143,True
2015-11-06 13:00:00,9.247571803943451,-0.007463204564464143,True
2015-11-20 20:00:00,9.247391671647655,-0.007463204564464143,True
2012-11-02 10:00:00,9.243477298156344,-0.007463204564464143,True
2013-02-01 07:00:00,9.245841995094338,-0.007463204564464143,True
2014-12-16 21:00:00,9.241499509498686,-0.007463204564464143,True
2017-12-26 06:00:00,9.247160998392022,-0.007463204564464143,True
2013-12-23 05:00:00,9.243007026642136,-0.007463204564464143,True
2015-02-04 00:00:00,9.241418924775711,-0.007463204564464143,True
2012-02-04 08:00:00,9.242844701435269,-0.007463204564464143,True
2014-12-22 20:00:00,9.236830111284831,-0.007463204564464143,True
2014-01-31 15:00:00,9.23913512518994,-0.007463204564464143,True
2011-10-24 20:00:00,9.239666817482917,-0.007463204564464143,True
2006-11-25 20:00:00,9.246992708918173,-0.007463204564464143,True
2006-11-26 01:00:00,9.236636492222235,-0.007463204564464143,True
2006-11-26 03:00:00,9.239860852933242,-0.007463204564464143,True
2016-10-26 20:00:00,9.236675995499205,-0.007463204564464143,True
2015-01-15 14:00:00,9.23951219688782,-0.007463204564464143,True
2016-01-23 08:00:00,9.243162474019645,-0.007463204564464143,True
2014-01-21 03:00:00,9.242441924907498,-0.007463204564464143,True
2007-01-29 20:00:00,9.241063548889487,-0.007463204564464143,True
2011-11-01 06:00:00,9.244314713889212,-0.007463204564464143,True
2014-12-20 01:00:00,9.237461943891006,-0.007463204564464143,True
2016-11-10 14:00:00,9.241062359261257,-0.007463204564464143,True
2012-11-07 14:00:00,9.239925302999303,-0.007463204564464143,True
2015-01-16 03:00:00,9.245735384795893,-0.007463204564464143,True
2012-11-06 01:00:00,9.243361448733424,-0.007463204564464143,True
2012-11-06 06:00:00,9.238041721137282,-0.007463204564464143,True
2017-01-30 02:00:00,9.240471646461607,-0.007463204564464143,True
2012-01-31 13:00:00,9.243342783915184,-0.007463204564464143,True
2006-11-23 04:00:00,9.245349417035596,-0.007463204564464143,True
2015-11-28 20:00:00,9.236809911282638,-0.007463204564464143,True
2012-01-31 18:00:00,9.236754362405842,-0.007463204564464143,True
2016-11-08 18:00:00,9.239583529401198,-0.007463204564464143,True
2013-02-02 17:00:00,9.241175266991704,-0.007463204564464143,True
2006-11-26 23:00:00,9.237613416844924,-0.007463204564464143,True
2016-11-05 16:00:00,9.245533201027358,-0.007463204564464143,True
2015-11-05 22:00:00,9.239909534191236,-0.007463204564464143,True
2012-11-11 19:00:00,9.241581362095372,-0.007463204564464143,True
2015-11-06 08:00:00,9.246200988534198,-0.007463204564464143,True
2015-11-04 02:00:00,9.236764593937496,-0.007463204564464143,True
2016-11-05 05:00:00,9.246082050576332,-0.007463204564464143,True
2017-01-31 11:00:00,9.211867206178749,-0.007285963545088703,True
2013-02-03 03:00:00,9.211402975369538,-0.007285963545088703,True
2014-12-22 15:00:00,9.211924400345865,-0.007285963545088703,True
2015-01-13 23:00:00,9.21245730923525,-0.007285963545088703,True
2006-11-21 17:00:00,9.211232751192531,-0.007285963545088703,True
2011-10-31 00:00:00,9.211232685481948,-0.007285963545088703,True
2016-11-11 07:00:00,9.236522474756468,-0.007076718263687276,True
2016-01-29 15:00:00,9.23604751579188,-0.007076718263687276,True
2016-11-06 13:00:00,9.236191382528602,-0.007076718263687276,True
2011-11-04 03:00:00,9.236372550341086,-0.007076718263687276,True
2016-11-05 00:00:00,9.217055562293456,-0.006899597122601353,True
2014-11-30 16:00:00,9.216785238155246,-0.006899597122601353,True
2014-11-11 07:00:00,9.21675119171283,-0.006899597122601353,True
2011-10-26 19:00:00,9.216226646045568,-0.006899597122601353,True
2015-01-14 22:00:00,9.217833278818697,-0.006899597122601353,True
2012-11-07 07:00:00,9.219327029721075,-0.006899597122601353,True
2012-11-05 23:00:00,9.219050118340396,-0.006899597122601353,True
2014-01-30 22:00:00,9.218193607178923,-0.006899597122601353,True
2013-12-19 05:00:00,9.216773840953776,-0.006899597122601353,True
2015-11-02 11:00:00,9.21707384929998,-0.006899597122601353,True
2017-01-29 21:00:00,9.216513856991575,-0.006899597122601353,True
2014-11-26 17:00:00,9.219987306911168,-0.006899597122601353,True
2015-11-09 05:00:00,9.216509500403076,-0.006899597122601353,True
2013-11-24 09:00:00,9.219683119606913,-0.006899597122601353,True
2013-03-27 05:00:00,0.6664095687927393,-0.00656925449513357,True
2017-05-13 07:00:00,0.6661074775299953,-0.00656925449513357,True
2014-05-16 03:00:00,0.6662081746175766,-0.00656925449513357,True
2015-07-31 18:00:00,0.6664095687927393,-0.00656925449513357,True
2015-05-24 10:00:00,0.6665102658803206,-0.00656925449513357,True
2018-07-25 18:00:00,0.6657699694542476,-0.00656925449513357,True
2012-08-01 05:00:00,0.6664095687927393,-0.00656925449513357,True
2014-09-10 02:00:00,0.6665102658803206,-0.00656925449513357,True
2017-09-23 12:00:00,0.6664095687927393,-0.00656925449513357,True
2016-05-15 02:00:00,0.6664095687927393,-0.00656925449513357,True
2014-08-02 17:00:00,0.6657046891796701,-0.006489204125775805,True
2014-07-09 07:00:00,0.6672984971329706,-0.006183372824174693,True
2014-05-11 04:00:00,0.6669130542306458,-0.006183372824174693,True
2017-08-05 22:00:00,0.6682221163692033,-0.006183372824174693,True
2012-08-03 03:00:00,0.6692290872450165,-0.006183372824174693,True
2018-08-30 09:00:00,0.6681662014839276,-0.006183372824174693,True
2005-07-12 13:00:00,0.6683741012056998,-0.006183372824174693,True
2018-05-28 11:00:00,0.6691283901574353,-0.006183372824174693,True
2017-09-23 00:00:00,0.6673158425809712,-0.006183372824174693,True
2009-09-12 23:00:00,0.6683741012056998,-0.006183372824174693,True
2011-07-20 23:00:00,0.6686249047195285,-0.006183372824174693,True
2007-11-24 11:00:00,0.6670118259887583,-0.006183372824174693,True
2015-09-18 12:00:00,0.6683741012056998,-0.006183372824174693,True
2011-07-31 21:00:00,0.6620795940267421,-0.006183372824174693,True
2015-05-14 02:00:00,0.6682221163692033,-0.006183372824174693,True
2015-07-29 02:00:00,0.6682221163692033,-0.006183372824174693,True
2014-04-26 10:00:00,0.6618267855531629,-0.006183372824174693,True
2009-05-12 16:00:00,0.6683741012056998,-0.006183372824174693,True
2011-07-23 14:00:00,0.6682221163692033,-0.006183372824174693,True
2012-07-29 06:00:00,0.6620795940267421,-0.006183372824174693,True
2010-01-16 19:00:00,0.6679715357512855,-0.006183372824174693,True
2013-06-12 10:00:00,0.6670259165041221,-0.006183372824174693,True
2009-08-11 00:00:00,0.6622918715492573,-0.006183372824174693,True
2013-06-11 14:00:00,0.6677020576420548,-0.006183372824174693,True
2012-07-23 11:00:00,0.6624823823770675,-0.006183372824174693,True
2018-06-01 21:00:00,0.6693297843325978,-0.006183372824174693,True
2013-06-16 13:00:00,0.6668191674466466,-0.006183372824174693,True
2013-06-26 00:00:00,0.6681102865986519,-0.006183372824174693,True
2017-05-28 00:00:00,0.6682221163692033,-0.006183372824174693,True
2018-08-08 08:00:00,0.6670528370069647,-0.006183372824174693,True
2006-07-11 21:00:00,0.6683741012056998,-0.006183372824174693,True
2016-08-08 13:00:00,0.6678876536102029,-0.006183372824174693,True
2014-07-28 03:00:00,0.6682948560141467,-0.006183372824174693,True
2017-07-19 03:00:00,0.6624823823770675,-0.006183372824174693,True
2018-07-09 18:00:00,0.6689018845779836,-0.006183372824174693,True
2014-06-03 11:00:00,0.6624823823770675,-0.006183372824174693,True
2014-05-17 19:00:00,0.6645970212162754,-0.006103376597483168,True
2014-05-24 00:00:00,0.6647541494405947,-0.006103376597483168,True
2017-08-01 20:00:00,0.6627844736398114,-0.006103376597483168,True
2014-06-01 00:00:00,0.6627844736398114,-0.006103376597483168,True
2016-05-25 22:00:00,0.664496324128694,-0.006103376597483168,True
2018-08-25 23:00:00,0.6627844736398114,-0.006103376597483168,True
2016-09-26 11:00:00,0.6645970212162754,-0.006103376597483168,True
2016-09-15 20:00:00,0.6645970212162754,-0.006103376597483168,True
2017-05-13 05:00:00,0.6645970212162754,-0.006103376597483168,True
2016-07-17 00:00:00,0.6634893532528807,-0.006103376597483168,True
2014-08-05 02:00:00,0.6645970212162754,-0.006103376597483168,True
2009-03-30 10:00:00,0.6648991124790193,-0.006103376597483168,True
2012-07-24 01:00:00,0.6627844736398114,-0.006103376597483168,True
2013-05-22 11:00:00,0.6643014527960783,-0.006103376597483168,True
2017-08-11 06:00:00,0.6627844736398114,-0.006103376597483168,True
2013-06-17 21:00:00,0.6627844736398114,-0.006103376597483168,True
2013-07-22 18:00:00,0.6652085513294822,-0.006103376597483168,True
2013-07-26 12:00:00,0.6627844736398114,-0.006103376597483168,True
2018-07-02 11:00:00,0.6628305486892084,-0.006103376597483168,True
2014-03-15 13:00:00,0.6634893532528807,-0.006103376597483168,True
2011-07-25 22:00:00,0.6638921416032061,-0.006103376597483168,True
2015-07-24 19:00:00,0.6645970212162754,-0.006103376597483168,True
2018-05-29 12:00:00,0.6629858678149742,-0.006103376597483168,True
2018-05-30 21:00:00,0.6645690637736376,-0.006103376597483168,True
2018-07-11 19:00:00,0.6645970212162754,-0.006103376597483168,True
2014-09-23 09:00:00,0.6645970212162754,-0.006103376597483168,True
2014-09-16 22:00:00,0.6634893532528807,-0.006103376597483168,True
2014-09-30 01:00:00,0.6645970212162754,-0.006103376597483168,True
2011-07-27 19:00:00,0.664496324128694,-0.006103376597483168,True
2011-07-20 17:00:00,0.6627844736398114,-0.006103376597483168,True
2017-05-07 05:00:00,0.6627844736398114,-0.006103376597483168,True
2014-03-15 14:00:00,0.6627844736398114,-0.006103376597483168,True
2015-05-10 14:00:00,0.6645970212162754,-0.006103376597483168,True
2013-09-11 21:00:00,0.6632187960813152,-0.006103376597483168,True
2015-05-11 05:00:00,0.664867011714071,-0.006103376597483168,True
2011-07-23 18:00:00,0.6645970212162754,-0.006103376597483168,True
2018-07-11 09:00:00,0.6630092119255949,-0.006103376597483168,True
2018-07-10 08:00:00,0.6644657277990822,-0.006103376597483168,True
2011-11-01 21:00:00,9.21035953931206,-0.006001525989713374,True
2006-11-21 20:00:00,9.211028075961153,-0.006001525989713374,True
2011-10-26 16:00:00,9.209667628541713,-0.006001525989713374,True
2011-10-28 05:00:00,9.209304662211805,-0.006001525989713374,True
2016-01-08 15:00:00,9.209500518726284,-0.006001525989713374,True
2015-11-09 00:00:00,9.21038291755463,-0.006001525989713374,True
2011-10-25 01:00:00,8.978615177617217,-0.005947364745326533,True
2013-02-05 20:00:00,8.976743995890336,-0.005947364745326533,True
2013-02-04 13:00:00,8.978042750435524,-0.005947364745326533,True
2014-02-01 06:00:00,8.97631532732622,-0.005947364745326533,True
2011-10-26 17:00:00,8.976906021151539,-0.005947364745326533,True
2012-02-04 13:00:00,8.979166923819523,-0.005947364745326533,True
2013-12-17 04:00:00,8.977845849155402,-0.005947364745326533,True
2016-11-28 22:00:00,8.976110361740197,-0.005947364745326533,True
2015-02-03 01:00:00,8.97836369686417,-0.005947364745326533,True
2015-01-18 14:00:00,8.97726087358077,-0.005947364745326533,True
2011-10-26 02:00:00,8.976279587679176,-0.005947364745326533,True
2016-11-09 00:00:00,8.977890150399142,-0.005947364745326533,True
2011-10-26 22:00:00,8.977945111140757,-0.005947364745326533,True
2014-11-11 09:00:00,8.977151764821352,-0.005947364745326533,True
2016-11-06 02:00:00,8.97724764555791,-0.005947364745326533,True
2015-10-30 07:00:00,8.978537020718841,-0.005947364745326533,True
2017-11-02 01:00:00,8.979623288206328,-0.005947364745326533,True
2017-10-25 23:00:00,8.97822539999944,-0.005947364745326533,True
2013-12-23 16:00:00,8.976234344010694,-0.005947364745326533,True
2013-12-20 06:00:00,8.978939807033061,-0.005947364745326533,True
2007-01-27 11:00:00,9.23244411827495,-0.005838867963131378,True
2012-01-28 07:00:00,9.233158703909195,-0.005838867963131378,True
2016-02-01 22:00:00,9.23322161127635,-0.005838867963131378,True
2014-12-18 10:00:00,9.233699668219822,-0.005838867963131378,True
2016-01-31 18:00:00,9.233127841363544,-0.005838867963131378,True
2014-10-20 17:00:00,9.232186512875176,-0.005838867963131378,True
2015-02-03 13:00:00,9.23376876986548,-0.005838867963131378,True
2016-01-29 20:00:00,9.23242307672709,-0.005838867963131378,True
2011-11-06 05:00:00,9.233364716712984,-0.005838867963131378,True
2012-11-06 11:00:00,9.232649246607815,-0.005838867963131378,True
2015-01-30 11:00:00,9.2317923837937,-0.005838867963131378,True
2015-07-23 20:00:00,0.665402597916926,-0.00571781002652616,True
2014-12-23 03:00:00,9.13298660793428,-0.005617205830343086,True
2014-10-25 03:00:00,9.133321806220346,-0.005617205830343086,True
2016-11-05 11:00:00,9.132962503207656,-0.005617205830343086,True
2017-11-10 13:00:00,9.209057716955964,-0.005616028306176912,True
2013-11-24 12:00:00,8.969706192829053,-0.005561903694152992,True
2015-11-02 10:00:00,8.970138484172333,-0.005561903694152992,True
2014-11-12 22:00:00,8.97188182969481,-0.005561903694152992,True
2016-02-01 11:00:00,8.974384204348945,-0.005561903694152992,True
2012-02-03 15:00:00,8.971913630015782,-0.005561903694152992,True
2006-11-22 21:00:00,8.974279569398131,-0.005561903694152992,True
2017-02-01 14:00:00,8.968976249931544,-0.005561903694152992,True
2014-11-19 16:00:00,8.974951897276501,-0.005561903694152992,True
2015-11-21 00:00:00,8.968194315356675,-0.005561903694152992,True
2018-01-09 11:00:00,8.973133954996793,-0.005561903694152992,True
2014-11-27 00:00:00,8.969369733459228,-0.005561903694152992,True
2017-12-21 03:00:00,8.972222679930034,-0.005561903694152992,True
2011-01-30 06:00:00,8.971704493121557,-0.005561903694152992,True
2017-01-31 21:00:00,8.971779875409998,-0.005561903694152992,True
2011-10-24 13:00:00,8.969938956119883,-0.005561903694152992,True
2013-12-19 11:00:00,8.969641976833039,-0.005561903694152992,True
2015-01-12 00:00:00,8.968734937747124,-0.005561903694152992,True
2017-11-05 13:00:00,8.970514470521232,-0.005561903694152992,True
2011-10-28 06:00:00,8.9696769091509,-0.005561903694152992,True
2015-10-29 14:00:00,8.971397096330609,-0.005561903694152992,True
2011-10-28 11:00:00,8.973892691764087,-0.005561903694152992,True
2013-12-22 13:00:00,8.971263800231783,-0.005561903694152992,True
2016-01-20 05:00:00,9.135719463261198,-0.005537289041968818,True
2012-02-02 05:00:00,9.134846074978878,-0.005537289041968818,True
2014-01-30 00:00:00,9.13389295940408,-0.005537289041968818,True
2011-01-30 02:00:00,9.134560120127157,-0.005537289041968818,True
2006-11-23 18:00:00,9.13562306220028,-0.005537289041968818,True
2011-11-05 14:00:00,9.134251845632,-0.005537289041968818,True
2017-11-13 23:00:00,9.134037542657216,-0.005537289041968818,True
2014-05-13 11:00:00,0.6609719260633474,-0.0054695416776779915,True
2011-07-21 03:00:00,0.6609439686207097,-0.0054695416776779915,True
2014-09-19 23:00:00,0.6609719260633474,-0.0054695416776779915,True
2012-08-01 10:00:00,0.6609719260633474,-0.0054695416776779915,True
2018-05-11 17:00:00,0.6614875766871491,-0.0054695416776779915,True
2014-08-01 21:00:00,0.6610726231509289,-0.0054695416776779915,True
2016-08-05 22:00:00,0.6615122953337553,-0.0054695416776779915,True
2011-07-22 01:00:00,0.6609719260633474,-0.0054695416776779915,True
2017-09-24 17:00:00,0.6609719260633474,-0.0054695416776779915,True
2013-07-30 05:00:00,0.6615761085888355,-0.0054695416776779915,True
2016-05-12 00:00:00,0.6609719260633475,-0.0054695416776779915,True
2013-01-22 12:00:00,0.6610501612274238,-0.0054695416776779915,True
2011-07-21 08:00:00,0.6611733202385102,-0.0054695416776779915,True
2011-07-22 13:00:00,0.6609719260633474,-0.0054695416776779915,True
2011-07-24 22:00:00,0.6615761085888354,-0.0054695416776779915,True
2012-11-04 22:00:00,9.220217822660784,-0.005453480294568158,True
2013-11-23 02:00:00,9.220153556705922,-0.005453480294568158,True
2017-12-31 17:00:00,9.220404906578128,-0.005453480294568158,True
2006-11-26 08:00:00,9.22063530926145,-0.005453480294568158,True
2017-11-11 21:00:00,9.22012465875668,-0.005453480294568158,True
2007-01-27 01:00:00,8.932620238224688,-0.005389811212964224,True
2015-02-05 08:00:00,8.932524748476434,-0.005389811212964224,True
2013-02-06 00:00:00,8.93284034143258,-0.005389811212964224,True
2012-11-02 21:00:00,8.932403102333593,-0.005389811212964224,True
2015-02-04 04:00:00,8.932822400873173,-0.005389811212964224,True
2011-10-30 00:00:00,8.933104071863404,-0.005389811212964224,True
2014-02-01 18:00:00,8.932032017971745,-0.005389811212964224,True
2011-02-04 00:00:00,8.931865678837779,-0.005389811212964224,True
2011-02-03 17:00:00,8.932846940853253,-0.005389811212964224,True
2012-02-03 08:00:00,8.933838327310584,-0.005389811212964224,True
2012-11-12 05:00:00,8.932410021270341,-0.005389811212964224,True
2016-11-05 22:00:00,8.988601953653019,-0.005176703352445466,True
2006-11-21 12:00:00,8.99291882532074,-0.005176703352445466,True
2012-02-04 23:00:00,8.965897495334552,-0.005176703352445466,True
2006-11-28 19:00:00,8.965011724053891,-0.005176703352445466,True
2011-11-01 14:00:00,8.965844982001931,-0.005176703352445466,True
2018-01-04 10:00:00,8.980417057800246,-0.005176703352445466,True
2010-11-09 13:00:00,8.992535027741132,-0.005176703352445466,True
2014-10-28 05:00:00,8.965525339753663,-0.005176703352445466,True
2014-10-21 02:00:00,8.985316674931632,-0.005176703352445466,True
2010-11-12 05:00:00,8.989425977608287,-0.005176703352445466,True
2017-12-19 18:00:00,8.991309641353094,-0.005176703352445466,True
2010-11-12 15:00:00,8.993134615213439,-0.005176703352445466,True
2011-02-03 07:00:00,8.98152811007477,-0.005176703352445466,True
2010-11-11 09:00:00,8.984893616343728,-0.005176703352445466,True
2015-01-13 02:00:00,8.993032134856174,-0.005176703352445466,True
2015-01-09 09:00:00,8.991592300110327,-0.005176703352445466,True
2011-02-01 10:00:00,8.96622291724022,-0.005176703352445466,True
2014-12-23 01:00:00,8.964859323103981,-0.005176703352445466,True
2014-02-01 13:00:00,8.987314504560814,-0.005176703352445466,True
2013-01-30 20:00:00,8.993178556457119,-0.005176703352445466,True
2014-11-05 17:00:00,8.96551304594258,-0.005176703352445466,True
2015-01-13 00:00:00,8.984214729122984,-0.005176703352445466,True
2011-10-24 10:00:00,8.98825979644135,-0.005176703352445466,True
2015-02-04 07:00:00,8.986632227313358,-0.005176703352445466,True
2012-11-01 16:00:00,8.964997294977287,-0.005176703352445466,True
2014-11-08 17:00:00,8.98452962054292,-0.005176703352445466,True
2011-02-01 15:00:00,8.991144746785093,-0.005176703352445466,True
2006-11-25 12:00:00,8.988036801183506,-0.005176703352445466,True
2013-01-17 17:00:00,8.965167649056832,-0.005176703352445466,True
2006-11-27 06:00:00,8.989582150883917,-0.005176703352445466,True
2013-02-02 18:00:00,8.992830303085949,-0.005176703352445466,True
2014-11-06 16:00:00,8.982851732087259,-0.005176703352445466,True
2014-11-13 03:00:00,8.992145698700037,-0.005176703352445466,True
2017-11-13 00:00:00,8.986950779538267,-0.005176703352445466,True
2013-12-24 11:00:00,8.990524042791721,-0.005176703352445466,True
2016-11-10 00:00:00,8.987098300140266,-0.005176703352445466,True
2010-11-10 19:00:00,8.988918953018349,-0.005176703352445466,True
2016-11-04 23:00:00,8.989201507068477,-0.005176703352445466,True
2016-11-04 11:00:00,8.986652850141152,-0.005176703352445466,True
2011-10-24 23:00:00,8.987869538472363,-0.005176703352445466,True
2016-11-10 18:00:00,8.981998488650666,-0.005176703352445466,True
2017-11-13 07:00:00,8.993081061229164,-0.005176703352445466,True
2006-11-26 11:00:00,8.993140950709819,-0.005176703352445466,True
2017-01-30 14:00:00,8.993513763322156,-0.005176703352445466,True
2006-11-27 19:00:00,8.987942805742463,-0.005176703352445466,True
2013-02-04 02:00:00,8.988866849510186,-0.005176703352445466,True
2015-10-29 19:00:00,8.986105682718048,-0.005176703352445466,True
2015-10-29 03:00:00,8.965697250162632,-0.005176703352445466,True
2016-01-29 02:00:00,8.965307336301077,-0.005176703352445466,True
2013-12-25 02:00:00,8.985513954038613,-0.005176703352445466,True
2013-12-24 16:00:00,8.98094725721786,-0.005176703352445466,True
2013-12-23 18:00:00,8.984148045411025,-0.005176703352445466,True
2010-11-04 17:00:00,8.983880478128919,-0.005176703352445466,True
2015-10-27 15:00:00,8.930647167647901,-0.005141685807609653,True
2011-10-25 15:00:00,8.928995424588724,-0.005141685807609653,True
2015-11-01 19:00:00,8.928358510204776,-0.005141685807609653,True
2012-11-02 23:00:00,8.927038274916322,-0.005141685807609653,True
2016-11-08 09:00:00,8.928685380598548,-0.005141685807609653,True
2012-02-06 21:00:00,8.92773076218635,-0.005141685807609653,True
2017-11-05 01:00:00,8.927598631831659,-0.005141685807609653,True
2011-02-02 19:00:00,8.926843896353017,-0.005141685807609653,True
2007-01-27 09:00:00,8.92845823120227,-0.005141685807609653,True
2014-10-30 05:00:00,8.928747437236435,-0.005141685807609653,True
2017-11-05 08:00:00,8.929692844758408,-0.005141685807609653,True
2015-01-14 01:00:00,8.927477316610991,-0.005141685807609653,True
2013-02-04 22:00:00,8.92770236314462,-0.005141685807609653,True
2017-11-13 05:00:00,8.929203747284316,-0.005141685807609653,True
2015-10-29 16:00:00,8.929318334213708,-0.005141685807609653,True
2011-10-26 18:00:00,8.92714063182357,-0.005141685807609653,True
2010-04-23 17:00:00,0.6588572872241396,-0.005084403805711402,True
2014-06-11 16:00:00,0.6587120594046786,-0.005084403805711402,True
2016-07-18 09:00:00,0.6591593784868836,-0.005084403805711402,True
2013-06-10 09:00:00,0.6597635610123715,-0.005084403805711402,True
2014-05-15 21:00:00,0.6583538017862329,-0.005084403805711402,True
2009-03-24 21:00:00,0.6606698348006036,-0.005084403805711402,True
2009-04-29 11:00:00,0.6583538017862329,-0.005084403805711402,True
2014-03-15 05:00:00,0.6597635610123715,-0.005084403805711402,True
2018-03-23 07:00:00,0.6591593784868836,-0.005084403805711402,True
2018-07-24 08:00:00,0.6589357189457811,-0.005084403805711402,True
2013-07-28 21:00:00,0.6591593784868836,-0.005084403805711402,True
2014-05-30 19:00:00,0.6591453997655646,-0.005084403805711402,True
2014-07-18 13:00:00,0.6595621668372088,-0.005084403805711402,True
2014-07-11 08:00:00,0.6591593784868836,-0.005084403805711402,True
2011-07-23 13:00:00,0.6591593784868836,-0.005084403805711402,True
2018-05-13 02:00:00,0.6596628639247901,-0.005084403805711402,True
2015-08-06 18:00:00,0.6591593784868836,-0.005084403805711402,True
2016-08-01 06:00:00,0.6604684406254409,-0.005084403805711402,True
2015-07-30 06:00:00,0.6602670464502781,-0.005084403805711402,True
2017-05-31 03:00:00,0.6582531046986516,-0.005084403805711402,True
2014-07-10 12:00:00,0.6583538017862329,-0.005084403805711402,True
2011-07-29 03:00:00,0.6584544988738142,-0.005084403805711402,True
2017-07-30 04:00:00,0.6579510134359076,-0.005084403805711402,True
2017-07-30 21:00:00,0.6591593784868836,-0.005084403805711402,True
2013-03-27 22:00:00,0.660041853235119,-0.005084403805711402,True
2018-06-17 00:00:00,0.6581130571412962,-0.005084403805711402,True
2014-06-14 23:00:00,0.6590056125523757,-0.005084403805711402,True
2015-11-04 14:00:00,9.223518058472962,-0.005068353285838212,True
2014-01-15 01:00:00,9.235913223303967,-0.005068353285838212,True
2014-12-21 02:00:00,9.22248185701984,-0.005068353285838212,True
2012-11-11 09:00:00,9.228095450352052,-0.005068353285838212,True
2015-02-03 18:00:00,9.221721669582584,-0.005068353285838212,True
2014-12-22 05:00:00,9.226886002067348,-0.005068353285838212,True
2014-01-21 02:00:00,9.22925144983036,-0.005068353285838212,True
2013-12-15 11:00:00,9.235592850947391,-0.005068353285838212,True
2016-01-07 10:00:00,9.235685471701505,-0.005068353285838212,True
2017-11-07 10:00:00,9.22543807604285,-0.005068353285838212,True
2011-01-29 23:00:00,9.2357828396619,-0.005068353285838212,True
2014-11-01 07:00:00,9.221729567639985,-0.005068353285838212,True
2016-01-22 19:00:00,9.23592067047583,-0.005068353285838212,True
2011-11-07 08:00:00,9.222207643538368,-0.005068353285838212,True
2013-11-18 15:00:00,9.230219351366468,-0.005068353285838212,True
2018-01-23 18:00:00,9.229794001929992,-0.005068353285838212,True
2015-01-30 16:00:00,9.222163311063897,-0.005068353285838212,True
2014-12-16 01:00:00,9.22410137859513,-0.005068353285838212,True
2015-01-15 15:00:00,9.22255320626134,-0.005068353285838212,True
2011-10-30 07:00:00,9.234588392588211,-0.005068353285838212,True
2016-01-31 23:00:00,9.235329707050832,-0.005068353285838212,True
2011-10-31 09:00:00,9.228095290448715,-0.005068353285838212,True
2015-01-15 10:00:00,9.235264392366588,-0.005068353285838212,True
2016-02-02 03:00:00,9.228005417776526,-0.005068353285838212,True
2016-01-08 19:00:00,9.234723763281128,-0.005068353285838212,True
2013-12-22 07:00:00,9.231037139062076,-0.005068353285838212,True
2012-11-03 00:00:00,9.228135403459133,-0.005068353285838212,True
2017-12-18 00:00:00,9.223485164290478,-0.005068353285838212,True
2017-11-08 07:00:00,9.222904896569515,-0.005068353285838212,True
2013-11-19 02:00:00,9.225870797662775,-0.005068353285838212,True
2017-11-05 16:00:00,9.225149489710445,-0.005068353285838212,True
2011-01-29 03:00:00,9.230585962595582,-0.005068353285838212,True
2014-11-19 08:00:00,9.23421559598197,-0.005068353285838212,True
2013-12-20 07:00:00,9.223008091920065,-0.005068353285838212,True
2015-11-15 11:00:00,9.226608053946704,-0.005068353285838212,True
2016-01-29 05:00:00,9.2355214646906,-0.005068353285838212,True
2015-11-15 08:00:00,9.225577054150726,-0.005068353285838212,True
2013-12-27 01:00:00,9.226340308141063,-0.005068353285838212,True
2017-01-29 22:00:00,9.22219618050164,-0.005068353285838212,True
2011-11-22 20:00:00,9.153163795321078,-0.005029962769212526,True
2011-01-29 04:00:00,9.155521041451657,-0.005029962769212526,True
2012-02-05 06:00:00,9.150208691592054,-0.005029962769212526,True
2017-01-31 20:00:00,9.1481143671645,-0.005029962769212526,True
2017-01-31 16:00:00,9.150529487330322,-0.005029962769212526,True
2012-11-11 14:00:00,9.1544759690347,-0.005029962769212526,True
2017-11-06 06:00:00,9.15348718428419,-0.005029962769212526,True
2012-11-01 19:00:00,9.151374955878891,-0.005029962769212526,True
2006-11-24 04:00:00,9.154750624279403,-0.005029962769212526,True
2012-11-07 19:00:00,9.15061796450869,-0.005029962769212526,True
2016-02-02 08:00:00,9.15270082167252,-0.005029962769212526,True
2015-02-01 12:00:00,9.153902004440123,-0.005029962769212526,True
2015-11-01 16:00:00,9.1512987445063,-0.005029962769212526,True
2013-02-05 22:00:00,9.151026430446672,-0.005029962769212526,True
2015-02-05 01:00:00,9.153426653579926,-0.005029962769212526,True
2013-12-21 10:00:00,9.154786031669,-0.005029962769212526,True
2013-12-22 12:00:00,9.150513939743012,-0.005029962769212526,True
2016-01-07 23:00:00,9.152381177661564,-0.005029962769212526,True
2012-11-05 08:00:00,9.147314955850732,-0.005029962769212526,True
2014-11-11 05:00:00,9.14931128953374,-0.005029962769212526,True
2016-11-11 14:00:00,9.147078810079345,-0.005029962769212526,True
2011-10-26 04:00:00,9.139277423365984,-0.004904083536593884,True
2012-11-08 15:00:00,9.137338324198154,-0.004904083536593884,True
2014-12-16 04:00:00,9.138910399474884,-0.004904083536593884,True
2017-12-26 05:00:00,9.13903072216946,-0.004904083536593884,True
2010-11-09 18:00:00,9.137690144695734,-0.004904083536593884,True
2013-12-25 15:00:00,9.139358996580173,-0.004904083536593884,True
2015-02-04 16:00:00,9.140013451682623,-0.004904083536593884,True
2016-01-08 14:00:00,9.138801052707556,-0.004904083536593884,True
2012-02-05 20:00:00,9.139065178310643,-0.004904083536593884,True
2017-01-31 05:00:00,9.139864314030657,-0.004904083536593884,True
2015-10-29 09:00:00,9.138705771152477,-0.004904083536593884,True
2014-01-31 10:00:00,9.137711244177996,-0.004904083536593884,True
2013-11-12 18:00:00,9.140072711869928,-0.004904083536593884,True
2014-11-15 12:00:00,8.954691530311607,-0.0048830490002954585,True
2016-11-11 21:00:00,8.953377726751214,-0.0048830490002954585,True
2011-10-29 15:00:00,8.954464518333184,-0.0048830490002954585,True
2012-02-02 10:00:00,8.954186628958617,-0.0048830490002954585,True
2012-11-12 16:00:00,8.95370613692655,-0.0048830490002954585,True
2017-01-28 19:00:00,9.130150805092368,-0.004846990897332537,True
2011-11-03 08:00:00,9.131637458591824,-0.004846990897332537,True
2013-01-20 04:00:00,9.130983052379811,-0.004846990897332537,True
2007-01-27 19:00:00,9.130473753229127,-0.004846990897332537,True
2015-01-12 22:00:00,9.13043847755207,-0.004846990897332537,True
2014-01-29 04:00:00,9.130605154105105,-0.004846990897332537,True
2016-12-26 20:00:00,9.131556807294276,-0.004846990897332537,True
2012-01-31 11:00:00,9.131197441852446,-0.004846990897332537,True
2017-12-17 23:00:00,9.131043555183757,-0.004846990897332537,True
2017-11-04 22:00:00,9.130884065749909,-0.004846990897332537,True
2013-02-05 14:00:00,9.19711626532442,-0.004792184759382034,True
2015-02-05 09:00:00,8.967604465462182,-0.00479176354387123,True
2014-11-08 15:00:00,8.966242695575316,-0.00479176354387123,True
2013-11-19 05:00:00,8.966903172041182,-0.00479176354387123,True
2012-02-04 09:00:00,8.967036476372966,-0.00479176354387123,True
2012-11-02 00:00:00,8.994425827982413,-0.00479176354387123,True
2017-11-10 06:00:00,8.966782763080161,-0.00479176354387123,True
2015-11-01 06:00:00,8.994693392513922,-0.00479176354387123,True
2011-10-25 20:00:00,8.994651125260154,-0.00479176354387123,True
2015-02-02 20:00:00,8.994864144231759,-0.00479176354387123,True
2013-12-21 04:00:00,9.008096982334775,-0.004711962572467754,True
2013-12-21 09:00:00,9.00785842583721,-0.004711962572467754,True
2011-10-26 01:00:00,9.00759684398654,-0.004711962572467754,True
2015-01-15 13:00:00,9.007343020033977,-0.004711962572467754,True
2012-11-12 00:00:00,9.007707549449512,-0.004711962572467754,True
2012-11-12 08:00:00,9.008182903748155,-0.004711962572467754,True
2011-02-01 18:00:00,9.00761583287095,-0.004711962572467754,True
2015-11-29 21:00:00,8.934338418381476,-0.004619903776031609,True
2011-10-28 01:00:00,8.934250131210286,-0.004619903776031609,True
2013-11-18 13:00:00,9.141309810401596,-0.004519328116471821,True
2011-11-04 13:00:00,9.144381295371716,-0.004519328116471821,True
2006-11-24 00:00:00,9.146068945554024,-0.004519328116471821,True
2014-11-01 10:00:00,9.143878249703947,-0.004519328116471821,True
2012-11-04 05:00:00,9.14107961948862,-0.004519328116471821,True
2014-11-04 07:00:00,9.146098349550137,-0.004519328116471821,True
2007-01-28 06:00:00,9.144184094849797,-0.004519328116471821,True
2015-01-09 12:00:00,9.144394422947848,-0.004519328116471821,True
2010-11-10 21:00:00,9.143623950433664,-0.004519328116471821,True
2006-11-25 22:00:00,9.14192421584512,-0.004519328116471821,True
2013-01-20 22:00:00,9.141395566171685,-0.004519328116471821,True
2011-02-02 18:00:00,9.145847291675176,-0.004519328116471821,True
2015-02-02 03:00:00,9.14333545319075,-0.004519328116471821,True
2013-12-23 21:00:00,9.140522381194248,-0.004519328116471821,True
2007-11-17 01:00:00,9.142260562065816,-0.004519328116471821,True
2006-11-25 05:00:00,9.147000787003783,-0.004519328116471821,True
2015-10-29 07:00:00,9.14535156591962,-0.004519328116471821,True
2011-10-28 00:00:00,9.145126737095696,-0.004519328116471821,True
2006-11-22 11:00:00,8.957003299182094,-0.0044983078070394145,True
2012-02-04 01:00:00,8.952286485939023,-0.0044983078070394145,True
2006-11-28 12:00:00,8.958547466577091,-0.0044983078070394145,True
2016-01-29 03:00:00,8.958426859677251,-0.0044983078070394145,True
2013-12-16 11:00:00,8.952729547762244,-0.0044983078070394145,True
2016-11-11 09:00:00,8.957363957406708,-0.0044983078070394145,True
2006-11-22 10:00:00,8.956771006681251,-0.0044983078070394145,True
2015-01-15 01:00:00,8.952974761583045,-0.0044983078070394145,True
2011-10-28 21:00:00,8.957347098520419,-0.0044983078070394145,True
2017-11-02 03:00:00,8.956364061544068,-0.0044983078070394145,True
2011-02-01 05:00:00,8.956454012124984,-0.0044983078070394145,True
2013-12-27 11:00:00,8.955906195809124,-0.0044983078070394145,True
2015-10-29 06:00:00,9.204370051137891,-0.004487263270113728,True
2011-10-27 00:00:00,9.204521001492928,-0.004487263270113728,True
2016-01-25 13:00:00,9.20432090458514,-0.004487263270113728,True
2006-11-27 04:00:00,9.123440813494105,-0.004462274092244312,True
2012-11-11 22:00:00,9.129208912550574,-0.004462274092244312,True
2013-12-18 12:00:00,9.128880511116206,-0.004462274092244312,True
2011-02-02 16:00:00,9.12089845477344,-0.004462274092244312,True
2018-01-10 15:00:00,9.128162223526472,-0.004462274092244312,True
2012-11-03 12:00:00,9.120849687866434,-0.004462274092244312,True
2018-01-23 10:00:00,9.12591943833989,-0.004462274092244312,True
2014-11-06 08:00:00,9.120064855865603,-0.004462274092244312,True
2011-01-30 14:00:00,9.12548396941879,-0.004462274092244312,True
2013-12-19 16:00:00,9.119735980486372,-0.004462274092244312,True
2013-12-20 02:00:00,9.11974049012095,-0.004462274092244312,True
2012-11-17 07:00:00,9.122047201443756,-0.004462274092244312,True
2013-10-23 23:00:00,9.122885441108629,-0.004462274092244312,True
2013-02-02 08:00:00,9.127619274453576,-0.004462274092244312,True
2011-10-26 09:00:00,9.127140061293892,-0.004462274092244312,True
2013-02-04 12:00:00,9.128892309848936,-0.004462274092244312,True
2016-11-26 15:00:00,9.124760174387951,-0.004462274092244312,True
2013-12-27 06:00:00,9.122200364249863,-0.004462274092244312,True
2013-02-05 04:00:00,9.129190547913044,-0.004462274092244312,True
2011-11-04 09:00:00,9.126967290551988,-0.004462274092244312,True
2007-01-28 15:00:00,9.124762268915406,-0.004462274092244312,True
2012-11-07 22:00:00,9.12531461739434,-0.004462274092244312,True
2013-12-22 22:00:00,9.123319858085656,-0.004462274092244312,True
2015-10-31 08:00:00,9.12132434872469,-0.004462274092244312,True
2007-01-29 11:00:00,9.120139839880864,-0.004462274092244312,True
2014-01-31 08:00:00,9.119876509962197,-0.004462274092244312,True
2015-02-01 17:00:00,9.129249151230564,-0.004462274092244312,True
2018-01-30 09:00:00,9.119502036623455,-0.004462274092244312,True
2015-01-09 15:00:00,9.123286114226124,-0.004462274092244312,True
2007-01-29 16:00:00,9.1275213699882,-0.004462274092244312,True
2011-11-03 20:00:00,9.123936491328278,-0.004462274092244312,True
2013-12-16 01:00:00,9.127496625672896,-0.004462274092244312,True
2011-10-29 04:00:00,9.124776081417007,-0.004462274092244312,True
2013-12-20 23:00:00,9.125484427774015,-0.004462274092244312,True
2010-11-10 11:00:00,9.1245177458528,-0.004462274092244312,True
2013-12-16 16:00:00,9.121703912936768,-0.004462274092244312,True
2016-11-05 21:00:00,9.12571099436291,-0.004462274092244312,True
2014-02-02 04:00:00,8.72985235203533,-0.004439603176259799,True
2016-11-02 21:00:00,8.729991277653786,-0.004439603176259799,True
2012-11-01 21:00:00,8.995061160055442,-0.004407084092216684,True
2010-11-09 20:00:00,8.997650048378784,-0.004407084092216684,True
2015-01-19 04:00:00,8.999058695352337,-0.004407084092216684,True
2013-02-01 22:00:00,8.996371473089406,-0.004407084092216684,True
2011-01-28 17:00:00,8.999519056209609,-0.004407084092216684,True
2018-01-11 19:00:00,9.000023632869127,-0.004407084092216684,True
2013-12-18 22:00:00,8.996640233795723,-0.004407084092216684,True
2011-11-02 12:00:00,8.99558103032382,-0.004407084092216684,True
2011-10-23 15:00:00,8.996750585782168,-0.004407084092216684,True
2013-12-16 04:00:00,8.999839424618372,-0.004407084092216684,True
2007-01-29 01:00:00,8.998938538600406,-0.004407084092216684,True
2011-11-03 23:00:00,8.998871864116003,-0.004407084092216684,True
2015-11-01 11:00:00,8.995970328772469,-0.004407084092216684,True
2006-11-23 13:00:00,8.997623651924473,-0.004407084092216684,True
2017-02-01 11:00:00,8.997329297399693,-0.004407084092216684,True
2016-11-08 06:00:00,9.000432819992792,-0.004407084092216684,True
2017-01-29 05:00:00,8.995954836354613,-0.004407084092216684,True
2011-10-29 10:00:00,8.998115698514662,-0.004407084092216684,True
2015-10-27 20:00:00,8.99784003103374,-0.004407084092216684,True
2011-11-05 04:00:00,8.996855244618548,-0.004407084092216684,True
2012-01-28 04:00:00,8.99773376544975,-0.004407084092216684,True
2013-12-25 05:00:00,8.710136070619633,-0.004373373053309315,True
2017-11-12 11:00:00,8.70939990059675,-0.004373373053309315,True
2010-01-31 15:00:00,8.706914381080237,-0.004373373053309315,True
2015-01-11 21:00:00,8.708378455187827,-0.004373373053309315,True
2013-12-21 15:00:00,8.709467590279068,-0.004373373053309315,True
2014-02-01 04:00:00,8.709995039812403,-0.004373373053309315,True
2017-02-08 01:00:00,8.708177705684305,-0.004373373053309315,True
2017-02-06 02:00:00,8.706664340640595,-0.004373373053309315,True
2006-11-22 22:00:00,8.707178011395467,-0.004373373053309315,True
2016-01-23 10:00:00,8.70708204715698,-0.004373373053309315,True
2018-01-16 20:00:00,8.7082427160347,-0.004373373053309315,True
2007-01-27 22:00:00,8.707833142731067,-0.004373373053309315,True
2006-11-21 08:00:00,8.708515880988827,-0.004373373053309315,True
2016-01-28 22:00:00,8.706453039269968,-0.004373373053309315,True
2011-10-23 05:00:00,8.710733916697631,-0.004373373053309315,True
2013-12-18 20:00:00,8.706324319816138,-0.004373373053309315,True
2017-12-26 01:00:00,8.706509617279213,-0.004373373053309315,True
2014-01-21 05:00:00,8.92585380396427,-0.004372113900118602,True
2010-11-11 04:00:00,8.924155892465937,-0.004372113900118602,True
2011-02-02 13:00:00,8.924982057952652,-0.004372113900118602,True
2011-01-30 01:00:00,8.924542485060714,-0.004372113900118602,True
2018-05-28 19:00:00,0.6568433454725129,-0.004314909358237307,True
2014-03-15 18:00:00,0.6558363745966996,-0.004314909358237307,True
2010-08-13 04:00:00,0.657447527998001,-0.004314909358237307,True
2017-07-28 14:00:00,0.6568433454725129,-0.004314909358237307,True
2013-07-06 19:00:00,0.6576349434518447,-0.004314909358237307,True
2015-05-13 06:00:00,0.6558363745966996,-0.004314909358237307,True
2013-07-08 14:00:00,0.6573468309104197,-0.004314909358237307,True
2009-09-15 06:00:00,0.6558363745966997,-0.004314909358237307,True
2014-03-25 22:00:00,0.6572461338228384,-0.004314909358237307,True
2014-05-12 11:00:00,0.6558363745966997,-0.004314909358237307,True
2018-07-14 01:00:00,0.6573468309104197,-0.004314909358237307,True
2014-05-28 14:00:00,0.6573468309104197,-0.004314909358237307,True
2015-07-27 12:00:00,0.6578503163483262,-0.004314909358237307,True
2017-07-17 08:00:00,0.6558363745966997,-0.004314909358237307,True
2017-07-24 12:00:00,0.6575482250855823,-0.004314909358237307,True
2014-06-08 12:00:00,0.6574475279980009,-0.004314909358237307,True
2006-11-21 13:00:00,8.725084227855541,-0.004247639079882903,True
2015-01-10 00:00:00,8.720213058353156,-0.004247639079882903,True
2010-01-30 02:00:00,8.719078663723478,-0.004247639079882903,True
2015-11-15 19:00:00,8.72330323261558,-0.004247639079882903,True
2006-11-26 10:00:00,8.722581973909298,-0.004247639079882903,True
2011-10-24 06:00:00,8.719739622806857,-0.004247639079882903,True
2011-10-26 15:00:00,8.722552920197819,-0.004247639079882903,True
2010-11-07 02:00:00,8.719629668837431,-0.004247639079882903,True
2010-11-08 17:00:00,8.71918945014866,-0.004247639079882903,True
2017-10-28 00:00:00,8.723476772840282,-0.004247639079882903,True
2013-01-31 23:00:00,8.720867207348652,-0.004247639079882903,True
2013-01-17 07:00:00,8.719124406518924,-0.004247639079882903,True
2011-10-24 04:00:00,8.719704284682011,-0.004247639079882903,True
2011-10-27 23:00:00,8.72094168852508,-0.004247639079882903,True
2013-02-04 20:00:00,8.719662158828669,-0.004247639079882903,True
2012-11-02 11:00:00,8.719683906123775,-0.004247639079882903,True
2017-12-27 09:00:00,8.719933934133783,-0.004247639079882903,True
2016-01-23 04:00:00,8.721356681800977,-0.004247639079882903,True
2013-02-05 16:00:00,8.723100534609669,-0.004247639079882903,True
2011-10-25 17:00:00,8.724741986211278,-0.004247639079882903,True
2012-02-07 14:00:00,8.718865531641578,-0.004247639079882903,True
2014-02-02 17:00:00,8.71935338502342,-0.004247639079882903,True
2012-11-01 02:00:00,8.724242880312909,-0.004247639079882903,True
2016-10-21 23:00:00,8.719473793697036,-0.004247639079882903,True
2011-02-09 03:00:00,8.721931832496617,-0.004247639079882903,True
2013-02-05 21:00:00,8.724045089413794,-0.004247639079882903,True
2007-01-26 05:00:00,8.720889246937537,-0.004247639079882903,True
2011-10-25 22:00:00,8.721295137796515,-0.004247639079882903,True
2013-02-01 20:00:00,8.718711379028404,-0.004247639079882903,True
2013-02-01 21:00:00,8.724963155534951,-0.004247639079882903,True
2011-02-03 00:00:00,8.721978139952606,-0.004247639079882903,True
2010-11-10 07:00:00,8.72497503653289,-0.004247639079882903,True
2016-11-13 17:00:00,9.17351184483204,-0.004180815503800228,True
2013-12-18 08:00:00,9.172441192002244,-0.004180815503800228,True
2006-11-27 16:00:00,9.172372999495748,-0.004180815503800228,True
2015-11-07 21:00:00,9.172378910794343,-0.004180815503800228,True
2017-11-10 01:00:00,9.173252633949472,-0.004180815503800228,True
2016-01-08 22:00:00,8.949135491077488,-0.004113826836368184,True
2013-05-17 23:00:00,0.6519091881810278,-0.004113229505547156,True
2018-04-02 09:00:00,0.6522029927991508,-0.004113229505547156,True
2014-06-03 01:00:00,0.6530264311992646,-0.004113229505547156,True
2015-07-24 18:00:00,0.6519091881810278,-0.004113229505547156,True
2018-03-19 01:00:00,0.6520098852686091,-0.004113229505547156,True
2014-07-19 01:00:00,0.6519091881810278,-0.004113229505547156,True
2016-05-16 13:00:00,0.6519091881810278,-0.004113229505547156,True
2012-07-23 23:00:00,0.6521105823561906,-0.004113229505547156,True
2009-03-22 05:00:00,0.6520098852686093,-0.004113229505547156,True
2014-08-03 15:00:00,0.6513050056555401,-0.004113229505547156,True
2015-05-01 15:00:00,0.6518084910934464,-0.004113229505547156,True
2015-05-15 06:00:00,0.6518084910934465,-0.004113229505547156,True
2009-09-15 01:00:00,0.6521105823561905,-0.004113229505547156,True
2015-05-15 04:00:00,0.6525133707065158,-0.004113229505547156,True
2015-05-12 13:00:00,0.6520000649499315,-0.004113229505547156,True
2018-09-14 23:00:00,0.6519091881810278,-0.004113229505547156,True
2014-09-18 10:00:00,0.6510405794089535,-0.004113229505547156,True
2011-07-30 21:00:00,0.6520098852686091,-0.004113229505547156,True
2014-03-21 20:00:00,0.6523119765313532,-0.004113229505547156,True
2012-07-24 02:00:00,0.6515063998307027,-0.004113229505547156,True
2018-05-22 12:00:00,0.6519091881810278,-0.004113229505547156,True
2016-07-20 05:00:00,0.6519091881810278,-0.004113229505547156,True
2016-07-23 04:00:00,0.6514915374625496,-0.004113229505547156,True
2016-07-16 16:00:00,0.6516575711972875,-0.004113229505547156,True
2018-05-22 04:00:00,0.6519091881810278,-0.004113229505547156,True
2014-01-20 20:00:00,9.204882584811417,-0.004102789769497628,True
2013-11-18 08:00:00,9.20501235297928,-0.004102789769497628,True
2013-12-17 22:00:00,9.206747385269088,-0.004102789769497628,True
2015-11-21 09:00:00,9.208005511054749,-0.004102789769497628,True
2015-11-02 02:00:00,9.208366024940704,-0.004102789769497628,True
2015-11-08 07:00:00,9.205083388702288,-0.004102789769497628,True
2016-11-28 17:00:00,9.207521256461062,-0.004102789769497628,True
2016-01-22 23:00:00,9.20688733758481,-0.004102789769497628,True
2017-01-29 16:00:00,9.205568148672285,-0.004102789769497628,True
2014-12-18 05:00:00,9.20729659418356,-0.004102789769497628,True
2012-11-07 12:00:00,9.208407452822987,-0.004102789769497628,True
2011-01-31 10:00:00,8.964261049792773,-0.004079674720880666,True
2017-11-05 18:00:00,8.963947094162235,-0.004079674720880666,True
2013-01-30 18:00:00,9.137007466844793,-0.004055124130422749,True
2015-02-01 22:00:00,9.135871653663116,-0.004055124130422749,True
2012-01-28 14:00:00,9.136149281784745,-0.004055124130422749,True
2015-02-03 06:00:00,9.136673001426312,-0.004055124130422749,True
2017-11-04 17:00:00,9.202827584042833,-0.004023085467306453,True
2014-01-30 15:00:00,9.199558204272972,-0.004023085467306453,True
2011-10-30 11:00:00,9.195531858570169,-0.004023085467306453,True
2011-10-30 16:00:00,9.193137077773006,-0.004023085467306453,True
2007-01-29 04:00:00,9.189933487532326,-0.004023085467306453,True
2006-11-25 10:00:00,9.194148854269512,-0.004023085467306453,True
2011-11-02 15:00:00,9.20050271440924,-0.004023085467306453,True
2016-01-30 06:00:00,9.20251634170864,-0.004023085467306453,True
2013-12-19 21:00:00,9.202142503753633,-0.004023085467306453,True
2016-01-30 10:00:00,9.194355053889716,-0.004023085467306453,True
2013-02-04 04:00:00,9.192487608034345,-0.004023085467306453,True
2017-01-28 18:00:00,9.193469550134363,-0.004023085467306453,True
2012-01-30 13:00:00,9.199630732466224,-0.004023085467306453,True
2012-02-01 21:00:00,9.195300948126029,-0.004023085467306453,True
2012-02-03 00:00:00,9.198018401207326,-0.004023085467306453,True
2012-02-01 09:00:00,9.19846729672623,-0.004023085467306453,True
2015-01-24 07:00:00,9.193670715156763,-0.004023085467306453,True
2016-11-10 19:00:00,9.196302396744048,-0.004023085467306453,True
2013-12-17 17:00:00,9.198547341124556,-0.004023085467306453,True
2013-12-17 19:00:00,9.202977006628856,-0.004023085467306453,True
2014-01-31 13:00:00,9.197764231815656,-0.004023085467306453,True
2014-11-04 04:00:00,9.193282694304632,-0.004023085467306453,True
2011-01-29 21:00:00,9.195584182520683,-0.004023085467306453,True
2013-12-29 05:00:00,9.19853876550438,-0.004023085467306453,True
2016-02-01 00:00:00,9.192674695971393,-0.004023085467306453,True
2012-11-07 17:00:00,9.190830853010548,-0.004023085467306453,True
2014-01-30 02:00:00,9.202687811279745,-0.004023085467306453,True
2012-11-02 14:00:00,9.193537260757136,-0.004023085467306453,True
2007-01-27 13:00:00,9.191034392175023,-0.004023085467306453,True
2012-11-08 12:00:00,9.189616706186822,-0.004023085467306453,True
2015-11-09 10:00:00,9.204096155658736,-0.004023085467306453,True
2015-11-08 12:00:00,9.203499328440529,-0.004023085467306453,True
2017-11-13 20:00:00,9.198306835672344,-0.004023085467306453,True
2013-12-26 23:00:00,9.19429331229346,-0.004023085467306453,True
2012-11-09 23:00:00,9.19097935637959,-0.004023085467306453,True
2015-01-09 13:00:00,9.195328463893688,-0.004023085467306453,True
2012-12-03 12:00:00,9.197342727878809,-0.004023085467306453,True
2011-10-28 17:00:00,9.20328080280076,-0.004023085467306453,True
2015-01-13 13:00:00,9.199651200065068,-0.004023085467306453,True
2013-02-01 17:00:00,9.195799766088882,-0.004023085467306453,True
2015-02-04 11:00:00,9.193047584708983,-0.004023085467306453,True
2013-02-03 15:00:00,9.196698167855068,-0.004023085467306453,True
2006-11-24 09:00:00,9.194017199016018,-0.004023085467306453,True
2016-02-02 12:00:00,9.198964149504064,-0.004023085467306453,True
2011-10-29 03:00:00,9.201358824848462,-0.004023085467306453,True
2016-02-01 10:00:00,9.201346349195417,-0.004023085467306453,True
2011-01-31 05:00:00,9.004961377753618,-0.004022664821387467,True
2013-12-25 22:00:00,9.00283084904275,-0.004022664821387467,True
2011-10-26 23:00:00,9.005204734152477,-0.004022664821387467,True
2013-02-03 14:00:00,9.002124324855098,-0.004022664821387467,True
2014-01-29 17:00:00,9.004906670934115,-0.004022664821387467,True
2012-02-06 04:00:00,9.004227998604707,-0.004022664821387467,True
2011-10-31 23:00:00,9.004565147544099,-0.004022664821387467,True
2015-01-15 11:00:00,9.001767755029435,-0.004022664821387467,True
2016-01-08 09:00:00,9.000819216857588,-0.004022664821387467,True
2015-10-31 15:00:00,9.001286237439743,-0.004022664821387467,True
2012-02-06 11:00:00,9.004154099935484,-0.004022664821387467,True
2016-01-23 14:00:00,9.006827127542387,-0.003942971761446534,True
2006-11-22 06:00:00,9.010254982460324,-0.003942971761446534,True
2017-11-11 14:00:00,9.006653302803135,-0.003942971761446534,True
2015-01-28 16:00:00,9.011397816915652,-0.003942971761446534,True
2016-11-07 05:00:00,9.005972253820318,-0.003942971761446534,True
2012-11-08 10:00:00,9.014465467518496,-0.003942971761446534,True
2015-02-05 04:00:00,9.011451179350372,-0.003942971761446534,True
2006-11-21 00:00:00,9.009152020921205,-0.003942971761446534,True
2016-11-08 14:00:00,9.010844975720005,-0.003942971761446534,True
2010-11-10 14:00:00,9.013146838712249,-0.003942971761446534,True
2015-11-15 14:00:00,9.01180762599436,-0.003942971761446534,True
2013-12-17 09:00:00,9.011981726405049,-0.003942971761446534,True
2018-01-07 23:00:00,9.006525820491412,-0.003942971761446534,True
2017-11-05 11:00:00,9.006720181518352,-0.003942971761446534,True
2017-11-04 20:00:00,9.011635122228194,-0.003942971761446534,True
2014-01-29 11:00:00,9.00660654807424,-0.003942971761446534,True
2014-11-26 12:00:00,9.011891112969383,-0.003942971761446534,True
2016-01-23 03:00:00,9.01316041840864,-0.003942971761446534,True
2016-01-09 03:00:00,9.009418239058745,-0.003942971761446534,True
2015-11-29 06:00:00,9.010709280436336,-0.003942971761446534,True
2013-02-02 22:00:00,9.00982102566794,-0.003942971761446534,True
2011-10-30 22:00:00,9.013812425484693,-0.003942971761446534,True
2012-11-07 02:00:00,9.012693634646906,-0.003942971761446534,True
2011-10-25 03:00:00,9.009942820846284,-0.003942971761446534,True
2018-09-17 01:00:00,0.6532443637966051,-0.003930552430479128,True
2017-05-14 07:00:00,0.6537217357574918,-0.003930552430479128,True
2017-05-28 21:00:00,0.6537217357574918,-0.003930552430479128,True
2016-04-30 22:00:00,0.6537217357574917,-0.003930552430479128,True
2018-08-28 05:00:00,0.6547035952290162,-0.003930552430479128,True
2010-08-13 02:00:00,0.6537217357574918,-0.003930552430479128,True
2017-05-14 10:00:00,0.6531175532320038,-0.003930552430479128,True
2018-03-15 10:00:00,0.6542420459550663,-0.003930552430479128,True
2018-07-31 17:00:00,0.6537217357574918,-0.003930552430479128,True
2016-06-17 10:00:00,0.6547875466113672,-0.003930552430479128,True
2013-06-08 07:00:00,0.6537217357574918,-0.003930552430479128,True
2018-04-06 17:00:00,0.6537217357574918,-0.003930552430479128,True
2018-07-27 05:00:00,0.6535819485443027,-0.003930552430479128,True
2018-07-12 07:00:00,0.6534196444947478,-0.003930552430479128,True
2014-05-18 18:00:00,0.6540238270202358,-0.003930552430479128,True
2014-03-30 01:00:00,0.6543259182829798,-0.003930552430479128,True
2016-08-02 21:00:00,0.6537217357574918,-0.003930552430479128,True
2014-10-02 12:00:00,0.6537217357574918,-0.003930552430479128,True
2018-07-10 21:00:00,0.6536099059869405,-0.003930552430479128,True
2018-05-31 21:00:00,0.6538224328450731,-0.003930552430479128,True
2018-06-08 04:00:00,0.6544307542560014,-0.003930552430479128,True
2016-05-14 11:00:00,0.6539549035937157,-0.003930552430479128,True
2010-08-13 12:00:00,0.6544266153705611,-0.003930552430479128,True
2015-05-14 07:00:00,0.6537217357574917,-0.003930552430479128,True
2011-08-12 11:00:00,0.653822432845073,-0.003930552430479128,True
2014-02-03 00:00:00,8.702119533463659,-0.0039092882500152415,True
2010-11-08 05:00:00,8.702009997267487,-0.0039092882500152415,True
2006-11-29 03:00:00,8.70159562887797,-0.0039092882500152415,True
2016-01-23 17:00:00,8.703068135305017,-0.0039092882500152415,True
2013-01-31 16:00:00,8.702696869849445,-0.0039092882500152415,True
2015-01-11 23:00:00,8.702441396870878,-0.0039092882500152415,True
2015-01-15 17:00:00,8.701886754880897,-0.0039092882500152415,True
2011-10-25 10:00:00,8.703199540921647,-0.0039092882500152415,True
2014-11-19 21:00:00,8.702523949854152,-0.0039092882500152415,True
2017-12-19 17:00:00,8.703349302799632,-0.0039092882500152415,True
2013-12-21 19:00:00,8.702098963513182,-0.0039092882500152415,True
2017-11-12 01:00:00,8.715388678453492,-0.00386332765088071,True
2015-01-26 23:00:00,8.72549499661597,-0.00386332765088071,True
2006-11-28 14:00:00,8.717395970497071,-0.00386332765088071,True
2014-01-31 16:00:00,8.725623182417594,-0.00386332765088071,True
2014-11-11 06:00:00,8.716383661015213,-0.00386332765088071,True
2015-10-31 22:00:00,8.726534890414642,-0.00386332765088071,True
2010-11-08 15:00:00,8.727070856379862,-0.00386332765088071,True
2016-01-30 07:00:00,8.729618206468338,-0.00386332765088071,True
2012-10-27 03:00:00,8.728482685066673,-0.00386332765088071,True
2011-01-28 16:00:00,8.728859394927637,-0.00386332765088071,True
2012-02-06 02:00:00,8.728535209420421,-0.00386332765088071,True
2016-11-11 10:00:00,8.725821402488151,-0.00386332765088071,True
2012-11-12 13:00:00,8.71630766625006,-0.00386332765088071,True
2016-10-21 22:00:00,8.725245267278831,-0.00386332765088071,True
2007-01-25 15:00:00,8.716582341007253,-0.00386332765088071,True
2010-11-03 14:00:00,8.725804074854315,-0.00386332765088071,True
2015-02-13 16:00:00,8.715589192163794,-0.00386332765088071,True
2014-10-23 01:00:00,8.725842869452245,-0.00386332765088071,True
2010-11-09 11:00:00,8.72626456662857,-0.00386332765088071,True
2006-11-21 02:00:00,8.725514636922245,-0.00386332765088071,True
2007-01-23 06:00:00,8.727875920475547,-0.00386332765088071,True
2007-01-23 16:00:00,8.725517987043274,-0.00386332765088071,True
2018-01-23 09:00:00,8.72654687459895,-0.00386332765088071,True
2010-11-08 20:00:00,8.727948898011006,-0.00386332765088071,True
2014-11-09 13:00:00,8.726303404979713,-0.00386332765088071,True
2014-11-04 10:00:00,8.716594201832857,-0.00386332765088071,True
2015-10-29 21:00:00,8.935069236122418,-0.0038510374522087165,True
2014-12-16 11:00:00,9.184449809017746,-0.0037965492714238103,True
2006-11-21 22:00:00,9.157906792836476,-0.0037965492714238103,True
2013-11-19 00:00:00,9.18778461526853,-0.0037965492714238103,True
2012-02-03 16:00:00,9.156784370136632,-0.0037965492714238103,True
2011-10-25 23:00:00,9.186351968110763,-0.0037965492714238103,True
2012-11-09 18:00:00,9.173997016251109,-0.0037965492714238103,True
2012-11-17 19:00:00,9.159424259946562,-0.0037965492714238103,True
2012-11-06 21:00:00,9.159362657829654,-0.0037965492714238103,True
2015-02-02 08:00:00,9.159532213856878,-0.0037965492714238103,True
2011-10-25 16:00:00,9.158582096343949,-0.0037965492714238103,True
2012-11-17 14:00:00,9.174676396267463,-0.0037965492714238103,True
2013-02-02 20:00:00,9.188347942106647,-0.0037965492714238103,True
2014-10-27 16:00:00,9.185149830449904,-0.0037965492714238103,True
2011-10-31 18:00:00,9.158863425499588,-0.0037965492714238103,True
2006-11-23 23:00:00,9.174272002335131,-0.0037965492714238103,True
2016-01-30 05:00:00,9.184387057773868,-0.0037965492714238103,True
2015-11-01 21:00:00,9.18406102536866,-0.0037965492714238103,True
2012-11-02 18:00:00,9.158142271860996,-0.0037965492714238103,True
2011-10-23 17:00:00,9.187146156147875,-0.0037965492714238103,True
2016-02-02 02:00:00,9.158695795392868,-0.0037965492714238103,True
2017-11-11 23:00:00,9.185984717178238,-0.0037965492714238103,True
2017-11-12 14:00:00,9.156663365860874,-0.0037965492714238103,True
2018-01-18 03:00:00,9.1579740858443,-0.0037965492714238103,True
2011-11-07 03:00:00,9.157736433268145,-0.0037965492714238103,True
2007-11-17 08:00:00,9.174893589911544,-0.0037965492714238103,True
2013-12-26 13:00:00,9.174151402395498,-0.0037965492714238103,True
2012-02-05 01:00:00,9.15641258938375,-0.0037965492714238103,True
2015-01-28 18:00:00,9.187646656531395,-0.0037965492714238103,True
2016-11-13 23:00:00,9.184925609700043,-0.0037965492714238103,True
2013-02-02 05:00:00,9.189555555101531,-0.0037965492714238103,True
2013-11-25 06:00:00,9.159911712730455,-0.0037965492714238103,True
2007-11-16 21:00:00,9.18478713531968,-0.0037965492714238103,True
2006-11-27 21:00:00,9.187617248115568,-0.0037965492714238103,True
2017-11-12 09:00:00,9.187757771200165,-0.0037965492714238103,True
2013-12-18 03:00:00,9.185546306805811,-0.0037965492714238103,True
2012-11-10 04:00:00,9.186742294344509,-0.0037965492714238103,True
2018-06-05 00:00:00,0.6482840930281001,-0.0037859894099538938,True
2014-03-15 19:00:00,0.6482840930281,-0.0037859894099538938,True
2014-05-13 19:00:00,0.6482840930281,-0.0037859894099538938,True
2015-05-17 12:00:00,0.6482840930281,-0.0037859894099538938,True
2014-05-14 09:00:00,0.6482840930281,-0.0037859894099538938,True
2016-07-20 18:00:00,0.6482840930281001,-0.0037859894099538938,True
2014-07-06 22:00:00,0.6482840930281,-0.0037859894099538938,True
2014-07-13 18:00:00,0.6475792134150307,-0.0037859894099538938,True
2004-09-18 05:00:00,0.6479438617092355,-0.0037859894099538938,True
2014-03-21 09:00:00,0.6478813046777746,-0.0037859894099538938,True
2014-08-12 14:00:00,0.6482840930281,-0.0037859894099538938,True
2018-06-23 04:00:00,0.6479486037164462,-0.0037859894099538938,True
2014-06-06 11:00:00,0.6481391299896754,-0.0037859894099538938,True
2017-11-13 02:00:00,8.94998327960426,-0.003729605912278111,True
2006-11-28 17:00:00,8.95055547465064,-0.003729605912278111,True
2012-02-05 10:00:00,8.95046595885368,-0.003729605912278111,True
2013-01-30 16:00:00,8.950330144078636,-0.003729605912278111,True
2017-11-05 23:00:00,8.95125646912844,-0.003729605912278111,True
2016-01-08 04:00:00,8.949728337630365,-0.003729605912278111,True
2014-02-02 09:00:00,8.95088497321535,-0.003729605912278111,True
2016-02-03 05:00:00,8.69913117277933,-0.0037266767569811288,True
2017-01-27 21:00:00,8.699658507844275,-0.0037266767569811288,True
2010-11-12 13:00:00,8.700654125309931,-0.0037266767569811288,True
2015-10-29 17:00:00,8.699322555800501,-0.0037266767569811288,True
2013-12-22 10:00:00,8.699284203611093,-0.0037266767569811288,True
2017-02-06 07:00:00,8.700147862513424,-0.0037266767569811288,True
2016-11-07 01:00:00,8.699124185296506,-0.0037266767569811288,True
2012-10-27 06:00:00,8.700757292884573,-0.0037266767569811288,True
2016-01-28 21:00:00,8.698109520894286,-0.0037266767569811288,True
2014-01-29 18:00:00,8.6982530924953,-0.0037266767569811288,True
2016-11-06 10:00:00,8.698045503274539,-0.0037266767569811288,True
2011-01-29 02:00:00,8.699769688821972,-0.0037266767569811288,True
2010-01-28 20:00:00,8.699843096330403,-0.0037266767569811288,True
2007-01-23 13:00:00,8.699703737586361,-0.0037266767569811288,True
2011-01-31 09:00:00,8.699470984630855,-0.0037266767569811288,True
2007-11-19 03:00:00,8.698117416007477,-0.0037266767569811288,True
2011-11-03 13:00:00,8.960960609129444,-0.003695476895829497,True
2013-01-30 23:00:00,8.95896113411071,-0.003695476895829497,True
2013-12-20 16:00:00,8.960888098343368,-0.003695476895829497,True
2017-11-06 14:00:00,8.9608455718757,-0.003695476895829497,True
2016-11-10 23:00:00,8.962908093972707,-0.003695476895829497,True
2013-11-13 01:00:00,8.959014475908038,-0.003695476895829497,True
2013-02-02 03:00:00,8.962102892066197,-0.003695476895829497,True
2017-11-08 00:00:00,8.960007276319766,-0.003695476895829497,True
2013-11-12 17:00:00,8.962511229639324,-0.003695476895829497,True
2018-01-30 04:00:00,8.960979644712738,-0.003695476895829497,True
2011-10-28 07:00:00,8.959453466932192,-0.003695476895829497,True
2016-01-31 20:00:00,8.73229635727942,-0.003670980665276047,True
2013-02-05 06:00:00,8.730730912532398,-0.003670980665276047,True
2011-10-25 09:00:00,8.731537979122704,-0.003670980665276047,True
2014-11-08 13:00:00,8.731196218285495,-0.003670980665276047,True
2006-11-24 16:00:00,8.731821711021857,-0.003670980665276047,True
2013-12-21 05:00:00,8.730826076132535,-0.003670980665276047,True
2015-02-05 14:00:00,8.731723561507183,-0.003670980665276047,True
2007-11-13 14:00:00,8.730971740342154,-0.003670980665276047,True
2014-10-30 07:00:00,8.921765550866459,-0.0036035826520151026,True
2014-01-31 00:00:00,8.920345128819042,-0.0036035826520151026,True
2012-11-01 04:00:00,8.921049682351399,-0.0036035826520151026,True
2015-01-28 15:00:00,8.92327339710778,-0.0036035826520151026,True
2017-02-01 09:00:00,8.92104870391012,-0.0036035826520151026,True
2017-11-07 12:00:00,8.922865118683523,-0.0036035826520151026,True
2018-01-07 22:00:00,8.921504992920058,-0.0036035826520151026,True
2013-12-15 23:00:00,8.923261711716409,-0.0036035826520151026,True
2014-01-31 18:00:00,8.922710012918213,-0.0036035826520151026,True
2016-11-04 21:00:00,8.92172577318132,-0.0036035826520151026,True
2017-12-26 03:00:00,8.922770169724336,-0.0036035826520151026,True
2012-11-03 04:00:00,8.923440736259822,-0.0036035826520151026,True
2016-11-07 10:00:00,8.922771434372308,-0.0036035826520151026,True
2006-05-30 23:00:00,0.6282793883547129,-0.0035470433826040315,True
2014-09-22 18:00:00,0.6287488580373222,-0.0035470433826040315,True
2014-07-15 02:00:00,0.6283460696869968,-0.0035470433826040315,True
2018-05-13 22:00:00,0.6283460696869968,-0.0035470433826040315,True
2014-05-13 03:00:00,0.6283460696869968,-0.0035470433826040315,True
2014-09-17 09:00:00,0.6283460696869968,-0.0035470433826040315,True
2010-04-23 00:00:00,0.6282793883547129,-0.0035470433826040315,True
2017-09-24 01:00:00,0.6287301230781669,-0.0035470433826040315,True
2011-07-27 18:00:00,0.6283460696869968,-0.0035470433826040315,True
2006-10-10 17:00:00,0.6282793883547129,-0.0035470433826040315,True
2013-06-11 15:00:00,0.6289919280322751,-0.0035470433826040315,True
2013-07-24 05:00:00,0.6284467667745781,-0.0035470433826040315,True
2008-06-17 20:00:00,0.6282793883547129,-0.0035470433826040315,True
2014-07-04 12:00:00,0.6290509493000661,-0.0035470433826040315,True
2013-03-21 21:00:00,0.6287488580373222,-0.0035470433826040315,True
2007-03-31 16:00:00,0.6282793883547129,-0.0035470433826040315,True
2017-02-14 21:00:00,0.6550381482423594,-0.003546455465404885,True
2018-03-30 17:00:00,0.6552321920712117,-0.003546455465404885,True
2013-07-04 19:00:00,0.6552127727436209,-0.003546455465404885,True
2018-09-10 15:00:00,0.6555342833339557,-0.003546455465404885,True
2014-08-05 03:00:00,0.6555342833339558,-0.003546455465404885,True
2011-07-23 23:00:00,0.6555342833339557,-0.003546455465404885,True
2018-06-14 01:00:00,0.6555342833339557,-0.003546455465404885,True
2015-05-16 03:00:00,0.6555342833339557,-0.003546455465404885,True
2013-05-15 20:00:00,0.6555342833339557,-0.003546455465404885,True
2010-08-11 19:00:00,0.6553328891587931,-0.003546455465404885,True
2014-09-26 08:00:00,0.6553805173994477,-0.003546455465404885,True
2018-05-08 21:00:00,0.6555342833339557,-0.003546455465404885,True
2010-01-29 06:00:00,8.706028943697346,-0.0035252056671285503,True
2013-02-05 11:00:00,8.706098044897644,-0.0035252056671285503,True
2011-10-25 00:00:00,8.704537548347288,-0.0035252056671285503,True
2011-02-03 06:00:00,8.704341723570764,-0.0035252056671285503,True
2006-11-27 18:00:00,8.704546035056563,-0.0035252056671285503,True
2010-01-31 00:00:00,8.704370478178403,-0.0035252056671285503,True
2011-02-04 12:00:00,8.705986817844005,-0.0035252056671285503,True
2007-01-22 18:00:00,8.704708670506614,-0.0035252056671285503,True
2014-11-13 11:00:00,8.71267732149229,-0.003479276153789068,True
2016-10-20 02:00:00,8.714108268924639,-0.003479276153789068,True
2006-11-22 00:00:00,8.714665045475918,-0.003479276153789068,True
2012-10-30 00:00:00,8.7142628705095,-0.003479276153789068,True
2016-11-05 09:00:00,8.714245954512696,-0.003479276153789068,True
2015-10-30 00:00:00,8.714355577740005,-0.003479276153789068,True
2015-11-29 13:00:00,8.712486291974171,-0.003479276153789068,True
2011-02-04 22:00:00,8.714102064631543,-0.003479276153789068,True
2013-11-09 13:00:00,8.714554737623342,-0.003479276153789068,True
2012-02-06 08:00:00,8.713485427190028,-0.003479276153789068,True
2013-08-07 10:00:00,0.6247209745340689,-0.0034214922204178766,True
2013-07-03 07:00:00,0.6252513804748182,-0.0034214922204178766,True
2015-09-09 23:00:00,0.6247713241754759,-0.0034214922204178766,True
2014-05-24 11:00:00,0.6247209745340689,-0.0034214922204178766,True
2014-05-11 09:00:00,0.6247209745340689,-0.0034214922204178766,True
2016-08-07 00:00:00,0.6256608978416367,-0.0034214922204178766,True
2015-07-22 02:00:00,0.6247209745340689,-0.0034214922204178766,True
2011-02-17 17:00:00,0.6243857374594578,-0.0034214922204178766,True
2013-06-14 12:00:00,0.6246510809274745,-0.0034214922204178766,True
2008-09-20 01:00:00,0.6260936601389211,-0.0034214922204178766,True
2018-03-31 15:00:00,0.6259241593229392,-0.0034214922204178766,True
2016-08-11 12:00:00,0.6245224270572164,-0.0034214922204178766,True
2009-03-19 03:00:00,0.6247209745340689,-0.0034214922204178766,True
2018-07-08 10:00:00,0.6252244599719755,-0.0034214922204178766,True
2006-11-22 01:00:00,9.18048997519012,-0.0034125429403887297,True
2006-11-22 20:00:00,9.177344756381933,-0.0034125429403887297,True
2012-02-01 02:00:00,9.16567345457306,-0.0034125429403887297,True
2013-12-26 00:00:00,9.1805379850122,-0.0034125429403887297,True
2012-11-03 09:00:00,9.168234955622614,-0.0034125429403887297,True
2012-11-05 03:00:00,9.167145656453869,-0.0034125429403887297,True
2015-11-06 03:00:00,9.170520040815976,-0.0034125429403887297,True
2017-10-27 22:00:00,9.164245386893183,-0.0034125429403887297,True
2012-11-08 17:00:00,9.169070205798262,-0.0034125429403887297,True
2014-11-11 03:00:00,9.171771802671309,-0.0034125429403887297,True
2014-12-22 00:00:00,9.175299344417462,-0.0034125429403887297,True
2010-11-10 16:00:00,9.180933974264152,-0.0034125429403887297,True
2014-12-20 11:00:00,9.176558622685016,-0.0034125429403887297,True
2014-12-18 00:00:00,9.171175697654943,-0.0034125429403887297,True
2012-11-09 08:00:00,9.165595900874427,-0.0034125429403887297,True
2011-11-03 15:00:00,9.1677826234574,-0.0034125429403887297,True
2017-01-28 23:00:00,9.16760727145782,-0.0034125429403887297,True
2013-02-04 06:00:00,9.170217091463677,-0.0034125429403887297,True
2015-01-13 14:00:00,9.171710004317765,-0.0034125429403887297,True
2011-02-03 19:00:00,9.169152665107982,-0.0034125429403887297,True
2012-11-11 17:00:00,9.181374090124097,-0.0034125429403887297,True
2014-11-19 22:00:00,9.167279460751054,-0.0034125429403887297,True
2007-11-17 05:00:00,9.169962827622218,-0.0034125429403887297,True
2017-11-09 08:00:00,9.164294323596426,-0.0034125429403887297,True
2013-12-16 21:00:00,9.160813419235437,-0.0034125429403887297,True
2015-10-20 00:00:00,9.166299484587029,-0.0034125429403887297,True
2012-11-11 02:00:00,9.167295860475509,-0.0034125429403887297,True
2014-01-30 10:00:00,9.164387267797265,-0.0034125429403887297,True
2015-02-02 15:00:00,9.169423184528632,-0.0034125429403887297,True
2011-10-30 06:00:00,9.171103416904051,-0.0034125429403887297,True
2011-10-30 12:00:00,9.180926973802542,-0.0034125429403887297,True
2011-10-30 21:00:00,9.182467455730349,-0.0034125429403887297,True
2014-11-06 11:00:00,9.16328172248378,-0.0034125429403887297,True
2012-11-05 13:00:00,9.16484789340631,-0.0034125429403887297,True
2016-01-31 13:00:00,9.167665686207648,-0.0034125429403887297,True
2011-10-24 05:00:00,9.179635505170287,-0.0034125429403887297,True
2017-10-21 00:00:00,9.171263526735633,-0.0034125429403887297,True
2013-01-20 20:00:00,9.16495425204488,-0.0034125429403887297,True
2011-10-24 17:00:00,9.166816317789555,-0.0034125429403887297,True
2013-02-01 19:00:00,9.16159475210774,-0.0034125429403887297,True
2016-01-07 18:00:00,9.17976994143658,-0.0034125429403887297,True
2014-01-30 05:00:00,9.178697766270544,-0.0034125429403887297,True
2017-12-10 00:00:00,9.182622968452884,-0.0034125429403887297,True
2011-10-31 13:00:00,9.171012573398224,-0.0034125429403887297,True
2013-02-05 09:00:00,9.182658597967151,-0.0034125429403887297,True
2011-11-06 10:00:00,9.170279217623246,-0.0034125429403887297,True
2011-01-28 18:00:00,9.164790910281427,-0.0034125429403887297,True
2015-01-31 14:00:00,9.182490336538192,-0.0034125429403887297,True
2011-11-07 13:00:00,9.171728281211925,-0.0034125429403887297,True
2014-01-14 23:00:00,9.165974330342802,-0.0034125429403887297,True
2014-10-30 06:00:00,9.182613566703612,-0.0034125429403887297,True
2011-01-28 10:00:00,9.164184622006555,-0.0034125429403887297,True
2015-01-14 02:00:00,9.183297146863673,-0.0034125429403887297,True
2012-11-02 07:00:00,9.16401306950972,-0.0034125429403887297,True
2011-10-23 19:00:00,9.166199636284608,-0.0034125429403887297,True
2016-02-02 20:00:00,9.160962798541606,-0.0034125429403887297,True
2011-11-01 12:00:00,9.168143557126184,-0.0034125429403887297,True
2011-11-01 11:00:00,9.180256199057071,-0.0034125429403887297,True
2013-11-07 07:00:00,9.17768468169191,-0.0034125429403887297,True
2018-01-08 01:00:00,9.17656747563412,-0.0034125429403887297,True
2016-01-29 07:00:00,9.18215188278093,-0.0034125429403887297,True
2011-10-27 19:00:00,9.165526214902554,-0.0034125429403887297,True
2013-02-05 05:00:00,9.180423695223787,-0.0034125429403887297,True
2013-02-05 10:00:00,9.16258969382795,-0.0034125429403887297,True
2018-01-16 00:00:00,9.182455035164368,-0.0034125429403887297,True
2006-11-21 15:00:00,9.160672296402526,-0.0034125429403887297,True
2012-11-03 19:00:00,9.177695665455197,-0.0034125429403887297,True
2011-10-28 23:00:00,9.177107025876296,-0.0034125429403887297,True
2011-10-29 09:00:00,9.167297021717202,-0.0034125429403887297,True
2012-02-05 18:00:00,9.163780175538854,-0.0034125429403887297,True
2017-02-01 04:00:00,9.17550436530898,-0.0034125429403887297,True
2011-10-27 05:00:00,9.182600664352114,-0.0034125429403887297,True
2011-01-30 09:00:00,9.18159172476364,-0.0034125429403887297,True
2016-02-03 03:00:00,9.181329402010336,-0.0034125429403887297,True
2006-11-25 00:00:00,9.163566606754747,-0.0034125429403887297,True
2017-11-07 07:00:00,9.177969863895132,-0.0034125429403887297,True
2012-02-01 16:00:00,9.162231812747915,-0.0034125429403887297,True
2012-02-03 05:00:00,9.16415003156416,-0.0034125429403887297,True
2012-02-01 22:00:00,9.171169583678802,-0.0034125429403887297,True
2017-08-18 23:00:00,0.6506195836236657,-0.003401990221160167,True
2018-05-03 11:00:00,0.6470058343705295,-0.003401990221160167,True
2010-08-13 14:00:00,0.649190366816332,-0.003401990221160167,True
2017-08-03 14:00:00,0.6487875784660067,-0.003401990221160167,True
2018-03-26 08:00:00,0.6493043018842176,-0.003401990221160167,True
2016-09-20 21:00:00,0.650096640604564,-0.003401990221160167,True
2016-07-21 19:00:00,0.650096640604564,-0.003401990221160167,True
2013-01-25 10:00:00,0.6500651902062009,-0.003401990221160167,True
2006-09-16 12:00:00,0.6474221830413754,-0.003401990221160167,True
2014-10-03 15:00:00,0.6506195836236657,-0.003401990221160167,True
2015-07-31 14:00:00,0.650096640604564,-0.003401990221160167,True
2014-05-24 21:00:00,0.650096640604564,-0.003401990221160167,True
2014-05-13 18:00:00,0.6483847901156813,-0.003401990221160167,True
2012-03-22 01:00:00,0.6506195836236657,-0.003401990221160167,True
2014-05-24 01:00:00,0.650096640604564,-0.003401990221160167,True
2015-05-16 08:00:00,0.650096640604564,-0.003401990221160167,True
2014-05-13 14:00:00,0.650096640604564,-0.003401990221160167,True
2017-05-08 09:00:00,0.6468340549669288,-0.003401990221160167,True
2006-08-03 21:00:00,0.6506195836236657,-0.003401990221160167,True
2018-07-04 04:00:00,0.6489716271931686,-0.003401990221160167,True
2018-07-05 02:00:00,0.6486200897174759,-0.003401990221160167,True
2018-07-13 17:00:00,0.6468743338019614,-0.003401990221160167,True
2014-05-18 06:00:00,0.6506001260424705,-0.003401990221160167,True
2015-05-15 08:00:00,0.650096640604564,-0.003401990221160167,True
2012-08-01 00:00:00,0.6499959435169826,-0.003401990221160167,True
2014-09-27 13:00:00,0.6472054442108187,-0.003401990221160167,True
2009-08-03 17:00:00,0.6506195836236657,-0.003401990221160167,True
2009-08-01 00:00:00,0.6506195836236657,-0.003401990221160167,True
2014-08-06 01:00:00,0.650096640604564,-0.003401990221160167,True
2014-08-03 20:00:00,0.6496938522542386,-0.003401990221160167,True
2018-09-09 01:00:00,0.6492766866257976,-0.003401990221160167,True
2018-08-31 06:00:00,0.650096640604564,-0.003401990221160167,True
2016-02-03 08:00:00,9.109437476542253,-0.003309684209666819,True
2016-02-02 17:00:00,9.110286209038463,-0.003309684209666819,True
2017-12-21 02:00:00,9.117917284156878,-0.003309684209666819,True
2011-01-28 08:00:00,9.11772359790914,-0.003309684209666819,True
2006-11-21 10:00:00,9.117657959062326,-0.003309684209666819,True
2015-11-15 16:00:00,9.11378056614551,-0.003309684209666819,True
2012-02-03 06:00:00,9.111026848248514,-0.003309684209666819,True
2016-10-31 20:00:00,9.118701238121623,-0.003309684209666819,True
2016-01-09 00:00:00,9.11320727180874,-0.003309684209666819,True
2016-11-21 05:00:00,9.11575097543587,-0.003309684209666819,True
2011-11-02 17:00:00,9.111811244829925,-0.003309684209666819,True
2016-01-30 11:00:00,9.112352064883178,-0.003309684209666819,True
2011-02-02 21:00:00,9.108134917581628,-0.003309684209666819,True
2011-02-01 20:00:00,9.119326840172192,-0.003309684209666819,True
2013-02-03 01:00:00,9.115974731210144,-0.003309684209666819,True
2011-10-24 22:00:00,9.114163198981643,-0.003309684209666819,True
2011-10-28 03:00:00,9.109657201042737,-0.003309684209666819,True
2015-02-02 23:00:00,9.114476111545102,-0.003309684209666819,True
2012-11-09 13:00:00,9.109487482600349,-0.003309684209666819,True
2013-11-25 14:00:00,9.117270282713047,-0.003309684209666819,True
2015-11-14 00:00:00,9.108117909785037,-0.003309684209666819,True
2013-12-13 19:00:00,9.106735780548638,-0.003309684209666819,True
2011-10-25 21:00:00,9.113974390101808,-0.003309684209666819,True
2013-02-04 01:00:00,9.115452072296732,-0.003309684209666819,True
2016-01-31 08:00:00,9.106971031406538,-0.003309684209666819,True
2016-01-23 19:00:00,9.111831300036386,-0.003309684209666819,True
2016-01-23 22:00:00,9.11269442501691,-0.003309684209666819,True
2014-11-23 02:00:00,9.118419963535311,-0.003309684209666819,True
2015-11-29 05:00:00,9.11742374669772,-0.003309684209666819,True
2015-11-29 01:00:00,9.112942293488684,-0.003309684209666819,True
2017-11-02 02:00:00,9.112074160346843,-0.003309684209666819,True
2013-12-14 05:00:00,9.114542150884654,-0.003309684209666819,True
2013-01-20 12:00:00,9.109652067397452,-0.003309684209666819,True
2013-12-26 10:00:00,9.11443625914506,-0.003309684209666819,True
2013-12-22 23:00:00,9.106958860313815,-0.003309684209666819,True
2012-11-03 07:00:00,9.116286971757969,-0.003309684209666819,True
2012-11-08 05:00:00,9.108195753761995,-0.003309684209666819,True
2012-11-08 20:00:00,9.113730307654672,-0.003309684209666819,True
2006-11-22 15:00:00,9.111945905270426,-0.003309684209666819,True
2012-11-01 14:00:00,9.112416474729304,-0.003309684209666819,True
2014-12-19 08:00:00,9.11785074585272,-0.003309684209666819,True
2014-10-27 13:00:00,8.690644186212506,-0.0032172117261074495,True
2012-11-01 06:00:00,8.691701837003533,-0.0032172117261074495,True
2014-01-29 01:00:00,8.692409047504917,-0.0032172117261074495,True
2010-11-06 09:00:00,8.6910167300776,-0.0032172117261074495,True
2011-02-08 22:00:00,8.691198516144919,-0.0032172117261074495,True
2017-02-07 15:00:00,8.69172956895384,-0.0032172117261074495,True
2016-01-08 10:00:00,8.918404957599144,-0.0031401264376774707,True
2016-02-01 20:00:00,8.9193168888027,-0.0031401264376774707,True
2016-02-01 01:00:00,8.916323431964653,-0.0031401264376774707,True
2012-02-05 11:00:00,8.917452737316934,-0.0031401264376774707,True
2011-10-23 20:00:00,8.917895837487897,-0.0031401264376774707,True
2017-11-08 05:00:00,8.915622185284876,-0.0031401264376774707,True
2016-11-05 04:00:00,8.914009251162982,-0.0031401264376774707,True
2013-12-18 10:00:00,8.919843130173962,-0.0031401264376774707,True
2012-01-28 02:00:00,8.914766543113872,-0.0031401264376774707,True
2015-01-12 14:00:00,8.915505787589181,-0.0031401264376774707,True
2016-11-02 12:00:00,8.91797152319478,-0.0031401264376774707,True
2007-01-26 08:00:00,8.914221202870694,-0.0031401264376774707,True
2014-01-30 09:00:00,8.917340767922985,-0.0031401264376774707,True
2014-01-28 16:00:00,8.915969218711727,-0.0031401264376774707,True
2014-11-12 20:00:00,8.91478072770733,-0.0031401264376774707,True
2011-11-05 02:00:00,8.916481669851482,-0.0031401264376774707,True
2010-11-12 00:00:00,8.9147037994721,-0.0031401264376774707,True
2014-01-28 21:00:00,8.917513248141239,-0.0031401264376774707,True
2016-11-06 07:00:00,8.917869744646204,-0.0031401264376774707,True
2016-11-06 17:00:00,8.91684915511382,-0.0031401264376774707,True
2016-11-06 20:00:00,8.912777217936323,-0.0031401264376774707,True
2016-02-01 03:00:00,8.919564095581286,-0.0031401264376774707,True
2011-10-25 06:00:00,8.913298304823794,-0.0031401264376774707,True
2011-01-30 12:00:00,8.917131672819348,-0.0031401264376774707,True
2011-02-02 04:00:00,8.935640768309336,-0.0030832108336424913,True
2011-11-01 04:00:00,8.935556015508554,-0.0030832108336424913,True
2012-02-02 00:00:00,8.935652737090054,-0.0030832108336424913,True
2017-11-09 21:00:00,8.93570077974827,-0.0030832108336424913,True
2015-02-03 23:00:00,8.936385891811431,-0.0030832108336424913,True
2013-05-12 13:00:00,0.6265335221105328,-0.0030377395620254655,True
2014-06-08 22:00:00,0.6265335221105328,-0.0030377395620254655,True
2013-08-08 08:00:00,0.6263937348973437,-0.0030377395620254655,True
2018-07-28 08:00:00,0.6265335221105328,-0.0030377395620254655,True
2012-07-26 01:00:00,0.6265335221105328,-0.0030377395620254655,True
2018-09-03 21:00:00,0.6265335221105328,-0.0030377395620254655,True
2011-08-06 14:00:00,0.6262434071424271,-0.0030377395620254655,True
2013-05-09 10:00:00,0.6266342191981141,-0.0030377395620254655,True
2014-03-15 16:00:00,0.6265335221105329,-0.0030377395620254655,True
2011-07-19 14:00:00,0.6265335221105328,-0.0030377395620254655,True
2017-07-29 22:00:00,0.6265335221105328,-0.0030377395620254655,True
2013-07-03 02:00:00,0.6264636285039383,-0.0030377395620254655,True
2017-11-07 19:00:00,9.183614511574024,-0.003028796334908934,True
2011-10-27 15:00:00,9.183692878461349,-0.003028796334908934,True
2018-03-14 20:00:00,0.646471545451636,-0.003018250753090923,True
2015-05-08 23:00:00,0.6465722425392174,-0.003018250753090923,True
2015-05-11 20:00:00,0.646471545451636,-0.003018250753090923,True
2009-04-28 20:00:00,0.646471545451636,-0.003018250753090923,True
2014-05-31 00:00:00,0.646471545451636,-0.003018250753090923,True
2013-05-08 17:00:00,0.6466729396267987,-0.003018250753090923,True
2014-09-30 05:00:00,0.6464715454516361,-0.003018250753090923,True
2014-04-26 18:00:00,0.6460687571013108,-0.002938698621470226,True
2018-06-15 04:00:00,0.6446310404325343,-0.002938698621470226,True
2013-06-29 12:00:00,0.6462701512764734,-0.002938698621470226,True
2013-06-21 11:00:00,0.6437527240869402,-0.002938698621470226,True
2014-07-14 10:00:00,0.6446589978751721,-0.002938698621470226,True
2014-03-26 07:00:00,0.6446589978751721,-0.002938698621470226,True
2014-03-15 23:00:00,0.6447596949627535,-0.002938698621470226,True
2010-05-03 13:00:00,0.6462701512764734,-0.002938698621470226,True
2013-07-05 13:00:00,0.6461814304835304,-0.002938698621470226,True
2013-04-24 07:00:00,0.6435513299117775,-0.002938698621470226,True
2016-09-22 15:00:00,0.6446589978751721,-0.002938698621470226,True
2013-06-12 00:00:00,0.6442955511208805,-0.002938698621470226,True
2013-07-11 13:00:00,0.6446589978751721,-0.002938698621470226,True
2016-07-19 15:00:00,0.6446589978751721,-0.002938698621470226,True
2014-07-27 07:00:00,0.6440496350875785,-0.002938698621470226,True
2013-06-15 00:00:00,0.6436520269993588,-0.002938698621470226,True
2018-06-04 12:00:00,0.6444548246777001,-0.002938698621470226,True
2017-07-20 23:00:00,0.6446589978751721,-0.002938698621470226,True
2014-05-19 07:00:00,0.6443569066124282,-0.002938698621470226,True
2018-05-24 14:00:00,0.6457666658385668,-0.002938698621470226,True
2018-07-13 07:00:00,0.6443569066124282,-0.002938698621470226,True
2014-05-19 08:00:00,0.6446589978751721,-0.002938698621470226,True
2006-06-30 22:00:00,0.6435309875025514,-0.002938698621470226,True
2013-07-10 13:00:00,0.6446589978751721,-0.002938698621470226,True
2011-07-23 19:00:00,0.6443569066124282,-0.002938698621470226,True
2007-11-15 18:00:00,0.6460227333062121,-0.002938698621470226,True
2015-09-20 12:00:00,0.6457666658385668,-0.002938698621470226,True
2013-08-03 05:00:00,0.6446589978751721,-0.002938698621470226,True
2011-07-21 19:00:00,0.6443569066124282,-0.002938698621470226,True
2018-05-29 20:00:00,0.6453638774882414,-0.002938698621470226,True
2013-05-08 09:00:00,0.6440548153496842,-0.002938698621470226,True
2016-09-16 09:00:00,0.6439541182621028,-0.002938698621470226,True
2014-09-14 09:00:00,0.6303600114386233,-0.0028591576517286166,True
2014-05-21 19:00:00,0.6319711648399245,-0.0028591576517286166,True
2012-07-23 13:00:00,0.6309641939641113,-0.0028591576517286166,True
2014-05-12 17:00:00,0.6302593143510421,-0.0028591576517286166,True
2014-09-15 09:00:00,0.6317697706647621,-0.0028591576517286166,True
2018-07-25 11:00:00,0.6301166810995039,-0.0028591576517286166,True
2014-06-01 08:00:00,0.6309641939641114,-0.0028591576517286166,True
2017-05-20 23:00:00,0.6301586172634607,-0.0028591576517286166,True
2011-08-06 07:00:00,0.6319711648399245,-0.0028591576517286166,True
2012-07-30 16:00:00,0.6319711648399245,-0.0028591576517286166,True
2016-05-24 06:00:00,0.6301586172634607,-0.0028591576517286166,True
2017-07-20 00:00:00,0.6309641939641113,-0.0028591576517286166,True
2012-07-30 00:00:00,0.6319711648399245,-0.0028591576517286166,True
2011-07-24 21:00:00,0.6301586172634607,-0.0028591576517286166,True
2011-07-22 11:00:00,0.6319711648399245,-0.0028591576517286166,True
2016-04-30 02:00:00,0.6302593143510421,-0.0028591576517286166,True
2013-08-02 19:00:00,0.6319711648399245,-0.0028591576517286166,True
2012-04-29 11:00:00,0.6307627997889488,-0.0028591576517286166,True
2009-03-17 16:00:00,0.6312422066942721,-0.0028591576517286166,True
2009-08-08 07:00:00,0.6304607085262047,-0.0028591576517286166,True
2017-07-29 21:00:00,0.6301586172634607,-0.0028591576517286166,True
2011-07-20 16:00:00,0.6301586172634607,-0.0028591576517286166,True
2011-07-29 18:00:00,0.6301586172634607,-0.0028591576517286166,True
2009-03-20 16:00:00,0.6309641939641113,-0.0028591576517286166,True
2014-08-01 03:00:00,0.6319711648399247,-0.0028591576517286166,True
2012-10-29 07:00:00,8.947815387013769,-0.002836521781531709,True
2011-10-24 12:00:00,8.94804881615851,-0.002836521781531709,True
2014-02-01 03:00:00,8.695510643950424,-0.0028335972343558335,True
2011-01-30 05:00:00,8.696295418013248,-0.0028335972343558335,True
2010-11-05 23:00:00,8.697673696486419,-0.0028335972343558335,True
2014-01-20 13:00:00,8.695133444741138,-0.0028335972343558335,True
2011-01-28 21:00:00,8.696680606468183,-0.0028335972343558335,True
2011-10-25 04:00:00,8.694990398985674,-0.0028335972343558335,True
2013-12-20 11:00:00,8.732848552467862,-0.002823861513169934,True
2011-02-06 04:00:00,8.732822932328531,-0.002823861513169934,True
2016-02-01 06:00:00,9.015568975485523,-0.002791434868401388,True
2013-12-28 09:00:00,9.016309986055674,-0.002791434868401388,True
2015-02-03 16:00:00,9.017203520737096,-0.002791434868401388,True
2013-02-03 09:00:00,9.018423733042882,-0.002791434868401388,True
2017-10-24 00:00:00,9.016181099330312,-0.002791434868401388,True
2016-01-31 03:00:00,9.015738296828236,-0.002791434868401388,True
2013-11-17 09:00:00,9.015342759860966,-0.002791434868401388,True
2012-11-12 14:00:00,9.018437408741669,-0.002791434868401388,True
2017-01-31 04:00:00,9.01745781004754,-0.002791434868401388,True
2011-01-28 05:00:00,9.018923588290193,-0.002791434868401388,True
2017-12-28 11:00:00,9.018889504608646,-0.002791434868401388,True
2013-12-17 14:00:00,9.018112526017296,-0.002791434868401388,True
2010-11-05 08:00:00,9.014747611335617,-0.002791434868401388,True
2014-01-22 00:00:00,9.017178189169634,-0.002791434868401388,True
2005-07-24 20:00:00,0.6270383475228755,-0.002654246457614917,True
2013-06-25 21:00:00,0.6270370075484395,-0.002654246457614917,True
2010-08-09 18:00:00,0.6268356133732769,-0.002654246457614917,True
2004-02-28 15:00:00,0.6267826217798058,-0.002654246457614917,True
2014-07-04 11:00:00,0.6271229493190731,-0.002654246457614917,True
2014-06-06 16:00:00,0.6271229493190731,-0.002654246457614917,True
2018-05-09 11:00:00,0.6270844365106958,-0.002654246457614917,True
2013-07-02 04:00:00,0.6409640091156498,-0.0024757853325292345,True
2018-05-27 01:00:00,0.6410339027222443,-0.0024757853325292345,True
2011-08-10 17:00:00,0.6322732561026686,-0.0024757853325292345,True
2013-09-16 09:00:00,0.6410339027222443,-0.0024757853325292345,True
2009-09-17 00:00:00,0.6404297201967563,-0.0024757853325292345,True
2017-09-23 01:00:00,0.6410339027222444,-0.0024757853325292345,True
2018-06-15 07:00:00,0.6404418853826512,-0.0024757853325292345,True
2010-08-13 08:00:00,0.63237395319025,-0.0024757853325292345,True
2010-08-13 10:00:00,0.6410339027222443,-0.0024757853325292345,True
2014-05-17 18:00:00,0.6410339027222443,-0.0024757853325292345,True
2018-07-10 20:00:00,0.6408661580664174,-0.0024757853325292345,True
2014-03-22 17:00:00,0.6410339027222444,-0.0024757853325292345,True
2014-09-13 09:00:00,0.6410339027222443,-0.0024757853325292345,True
2016-09-20 09:00:00,0.6410339027222443,-0.0024757853325292345,True
2014-09-13 10:00:00,0.640227927464797,-0.0024757853325292345,True
2013-05-29 00:00:00,0.6410339027222443,-0.0024757853325292345,True
2013-05-14 07:00:00,0.6410339027222443,-0.0024757853325292345,True
2014-11-23 03:00:00,8.685206812632707,-0.002450242203136055,True
2015-10-29 08:00:00,8.685691310704035,-0.002450242203136055,True
2011-02-04 10:00:00,8.687782172646468,-0.002450242203136055,True
2011-02-02 20:00:00,8.685308387811165,-0.002450242203136055,True
2007-11-13 04:00:00,8.685699299448903,-0.002450242203136055,True
2017-10-24 02:00:00,8.686651215897571,-0.002450242203136055,True
2015-02-04 19:00:00,8.689798398035768,-0.002450242203136055,True
2013-01-20 15:00:00,8.687810209116588,-0.002450242203136055,True
2014-11-08 20:00:00,8.68896245806115,-0.002450242203136055,True
2014-11-07 09:00:00,8.689184308386617,-0.002450242203136055,True
2014-01-29 23:00:00,8.685329578587456,-0.002450242203136055,True
2017-02-18 10:00:00,8.69320352337575,-0.002450242203136055,True
2010-11-07 17:00:00,8.69354979584209,-0.002450242203136055,True
2017-02-07 05:00:00,8.686555266366014,-0.002450242203136055,True
2012-10-30 13:00:00,8.685661690957438,-0.002450242203136055,True
2011-02-03 11:00:00,8.686873265281617,-0.002450242203136055,True
2015-01-09 03:00:00,8.685988054435285,-0.002450242203136055,True
2006-11-24 20:00:00,8.689079764255009,-0.002450242203136055,True
2012-02-14 16:00:00,8.686553492564759,-0.002450242203136055,True
2015-10-27 11:00:00,8.687541708035662,-0.002450242203136055,True
2012-10-28 17:00:00,8.688333455944251,-0.002450242203136055,True
2013-11-23 03:00:00,9.106503967136536,-0.002417260696029766,True
2011-02-02 06:00:00,9.105925437956593,-0.002417260696029766,True
2015-10-30 02:00:00,8.856718653639934,-0.0023823288511083396,True
2015-02-05 18:00:00,8.857236023563964,-0.0023823288511083396,True
2013-12-22 00:00:00,8.855650955749736,-0.0023823288511083396,True
2014-01-31 11:00:00,8.859116778739024,-0.0023823288511083396,True
2012-11-01 12:00:00,8.856882072199896,-0.0023823288511083396,True
2014-11-06 18:00:00,8.856898002807188,-0.0023823288511083396,True
2011-10-24 08:00:00,8.858348478926361,-0.0023823288511083396,True
2012-10-28 09:00:00,8.858944019020283,-0.0023823288511083396,True
2013-02-04 08:00:00,8.8600193110394,-0.0023823288511083396,True
2012-10-30 15:00:00,8.855905560582382,-0.0023823288511083396,True
2011-01-30 17:00:00,8.855786469793037,-0.0023823288511083396,True
2014-10-27 14:00:00,8.855479400958307,-0.0023823288511083396,True
2016-01-29 18:00:00,8.855484598519283,-0.0023823288511083396,True
2017-10-19 00:00:00,8.85898349883853,-0.0023823288511083396,True
2011-10-29 05:00:00,8.856239145566938,-0.0023823288511083396,True
2010-11-05 20:00:00,8.855667159260587,-0.0023823288511083396,True
2011-10-30 23:00:00,8.855212406801535,-0.0023823288511083396,True
2015-02-03 21:00:00,8.854295975323117,-0.0023823288511083396,True
2012-10-29 12:00:00,8.855415023718567,-0.0023823288511083396,True
2014-11-27 17:00:00,8.858758537038698,-0.0023823288511083396,True
2013-12-26 08:00:00,8.856604968700859,-0.0023823288511083396,True
2013-11-09 11:00:00,8.858447928891701,-0.0023823288511083396,True
2017-11-08 15:00:00,8.856410937939367,-0.0023823288511083396,True
2012-12-03 18:00:00,8.854359692468849,-0.0023823288511083396,True
2011-02-03 16:00:00,8.855397532143833,-0.0023823288511083396,True
2018-01-16 01:00:00,8.855440447257381,-0.0023823288511083396,True
2012-11-12 12:00:00,8.85859274144623,-0.0023823288511083396,True
2014-02-01 23:00:00,8.856105776168398,-0.0023823288511083396,True
2012-02-04 04:00:00,8.93861472757331,-0.0023732611538658244,True
2012-02-06 09:00:00,8.936982348932347,-0.0023732611538658244,True
2012-02-02 12:00:00,8.939479901680295,-0.0023732611538658244,True
2011-10-28 16:00:00,8.943747119100728,-0.0023732611538658244,True
2006-11-28 07:00:00,8.943676072369676,-0.0023732611538658244,True
2016-01-07 05:00:00,8.936795036651983,-0.0023732611538658244,True
2012-11-11 12:00:00,8.936572406050526,-0.0023732611538658244,True
2012-11-17 10:00:00,8.938468597571292,-0.0023732611538658244,True
2010-11-04 22:00:00,8.940935852790863,-0.0023732611538658244,True
2012-12-03 13:00:00,8.896226912777447,-0.0023732611538658244,True
2007-01-28 01:00:00,8.942596277534513,-0.0023732611538658244,True
2017-11-06 04:00:00,8.943532281282385,-0.0023732611538658244,True
2015-01-10 21:00:00,8.941391142618851,-0.0023732611538658244,True
2013-12-15 08:00:00,8.943037037077511,-0.0023732611538658244,True
2015-01-09 08:00:00,8.940658259164486,-0.0023732611538658244,True
2015-11-02 01:00:00,8.938509463771569,-0.0023732611538658244,True
2011-01-29 14:00:00,8.943249986239675,-0.0023732611538658244,True
2014-01-29 06:00:00,8.941171863778278,-0.0023732611538658244,True
2012-11-02 09:00:00,8.941663998589599,-0.0023732611538658244,True
2014-10-25 02:00:00,8.939628945632284,-0.0023732611538658244,True
2016-01-23 15:00:00,8.939028007772926,-0.0023732611538658244,True
2014-01-14 13:00:00,8.941901838061288,-0.0023732611538658244,True
2015-10-31 04:00:00,8.938708116590652,-0.0023732611538658244,True
2011-01-31 20:00:00,8.939937533389108,-0.0023732611538658244,True
2015-01-14 23:00:00,9.100592098705972,-0.0023377928887151622,True
2013-11-24 21:00:00,9.10053669893174,-0.0023377928887151622,True
2011-10-24 00:00:00,9.077588525446671,-0.0022620815980642917,True
2012-02-04 19:00:00,9.074853317502267,-0.0022620815980642917,True
2017-11-04 10:00:00,9.075927129195987,-0.0022620815980642917,True
2015-01-12 03:00:00,9.076151145055752,-0.0022620815980642917,True
2012-02-05 23:00:00,9.076865114963374,-0.0022620815980642917,True
2015-01-19 08:00:00,9.073894825500956,-0.0022620815980642917,True
2012-11-01 09:00:00,9.07666270263118,-0.0022620815980642917,True
2010-11-11 07:00:00,9.077440541741575,-0.0022620815980642917,True
2015-10-31 06:00:00,9.076656857329462,-0.0022620815980642917,True
2011-10-29 20:00:00,9.07707422723034,-0.0022620815980642917,True
2013-02-02 07:00:00,9.073359998331936,-0.0022620815980642917,True
2017-02-01 01:00:00,9.075254065272134,-0.0022620815980642917,True
2016-11-11 12:00:00,9.07580261996966,-0.0022620815980642917,True
2014-11-08 06:00:00,9.074810276364634,-0.0022620815980642917,True
2015-01-27 00:00:00,9.066769297995451,-0.0021368147115926606,True
2012-01-28 01:00:00,9.066810991949104,-0.0021368147115926606,True
2016-11-10 03:00:00,9.067065234673557,-0.0021368147115926606,True
2017-02-01 16:00:00,9.067106858008328,-0.0021368147115926606,True
2017-01-31 10:00:00,9.067376938629478,-0.0021368147115926606,True
2016-01-30 00:00:00,9.065560507171073,-0.0021368147115926606,True
2009-08-07 23:00:00,0.6386171726202924,-0.00209267231006649,True
2009-03-18 23:00:00,0.6411345998098256,-0.00209267231006649,True
2015-07-20 07:00:00,0.6428464502987082,-0.00209267231006649,True
2015-05-17 11:00:00,0.6374088075693164,-0.00209267231006649,True
2015-05-17 08:00:00,0.6377108988320603,-0.00209267231006649,True
2012-07-23 21:00:00,0.6337837124163886,-0.00209267231006649,True
2014-08-15 02:00:00,0.6426450561235455,-0.00209267231006649,True
2014-07-12 05:00:00,0.6367039279562471,-0.00209267231006649,True
2014-06-01 13:00:00,0.6424436619483829,-0.00209267231006649,True
2014-07-07 18:00:00,0.6378928736796322,-0.00209267231006649,True
2015-08-06 08:00:00,0.6339851065915512,-0.00209267231006649,True
2009-05-12 23:00:00,0.6433499357366148,-0.00209267231006649,True
2009-05-02 20:00:00,0.6340858036791326,-0.00209267231006649,True
2018-03-16 08:00:00,0.6337837124163885,-0.00209267231006649,True
2012-07-29 03:00:00,0.6392213551457804,-0.00209267231006649,True
2018-03-21 04:00:00,0.6422422677732201,-0.00209267231006649,True
2018-03-19 17:00:00,0.6337837124163885,-0.00209267231006649,True
2016-09-25 02:00:00,0.6345892891170393,-0.00209267231006649,True
2013-07-15 19:00:00,0.6392213551457804,-0.00209267231006649,True
2013-08-11 09:00:00,0.6359011972939456,-0.00209267231006649,True
2018-05-03 06:00:00,0.641721436887313,-0.00209267231006649,True
2018-03-28 05:00:00,0.6392213551457804,-0.00209267231006649,True
2018-06-15 12:00:00,0.6385433960355537,-0.00209267231006649,True
2013-07-06 01:00:00,0.6428464502987082,-0.00209267231006649,True
2013-07-13 05:00:00,0.6399262347588496,-0.00209267231006649,True
2018-03-25 20:00:00,0.6423429648608016,-0.00209267231006649,True
2011-07-18 16:00:00,0.6423256194128011,-0.00209267231006649,True
2015-09-18 20:00:00,0.6335823182412259,-0.00209267231006649,True
2013-07-04 20:00:00,0.6373528926840408,-0.00209267231006649,True
2011-07-22 00:00:00,0.6386171726202924,-0.00209267231006649,True
2015-07-22 18:00:00,0.6374088075693164,-0.00209267231006649,True
2016-05-09 05:00:00,0.6392213551457804,-0.00209267231006649,True
2011-08-07 10:00:00,0.6392073764244615,-0.00209267231006649,True
2011-07-29 01:00:00,0.6362004425183404,-0.00209267231006649,True
2016-03-26 07:00:00,0.6367039279562471,-0.00209267231006649,True
2015-07-29 17:00:00,0.6374088075693164,-0.00209267231006649,True
2016-05-16 12:00:00,0.6428464502987082,-0.00209267231006649,True
2014-07-06 18:00:00,0.6428464502987082,-0.00209267231006649,True
2013-07-28 11:00:00,0.6337837124163886,-0.00209267231006649,True
2014-07-21 18:00:00,0.6347169067074632,-0.00209267231006649,True
2018-07-09 00:00:00,0.6341865007667139,-0.00209267231006649,True
2005-03-08 14:00:00,0.6332145345732946,-0.00209267231006649,True
2018-08-10 14:00:00,0.6374088075693164,-0.00209267231006649,True
2018-09-04 11:00:00,0.6328774386281566,-0.00209267231006649,True
2018-08-07 09:00:00,0.6390815679325913,-0.00209267231006649,True
2014-05-14 07:00:00,0.6432492386490335,-0.00209267231006649,True
2016-07-26 10:00:00,0.6337837124163885,-0.00209267231006649,True
2018-07-09 02:00:00,0.6347906832922018,-0.00209267231006649,True
2013-07-01 23:00:00,0.6427905354134326,-0.00209267231006649,True
2013-07-23 20:00:00,0.6374088075693164,-0.00209267231006649,True
2018-04-21 19:00:00,0.6329558703497979,-0.00209267231006649,True
2013-07-26 13:00:00,0.6428464502987082,-0.00209267231006649,True
2017-09-24 15:00:00,0.6337837124163885,-0.00209267231006649,True
2017-07-30 03:00:00,0.6374088075693164,-0.00209267231006649,True
2010-08-10 20:00:00,0.639422749320943,-0.00209267231006649,True
2013-01-03 01:00:00,0.6329002960102639,-0.00209267231006649,True
2017-07-25 20:00:00,0.6429668181843063,-0.00209267231006649,True
2010-08-14 02:00:00,0.6392213551457803,-0.00209267231006649,True
2017-07-31 14:00:00,0.6392213551457804,-0.00209267231006649,True
2017-05-31 07:00:00,0.6392213551457804,-0.00209267231006649,True
2018-05-08 01:00:00,0.6392213551457804,-0.00209267231006649,True
2017-05-22 04:00:00,0.6392213551457804,-0.00209267231006649,True
2013-06-14 02:00:00,0.6374955259355789,-0.00209267231006649,True
2018-09-12 14:00:00,0.6364006793642348,-0.00209267231006649,True
2016-09-25 11:00:00,0.6337837124163885,-0.00209267231006649,True
2014-05-25 07:00:00,0.6416380852477322,-0.00209267231006649,True
2012-04-29 16:00:00,0.6359291547365832,-0.00209267231006649,True
2012-07-24 06:00:00,0.6392213551457804,-0.00209267231006649,True
2012-07-26 00:00:00,0.6411345998098256,-0.00209267231006649,True
2016-05-13 18:00:00,0.6392213551457803,-0.00209267231006649,True
2013-03-16 08:00:00,0.6340858036791326,-0.00209267231006649,True
2014-08-03 13:00:00,0.6337837124163885,-0.00209267231006649,True
2018-08-29 23:00:00,0.6392213551457804,-0.00209267231006649,True
2009-05-02 04:00:00,0.6429471473862896,-0.00209267231006649,True
2016-08-09 03:00:00,0.6337837124163885,-0.00209267231006649,True
2016-09-24 08:00:00,0.6337837124163885,-0.00209267231006649,True
2016-08-05 13:00:00,0.6367039279562471,-0.00209267231006649,True
2013-12-23 08:00:00,8.681564953480988,-0.002067146456959934,True
2013-02-05 01:00:00,8.684931295272634,-0.002067146456959934,True
2014-02-03 17:00:00,8.680464481473134,-0.002067146456959934,True
2011-10-23 10:00:00,8.681364671129534,-0.002067146456959934,True
2011-10-23 04:00:00,8.677705818341524,-0.002067146456959934,True
2011-10-26 08:00:00,8.684749420488371,-0.002067146456959934,True
2016-01-31 05:00:00,8.681139960317656,-0.002067146456959934,True
2013-11-13 06:00:00,8.682089514571024,-0.002067146456959934,True
2016-02-03 16:00:00,8.680557302366532,-0.002067146456959934,True
2016-02-03 10:00:00,8.683423447007407,-0.002067146456959934,True
2010-01-30 12:00:00,8.68028651681254,-0.002067146456959934,True
2013-12-18 15:00:00,8.68011847852969,-0.002067146456959934,True
2017-12-21 05:00:00,8.680833471476351,-0.002067146456959934,True
2011-02-05 08:00:00,8.678830840948137,-0.002067146456959934,True
2011-10-22 18:00:00,8.679385320725933,-0.002067146456959934,True
2006-11-25 23:00:00,8.68157498841193,-0.002067146456959934,True
2013-12-22 20:00:00,8.677516770652456,-0.002067146456959934,True
2017-12-18 21:00:00,8.681519625917057,-0.002067146456959934,True
2014-01-31 17:00:00,8.683327950175782,-0.002067146456959934,True
2011-02-08 02:00:00,8.68357796457217,-0.002067146456959934,True
2006-11-23 07:00:00,8.68358809624449,-0.002067146456959934,True
2007-01-25 05:00:00,8.683348288986869,-0.002067146456959934,True
2007-01-25 20:00:00,8.682428655882736,-0.002067146456959934,True
2007-01-25 02:00:00,8.679145483200537,-0.002067146456959934,True
2007-01-24 16:00:00,8.682513210036431,-0.002067146456959934,True
2016-11-06 05:00:00,8.679607482592825,-0.002067146456959934,True
2013-02-03 07:00:00,8.680242326836263,-0.002067146456959934,True
2010-11-03 21:00:00,8.681437043067211,-0.002067146456959934,True
2017-02-02 07:00:00,8.68052158587092,-0.002067146456959934,True
2012-11-17 16:00:00,8.678797882887151,-0.002067146456959934,True
2016-02-02 09:00:00,8.68254941117404,-0.002067146456959934,True
2011-01-28 11:00:00,8.683363283759912,-0.002067146456959934,True
2017-11-09 11:00:00,8.681083935885725,-0.002067146456959934,True
2017-11-08 10:00:00,8.678936650260543,-0.002067146456959934,True
2007-01-28 03:00:00,8.735565265857849,-0.002057423900976074,True
2006-11-27 23:00:00,8.73399768038688,-0.002057423900976074,True
2014-02-03 12:00:00,8.735406975794755,-0.002057423900976074,True
2013-11-25 09:00:00,8.734557321025687,-0.002057423900976074,True
2007-01-24 04:00:00,8.733746467910311,-0.002057423900976074,True
2015-11-01 15:00:00,8.733462109650501,-0.002057423900976074,True
2012-11-17 20:00:00,8.735030988092724,-0.002057423900976074,True
2011-01-31 03:00:00,8.734637053285072,-0.002057423900976074,True
2011-02-07 02:00:00,8.735015204464514,-0.002057423900976074,True
2014-05-13 16:00:00,0.6700346639456671,-0.0020258366667371686,True
2009-08-09 07:00:00,0.6696318755953418,-0.0020258366667371686,True
2018-06-12 17:00:00,0.6700346639456671,-0.0020258366667371686,True
2015-08-10 05:00:00,0.6701349968176645,-0.0020258366667371686,True
2011-07-24 16:00:00,0.6700346639456671,-0.0020258366667371686,True
2010-05-03 18:00:00,0.6700346639456671,-0.0020258366667371686,True
2018-03-24 08:00:00,0.6700346639456671,-0.0020258366667371686,True
2012-07-25 08:00:00,0.6700346639456671,-0.0020258366667371686,True
2008-08-02 15:00:00,0.6699339668580858,-0.0020258366667371686,True
2011-07-23 12:00:00,0.6700346639456671,-0.0020258366667371686,True
2014-05-20 04:00:00,0.6701353610332484,-0.0020258366667371686,True
2013-07-26 00:00:00,0.6700346639456671,-0.0020258366667371686,True
2011-01-30 21:00:00,9.019719493353223,-0.0020250411053812645,True
2017-02-01 06:00:00,9.019198165845523,-0.0020250411053812645,True
2014-01-30 14:00:00,9.019147447528836,-0.0020250411053812645,True
2016-11-11 20:00:00,9.019642942127517,-0.0020250411053812645,True
2014-11-13 08:00:00,9.019942705435929,-0.0020250411053812645,True
2011-01-30 16:00:00,9.019071009955182,-0.0020250411053812645,True
2016-11-11 05:00:00,9.019221074770892,-0.0020250411053812645,True
2016-11-05 17:00:00,9.019068666097288,-0.0020250411053812645,True
2013-11-02 01:00:00,9.019588526155534,-0.0020250411053812645,True
2017-01-31 00:00:00,8.853737176897367,-0.0019992790386359482,True
2011-10-27 16:00:00,8.851446207665184,-0.0019992790386359482,True
2016-11-06 15:00:00,8.8498281831397,-0.0019992790386359482,True
2013-11-12 23:00:00,8.852458908192238,-0.0019992790386359482,True
2017-12-22 01:00:00,8.853376859082205,-0.0019992790386359482,True
2011-02-04 02:00:00,8.851720498471957,-0.0019992790386359482,True
2014-11-11 19:00:00,8.852056101679047,-0.0019992790386359482,True
2013-12-20 09:00:00,8.85038969543732,-0.0019992790386359482,True
2012-02-01 14:00:00,8.850654960961442,-0.0019992790386359482,True
2015-11-29 18:00:00,8.850386797045694,-0.0019992790386359482,True
2007-01-26 03:00:00,8.85201838706493,-0.0019992790386359482,True
2017-10-31 00:00:00,8.85205543824757,-0.0019992790386359482,True
2014-01-20 22:00:00,8.850347677724114,-0.0019992790386359482,True
2011-11-04 11:00:00,8.850745954689259,-0.0019992790386359482,True
2016-01-23 09:00:00,8.853259063210388,-0.0019992790386359482,True
2013-02-03 04:00:00,8.850887340220002,-0.0019992790386359482,True
2017-12-17 20:00:00,8.853718727863589,-0.0019992790386359482,True
2016-12-28 13:00:00,8.899278318129934,-0.0019902174743984258,True
2016-11-09 04:00:00,8.89792428681508,-0.0019902174743984258,True
2017-01-25 14:00:00,8.900395718263129,-0.0019902174743984258,True
2011-10-27 13:00:00,8.885721592900381,-0.0019902174743984258,True
2011-10-27 11:00:00,8.902143232632072,-0.0019902174743984258,True
2006-11-25 03:00:00,8.905202087272338,-0.0019902174743984258,True
2017-01-30 09:00:00,8.909877136536819,-0.0019902174743984258,True
2017-01-30 06:00:00,8.90370488915782,-0.0019902174743984258,True
2011-01-29 19:00:00,8.906577805961373,-0.0019902174743984258,True
2011-02-02 08:00:00,8.902749844913393,-0.0019902174743984258,True
2011-02-02 09:00:00,8.885253863562086,-0.0019902174743984258,True
2011-01-31 15:00:00,8.907932875099066,-0.0019902174743984258,True
2017-02-01 21:00:00,8.901583992205786,-0.0019902174743984258,True
2011-02-01 13:00:00,8.895021456984137,-0.0019902174743984258,True
2011-10-27 03:00:00,8.903312042433363,-0.0019902174743984258,True
2011-10-28 19:00:00,8.900667554276422,-0.0019902174743984258,True
2012-11-01 17:00:00,8.906057389629735,-0.0019902174743984258,True
2011-10-30 05:00:00,8.89751837864218,-0.0019902174743984258,True
2014-11-19 11:00:00,8.894483402009854,-0.0019902174743984258,True
2016-11-10 13:00:00,8.885231581837742,-0.0019902174743984258,True
2016-01-29 19:00:00,8.904103709129345,-0.0019902174743984258,True
2016-01-28 19:00:00,8.894944455169341,-0.0019902174743984258,True
2015-11-01 08:00:00,8.901078388779377,-0.0019902174743984258,True
2016-01-29 08:00:00,8.911605707567952,-0.0019902174743984258,True
2010-11-11 00:00:00,8.903322349602366,-0.0019902174743984258,True
2006-11-26 20:00:00,8.899856259769082,-0.0019902174743984258,True
2007-01-25 12:00:00,8.895131601875383,-0.0019902174743984258,True
2007-01-24 19:00:00,8.896790099766838,-0.0019902174743984258,True
2012-11-02 08:00:00,8.908446823616798,-0.0019902174743984258,True
2012-11-03 02:00:00,8.897451883783685,-0.0019902174743984258,True
2012-11-02 16:00:00,8.90385605335818,-0.0019902174743984258,True
2007-11-18 00:00:00,8.894424100607589,-0.0019902174743984258,True
2012-11-08 00:00:00,8.907578948338331,-0.0019902174743984258,True
2014-11-11 14:00:00,8.910748238612955,-0.0019902174743984258,True
2015-01-12 01:00:00,8.900674347129168,-0.0019902174743984258,True
2006-11-24 15:00:00,8.902129428288115,-0.0019902174743984258,True
2011-11-04 01:00:00,8.903597559958364,-0.0019902174743984258,True
2010-11-04 20:00:00,8.908848065236862,-0.0019902174743984258,True
2015-01-11 14:00:00,8.902075000366812,-0.0019902174743984258,True
2015-01-10 02:00:00,8.905038154969699,-0.0019902174743984258,True
2012-01-31 16:00:00,8.908615026996207,-0.0019902174743984258,True
2017-11-27 16:00:00,8.88575350894998,-0.0019902174743984258,True
2015-11-20 22:00:00,8.898936122864061,-0.0019902174743984258,True
2012-02-02 17:00:00,8.905620766796998,-0.0019902174743984258,True
2016-11-28 12:00:00,8.903626785610786,-0.0019902174743984258,True
2012-02-03 23:00:00,8.903395555721014,-0.0019902174743984258,True
2014-02-02 19:00:00,8.898623013272486,-0.0019902174743984258,True
2011-01-30 11:00:00,8.909536772551071,-0.0019902174743984258,True
2015-11-13 17:00:00,8.909781870794564,-0.0019902174743984258,True
2013-11-09 07:00:00,8.910519570121679,-0.0019902174743984258,True
2013-12-24 06:00:00,8.909395559413504,-0.0019902174743984258,True
2016-11-11 23:00:00,8.902090565534714,-0.0019902174743984258,True
2014-11-06 13:00:00,8.909221677723929,-0.0019902174743984258,True
2011-10-31 11:00:00,8.909622311416477,-0.0019902174743984258,True
2006-11-24 05:00:00,8.897656921763124,-0.0019902174743984258,True
2011-11-02 00:00:00,8.910233051521693,-0.0019902174743984258,True
2016-11-11 15:00:00,8.900929496923709,-0.0019902174743984258,True
2013-11-02 00:00:00,8.904180510669613,-0.0019902174743984258,True
2011-10-23 12:00:00,8.907507566241593,-0.0019902174743984258,True
2013-10-24 00:00:00,8.902796281844982,-0.0019902174743984258,True
2013-02-01 04:00:00,8.900216877781665,-0.0019902174743984258,True
2010-11-09 16:00:00,8.904419209020869,-0.0019902174743984258,True
2015-02-04 12:00:00,8.908376301429088,-0.0019902174743984258,True
2015-11-02 05:00:00,8.902156172166613,-0.0019902174743984258,True
2017-11-07 22:00:00,8.906232143719889,-0.0019902174743984258,True
2012-02-04 14:00:00,8.899402978991443,-0.0019902174743984258,True
2012-11-01 07:00:00,8.885687334518435,-0.0019902174743984258,True
2014-10-20 15:00:00,8.904541420726535,-0.0019902174743984258,True
2014-01-29 22:00:00,8.908967346446676,-0.0019902174743984258,True
2014-10-22 17:00:00,8.902930781579064,-0.0019902174743984258,True
2011-01-29 20:00:00,8.900591176640203,-0.0019902174743984258,True
2012-10-31 16:00:00,8.899786531979188,-0.0019902174743984258,True
2010-11-11 02:00:00,9.100758869615897,-0.0019547731984741468,True
2016-11-28 19:00:00,9.10426543668597,-0.0019547731984741468,True
2017-11-05 03:00:00,9.102163445529944,-0.0019547731984741468,True
2010-11-10 04:00:00,9.101658217268293,-0.0019547731984741468,True
2012-11-08 22:00:00,9.102069588244383,-0.0019547731984741468,True
2011-10-26 14:00:00,9.102370124099922,-0.0019547731984741468,True
2015-11-14 02:00:00,9.101496808761144,-0.0019547731984741468,True
2015-01-17 07:00:00,9.102652400027203,-0.0019547731984741468,True
2015-11-08 02:00:00,9.101973292438323,-0.0019547731984741468,True
2007-01-29 06:00:00,9.100748625671711,-0.0019547731984741468,True
2017-01-30 19:00:00,9.103045158358809,-0.0019547731984741468,True
2006-11-25 17:00:00,9.10421226764714,-0.0019547731984741468,True
2011-10-31 08:00:00,9.103596694294444,-0.0019547731984741468,True
2016-10-23 13:00:00,9.10450501564142,-0.0019547731984741468,True
2017-11-12 06:00:00,8.861520393044232,-0.0019198698779040457,True
2013-12-19 18:00:00,8.861545732008787,-0.0019198698779040457,True
2006-11-29 20:00:00,8.860426691828442,-0.0019198698779040457,True
2007-01-25 17:00:00,8.861284472199694,-0.0019198698779040457,True
2014-11-19 13:00:00,8.861202158122387,-0.0019198698779040457,True
2006-11-20 14:00:00,8.8609426944675,-0.0019198698779040457,True
2011-02-07 19:00:00,8.747608255441335,-0.0017539685818679374,True
2011-02-08 05:00:00,8.749379065686524,-0.0017539685818679374,True
2014-11-19 18:00:00,8.750115502628253,-0.0017539685818679374,True
2007-01-21 12:00:00,8.750758685339552,-0.0017539685818679374,True
2007-01-23 21:00:00,8.74808398968433,-0.0017539685818679374,True
2015-11-01 04:00:00,8.748695152748915,-0.0017539685818679374,True
2011-10-30 20:00:00,8.749801429655456,-0.0017539685818679374,True
2012-10-27 23:00:00,8.750285041334553,-0.0017539685818679374,True
2013-02-04 15:00:00,8.750569611158832,-0.0017539685818679374,True
2012-02-03 13:00:00,8.749250693082823,-0.0017539685818679374,True
2012-10-27 01:00:00,8.750424417331216,-0.0017539685818679374,True
2007-01-28 18:00:00,9.067712049365568,-0.0017539309544455373,True
2015-08-08 18:00:00,0.6355962599928525,-0.0017098184089628932,True
2016-07-31 15:00:00,0.6355962599928525,-0.0017098184089628932,True
2016-05-23 09:00:00,0.6355962599928525,-0.0017098184089628932,True
2011-09-08 11:00:00,0.6354456999708494,-0.0017098184089628932,True
2015-05-17 14:00:00,0.6355962599928525,-0.0017098184089628932,True
2013-06-10 12:00:00,0.6355962599928525,-0.0017098184089628932,True
2014-08-15 05:00:00,0.6355962599928525,-0.0017098184089628932,True
2013-12-21 07:00:00,8.67621410493676,-0.0016843098204581963,True
2014-11-10 11:00:00,8.677241014386286,-0.0016843098204581963,True
2017-11-09 23:00:00,8.67325201202466,-0.0016843098204581963,True
2016-11-11 16:00:00,8.672997540667238,-0.0016843098204581963,True
2010-11-10 12:00:00,8.670121087312666,-0.0016843098204581963,True
2016-02-01 18:00:00,8.666845324676185,-0.0016843098204581963,True
2015-10-31 17:00:00,8.669230249682077,-0.0016843098204581963,True
2016-01-29 09:00:00,8.674502779649497,-0.0016843098204581963,True
2007-11-13 19:00:00,8.667722647683574,-0.0016843098204581963,True
2017-01-31 07:00:00,8.676616293623553,-0.0016843098204581963,True
2017-01-29 08:00:00,8.669644017425556,-0.0016843098204581963,True
2012-10-28 07:00:00,8.672857260090185,-0.0016843098204581963,True
2017-12-17 18:00:00,8.668835509650144,-0.0016843098204581963,True
2012-10-28 06:00:00,8.674376329441602,-0.0016843098204581963,True
2017-01-31 17:00:00,8.677305164660206,-0.0016843098204581963,True
2014-11-04 08:00:00,8.671949261604057,-0.0016843098204581963,True
2015-10-31 11:00:00,8.675571883275477,-0.0016843098204581963,True
2016-10-18 02:00:00,8.674213540205919,-0.0016843098204581963,True
2015-11-15 21:00:00,8.672477338739967,-0.0016843098204581963,True
2013-11-19 07:00:00,8.667912394541807,-0.0016843098204581963,True
2016-01-31 22:00:00,8.671191727947154,-0.0016843098204581963,True
2016-02-03 23:00:00,8.670659786792983,-0.0016843098204581963,True
2007-11-16 20:00:00,8.672003141066092,-0.0016843098204581963,True
2010-01-29 04:00:00,8.667524605271332,-0.0016843098204581963,True
2010-01-29 14:00:00,8.667305486001057,-0.0016843098204581963,True
2010-11-09 06:00:00,8.668551087530991,-0.0016843098204581963,True
2013-11-07 06:00:00,8.675560417898174,-0.0016843098204581963,True
2010-11-11 20:00:00,8.674863729299526,-0.0016843098204581963,True
2006-11-24 01:00:00,8.671258252854965,-0.0016843098204581963,True
2014-10-23 02:00:00,8.672899029568077,-0.0016843098204581963,True
2014-01-30 18:00:00,8.671339672243212,-0.0016843098204581963,True
2012-10-26 15:00:00,8.668740325089962,-0.0016843098204581963,True
2011-01-28 07:00:00,8.672605085950604,-0.0016843098204581963,True
2015-11-29 20:00:00,8.67139404482616,-0.0016843098204581963,True
2014-02-01 09:00:00,8.741628686243853,-0.001674593840397809,True
2014-10-20 14:00:00,8.740718874652215,-0.001674593840397809,True
2012-02-07 19:00:00,8.738026777201053,-0.001674593840397809,True
2015-11-13 22:00:00,8.736668727361367,-0.001674593840397809,True
2014-02-02 07:00:00,8.736619565661504,-0.001674593840397809,True
2015-01-09 04:00:00,8.736922095381125,-0.001674593840397809,True
2013-11-17 08:00:00,8.742984786821502,-0.001674593840397809,True
2017-01-08 10:00:00,8.742012505691019,-0.001674593840397809,True
2013-12-19 03:00:00,8.736986793052457,-0.001674593840397809,True
2011-02-05 20:00:00,8.735713263773597,-0.001674593840397809,True
2006-11-25 02:00:00,8.742348756292545,-0.001674593840397809,True
2010-11-10 13:00:00,8.738407484526038,-0.001674593840397809,True
2007-01-21 19:00:00,8.740718625089727,-0.001674593840397809,True
2011-10-30 03:00:00,8.73877414349784,-0.001674593840397809,True
2011-10-24 14:00:00,8.738529379870325,-0.001674593840397809,True
2015-02-05 21:00:00,8.738523073183822,-0.001674593840397809,True
2013-02-01 16:00:00,8.739511829431178,-0.001674593840397809,True
2017-11-13 12:00:00,8.742874494573117,-0.001674593840397809,True
2010-11-04 02:00:00,8.739099816119618,-0.001674593840397809,True
2011-10-28 02:00:00,8.735903995623294,-0.001674593840397809,True
2014-01-14 05:00:00,8.739690418380524,-0.001674593840397809,True
2012-10-29 19:00:00,8.73617928567463,-0.001674593840397809,True
2007-01-25 10:00:00,8.740652376450534,-0.001674593840397809,True
2012-10-31 08:00:00,8.73957789975174,-0.001674593840397809,True
2016-11-05 12:00:00,8.741932987404068,-0.001674593840397809,True
2017-10-19 01:00:00,8.73569943442239,-0.001674593840397809,True
2006-11-20 09:00:00,8.737037345891126,-0.001674593840397809,True
2017-01-28 01:00:00,8.738157645461731,-0.001674593840397809,True
2015-01-16 04:00:00,8.74202546563392,-0.001674593840397809,True
2013-02-02 16:00:00,8.740921405142632,-0.001674593840397809,True
2006-11-30 18:00:00,8.740495055366729,-0.001674593840397809,True
2006-11-23 17:00:00,8.737159304975366,-0.001674593840397809,True
2013-07-28 01:00:00,0.6716258817679152,-0.0016430279704210404,True
2018-07-05 20:00:00,0.671847211522131,-0.0016430279704210404,True
2014-09-28 10:00:00,0.671847211522131,-0.0016430279704210404,True
2014-05-19 19:00:00,0.6721120608382191,-0.0016430279704210404,True
2015-09-16 14:00:00,0.6714444231718057,-0.0016430279704210404,True
2018-05-05 18:00:00,0.6731134538498976,-0.0016430279704210404,True
2011-07-21 15:00:00,0.6728541823979444,-0.0016430279704210404,True
2015-09-20 02:00:00,0.6711423319090617,-0.0016430279704210404,True
2013-08-19 00:00:00,0.6722546715644949,-0.0016430279704210404,True
2014-05-13 23:00:00,0.6711423319090617,-0.0016430279704210404,True
2012-07-31 00:00:00,0.6719479086097123,-0.0016430279704210404,True
2014-08-03 12:00:00,0.671847211522131,-0.0016430279704210404,True
2016-08-04 08:00:00,0.6724318097828427,-0.0016430279704210404,True
2013-06-13 23:00:00,0.671847211522131,-0.0016430279704210404,True
2013-06-17 13:00:00,0.6708863112588445,-0.0016430279704210404,True
2010-08-13 07:00:00,0.671847211522131,-0.0016430279704210404,True
2018-07-12 20:00:00,0.6722947820747621,-0.0016430279704210404,True
2017-05-21 19:00:00,0.6711423319090617,-0.0016430279704210404,True
2009-08-22 17:00:00,0.6715486934460327,-0.0016430279704210404,True
2014-04-26 09:00:00,0.6708402406463178,-0.0016430279704210404,True
2014-09-23 22:00:00,0.6731562736606884,-0.0016430279704210404,True
2018-07-28 01:00:00,0.671847211522131,-0.0016430279704210404,True
2018-08-14 17:00:00,0.6718472115221311,-0.0016430279704210404,True
2016-05-16 08:00:00,0.671847211522131,-0.0016430279704210404,True
2016-08-11 23:00:00,0.671847211522131,-0.0016430279704210404,True
2011-11-30 22:00:00,0.67067950911097,-0.0016430279704210404,True
2009-08-10 03:00:00,0.671847211522131,-0.0016430279704210404,True
2014-10-27 15:00:00,9.020314615704104,-0.001642232947149047,True
2017-01-29 00:00:00,9.020694730928868,-0.001642232947149047,True
2010-11-05 15:00:00,8.849476697615732,-0.001616488304770347,True
2012-10-28 19:00:00,8.849364798752942,-0.001616488304770347,True
2015-01-09 07:00:00,8.889724218218646,-0.00160743286938958,True
2012-10-29 02:00:00,8.892465285716488,-0.00160743286938958,True
2006-11-25 13:00:00,8.888653974599245,-0.00160743286938958,True
2017-11-09 18:00:00,8.888370787912047,-0.00160743286938958,True
2017-11-13 17:00:00,8.891894117056692,-0.00160743286938958,True
2013-11-09 09:00:00,8.892202126039521,-0.00160743286938958,True
2015-02-04 02:00:00,8.88628400082373,-0.00160743286938958,True
2014-11-13 06:00:00,8.893311849489884,-0.00160743286938958,True
2010-11-04 07:00:00,8.887398734385261,-0.00160743286938958,True
2014-11-06 07:00:00,8.889863002755568,-0.00160743286938958,True
2010-11-06 16:00:00,8.89132824947571,-0.00160743286938958,True
2010-11-07 09:00:00,8.891706827748715,-0.00160743286938958,True
2014-11-26 18:00:00,8.891587556073596,-0.00160743286938958,True
2013-12-26 03:00:00,8.891242027963576,-0.00160743286938958,True
2017-11-10 02:00:00,8.891001957890369,-0.00160743286938958,True
2016-01-07 13:00:00,8.888902733654882,-0.00160743286938958,True
2012-02-01 19:00:00,8.886188411415285,-0.00160743286938958,True
2017-01-30 16:00:00,8.88704387667068,-0.00160743286938958,True
2015-01-18 17:00:00,8.892883954194598,-0.00160743286938958,True
2011-02-03 21:00:00,8.886523847978191,-0.00160743286938958,True
2011-10-26 07:00:00,8.889679904686307,-0.00160743286938958,True
2013-11-12 16:00:00,8.89211127278394,-0.00160743286938958,True
2011-11-01 09:00:00,8.89049680165411,-0.00160743286938958,True
2011-11-04 06:00:00,8.890269124107501,-0.00160743286938958,True
2011-10-24 02:00:00,8.889547905654117,-0.00160743286938958,True
2012-02-04 06:00:00,8.892771193240256,-0.00160743286938958,True
2012-02-06 14:00:00,8.886512901001465,-0.00160743286938958,True
2014-11-13 01:00:00,8.89214022613,-0.00160743286938958,True
2017-11-06 11:00:00,9.024817624016327,-0.0015628738831925393,True
2011-11-04 23:00:00,9.023227475238148,-0.0015628738831925393,True
2015-11-01 13:00:00,9.027597011733889,-0.0015628738831925393,True
2011-10-25 08:00:00,9.024039065710154,-0.0015628738831925393,True
2014-01-28 18:00:00,9.027797852102,-0.0015628738831925393,True
2012-02-05 15:00:00,9.02364188194198,-0.0015628738831925393,True
2010-11-09 23:00:00,9.027663434207884,-0.0015628738831925393,True
2014-12-19 03:00:00,9.0264770906851,-0.0015628738831925393,True
2013-12-13 14:00:00,9.026742849645789,-0.0015628738831925393,True
2012-02-01 12:00:00,9.023910909409649,-0.0015628738831925393,True
2012-02-05 00:00:00,9.026947329920493,-0.0015628738831925393,True
2015-10-29 11:00:00,9.02377568589157,-0.0015628738831925393,True
2017-11-12 07:00:00,9.024011770643575,-0.0015628738831925393,True
2016-01-25 11:00:00,9.024216146478391,-0.0015628738831925393,True
2007-01-21 17:00:00,8.881489234196794,-0.001528078688196599,True
2017-11-06 09:00:00,8.884059870350994,-0.001528078688196599,True
2007-01-22 15:00:00,8.883968897444412,-0.001528078688196599,True
2011-10-22 16:00:00,8.87037334293047,-0.001528078688196599,True
2010-11-04 12:00:00,8.882736814400593,-0.001528078688196599,True
2013-02-01 05:00:00,8.876678701829615,-0.001528078688196599,True
2015-10-29 05:00:00,8.876401572773661,-0.001528078688196599,True
2007-01-26 13:00:00,8.883419646001261,-0.001528078688196599,True
2007-01-27 08:00:00,8.876807705011489,-0.001528078688196599,True
2014-11-19 20:00:00,8.882444315667605,-0.001528078688196599,True
2010-01-29 21:00:00,8.882064115438373,-0.001528078688196599,True
2013-11-23 04:00:00,8.87926438858109,-0.001528078688196599,True
2018-01-30 06:00:00,8.883286960410548,-0.001528078688196599,True
2013-11-12 14:00:00,8.87893721646609,-0.001528078688196599,True
2014-11-26 11:00:00,8.877668636195803,-0.001528078688196599,True
2007-11-16 18:00:00,8.876955296978572,-0.001528078688196599,True
2018-01-02 22:00:00,8.880234342975271,-0.001528078688196599,True
2014-02-01 21:00:00,8.883883685521644,-0.001528078688196599,True
2012-10-31 18:00:00,8.878397815385705,-0.001528078688196599,True
2014-01-29 02:00:00,8.878578978405153,-0.001528078688196599,True
2012-02-03 18:00:00,8.869727432776509,-0.001528078688196599,True
2012-02-05 16:00:00,8.880005184714477,-0.001528078688196599,True
2011-02-01 00:00:00,8.878920960745113,-0.001528078688196599,True
2015-01-13 22:00:00,8.876654118179646,-0.001528078688196599,True
2015-01-18 23:00:00,8.878889740944238,-0.001528078688196599,True
2011-10-25 11:00:00,8.869648603195648,-0.001528078688196599,True
2013-02-01 15:00:00,8.884582095332224,-0.001528078688196599,True
2010-11-11 05:00:00,8.870535152403145,-0.001528078688196599,True
2010-11-05 13:00:00,8.884361287321761,-0.001528078688196599,True
2006-11-26 16:00:00,8.884350052014412,-0.001528078688196599,True
2015-11-02 13:00:00,8.879286210811927,-0.001528078688196599,True
2010-11-05 18:00:00,8.881820782450824,-0.001528078688196599,True
2007-01-24 09:00:00,8.878327007935201,-0.001528078688196599,True
2010-11-04 05:00:00,8.884769033774633,-0.001528078688196599,True
2010-11-09 08:00:00,8.879376654615031,-0.001528078688196599,True
2017-11-11 19:00:00,8.881667544702445,-0.001528078688196599,True
2010-11-04 15:00:00,8.8695884964048,-0.001528078688196599,True
2007-01-26 15:00:00,8.876642135072556,-0.001528078688196599,True
2012-10-28 14:00:00,8.880197182534088,-0.001528078688196599,True
2011-02-01 01:00:00,8.870410047125807,-0.001528078688196599,True
2017-01-29 18:00:00,8.879419122464064,-0.001528078688196599,True
2017-11-04 15:00:00,8.945123134396892,-0.001482310812699894,True
2013-11-18 22:00:00,8.945890396558989,-0.001482310812699894,True
2017-12-17 21:00:00,8.946160336970312,-0.001482310812699894,True
2015-02-03 11:00:00,8.9468453896407,-0.001482310812699894,True
2017-01-28 14:00:00,8.946562383495055,-0.001482310812699894,True
2006-11-23 02:00:00,8.945191671381439,-0.001482310812699894,True
2006-11-20 12:00:00,8.756847820214439,-0.0013713437655652472,True
2014-01-30 13:00:00,8.764050227053263,-0.0013713437655652472,True
2016-11-09 09:00:00,8.758294070511297,-0.0013713437655652472,True
2014-01-31 12:00:00,8.757864000049251,-0.0013713437655652472,True
2011-01-30 00:00:00,8.759138566435546,-0.0013713437655652472,True
2010-11-07 04:00:00,8.755770314362591,-0.0013713437655652472,True
2017-01-31 09:00:00,8.760700385342588,-0.0013713437655652472,True
2006-11-25 07:00:00,8.764725220326127,-0.0013713437655652472,True
2010-11-12 07:00:00,8.760004561305902,-0.0013713437655652472,True
2013-02-02 11:00:00,8.75534137879327,-0.0013713437655652472,True
2011-10-25 14:00:00,8.755454832863334,-0.0013713437655652472,True
2011-10-29 12:00:00,8.764139486244241,-0.0013713437655652472,True
2007-01-22 10:00:00,8.758562940130483,-0.0013713437655652472,True
2012-11-26 20:00:00,8.764331790928011,-0.0013713437655652472,True
2011-02-07 04:00:00,8.76014008990147,-0.0013713437655652472,True
2011-01-31 14:00:00,8.760887353666673,-0.0013713437655652472,True
2013-01-30 08:00:00,8.762235693254686,-0.0013713437655652472,True
2010-11-08 22:00:00,8.757788780188951,-0.0013713437655652472,True
2016-01-29 14:00:00,8.75901365211096,-0.0013713437655652472,True
2012-02-07 02:00:00,8.753403919202436,-0.0013713437655652472,True
2012-02-06 23:00:00,8.757547851281558,-0.0013713437655652472,True
2012-10-30 03:00:00,8.754118614321468,-0.0013713437655652472,True
2012-10-28 11:00:00,8.757593982677314,-0.0013713437655652472,True
2012-10-29 05:00:00,8.755559297615795,-0.0013713437655652472,True
2015-11-13 23:00:00,8.763946806548503,-0.0013713437655652472,True
2013-10-08 03:00:00,8.758680185987394,-0.0013713437655652472,True
2016-01-30 17:00:00,8.763301810588073,-0.0013713437655652472,True
2010-01-28 18:00:00,8.75486628070764,-0.0013713437655652472,True
2017-02-08 06:00:00,8.760128583487687,-0.0013713437655652472,True
2015-01-19 09:00:00,8.762350915159002,-0.0013713437655652472,True
2017-01-30 01:00:00,8.759388047662561,-0.0013713437655652472,True
2013-12-18 00:00:00,8.763923171969294,-0.0013713437655652472,True
2010-01-29 01:00:00,8.756636254395271,-0.0013713437655652472,True
2016-01-29 23:00:00,8.758826391107567,-0.0013713437655652472,True
2017-12-17 19:00:00,8.761277118756867,-0.0013713437655652472,True
2010-11-07 12:00:00,8.753167753180469,-0.0013713437655652472,True
2014-11-06 21:00:00,8.760827414165414,-0.0013713437655652472,True
2014-11-09 18:00:00,8.759565622765296,-0.0013713437655652472,True
2014-02-02 16:00:00,8.757866529670281,-0.0013713437655652472,True
2014-01-30 04:00:00,8.760745264647982,-0.0013713437655652472,True
2011-01-29 10:00:00,8.753748188127206,-0.0013713437655652472,True
2011-10-26 13:00:00,8.76052294524329,-0.0013713437655652472,True
2013-11-25 19:00:00,8.759650104741974,-0.0013713437655652472,True
2015-01-12 02:00:00,8.75822491756768,-0.0013713437655652472,True
2015-02-05 11:00:00,9.079159013303356,-0.0013713061635923784,True
2016-02-02 22:00:00,9.070146940882347,-0.0013713061635923784,True
2016-11-11 00:00:00,9.077937523440369,-0.0013713061635923784,True
2016-11-06 03:00:00,9.068186555179787,-0.0013713061635923784,True
2017-11-11 07:00:00,9.070056311491651,-0.0013713061635923784,True
2010-11-11 14:00:00,9.070218046185293,-0.0013713061635923784,True
2012-02-03 10:00:00,9.079274512188777,-0.0013713061635923784,True
2014-10-20 16:00:00,9.068363966800856,-0.0013713061635923784,True
2011-01-28 13:00:00,9.079089352241532,-0.0013713061635923784,True
2013-12-26 15:00:00,9.071103064147858,-0.0013713061635923784,True
2017-10-26 00:00:00,9.079222405029254,-0.0013713061635923784,True
2007-01-27 06:00:00,9.068434353075132,-0.0013713061635923784,True
2017-01-28 11:00:00,9.071744155262165,-0.0013713061635923784,True
2014-12-15 03:00:00,9.071631349669763,-0.0013713061635923784,True
2006-11-26 06:00:00,9.068338069496107,-0.0013713061635923784,True
2007-01-28 20:00:00,9.071602982428525,-0.0013713061635923784,True
2012-02-05 13:00:00,9.070065856201408,-0.0013713061635923784,True
2013-12-14 00:00:00,9.072011086194982,-0.0013713061635923784,True
2016-02-01 15:00:00,9.079384902192084,-0.0013713061635923784,True
2011-11-01 07:00:00,9.068417684398431,-0.0013713061635923784,True
2013-11-24 19:00:00,9.070342538752012,-0.0013713061635923784,True
2011-01-29 09:00:00,9.069551060189204,-0.0013713061635923784,True
2015-01-11 00:00:00,9.078747091949175,-0.0013713061635923784,True
2015-01-12 21:00:00,9.07236421214635,-0.0013713061635923784,True
2014-02-01 16:00:00,9.078328920600985,-0.0013713061635923784,True
2011-02-01 03:00:00,9.067820916008944,-0.0013713061635923784,True
2011-10-23 18:00:00,8.743512738577634,-0.0012920227097953374,True
2006-11-23 08:00:00,8.743322957343391,-0.0012920227097953374,True
2018-07-28 23:00:00,0.6754163917897834,-0.0012604781896309314,True
2012-07-28 06:00:00,0.6754723066750589,-0.0012604781896309314,True
2009-05-02 06:00:00,0.6754723066750589,-0.0012604781896309314,True
2018-05-07 19:00:00,0.6754723066750589,-0.0012604781896309314,True
2013-05-30 01:00:00,0.6742639416240831,-0.0012604781896309314,True
2013-03-30 16:00:00,0.6740345900062824,-0.0012604781896309314,True
2013-05-04 01:00:00,0.6753716095874776,-0.0012604781896309314,True
2013-07-14 19:00:00,0.6752486471339564,-0.0012604781896309314,True
2012-08-11 17:00:00,0.6733465351528811,-0.0012604781896309314,True
2016-05-24 12:00:00,0.6750546559565808,-0.0012604781896309314,True
2017-09-23 13:00:00,0.6749688212371523,-0.0012604781896309314,True
2017-09-27 05:00:00,0.6754723066750589,-0.0012604781896309314,True
2017-05-05 21:00:00,0.6754723066750589,-0.0012604781896309314,True
2017-07-19 23:00:00,0.6754723066750589,-0.0012604781896309314,True
2015-07-23 08:00:00,0.6752709124998963,-0.0012604781896309314,True
2015-07-30 23:00:00,0.6752709124998963,-0.0012604781896309314,True
2017-07-30 01:00:00,0.6748681241495711,-0.0012604781896309314,True
2014-03-15 03:00:00,0.6741632445365017,-0.0012604781896309314,True
2014-07-24 06:00:00,0.6754723066750589,-0.0012604781896309314,True
2014-08-05 01:00:00,0.6754723066750591,-0.0012604781896309314,True
2014-09-29 05:00:00,0.6754723066750589,-0.0012604781896309314,True
2014-05-16 16:00:00,0.6749688212371523,-0.0012604781896309314,True
2014-07-18 14:00:00,0.6754723066750589,-0.0012604781896309314,True
2004-09-18 07:00:00,0.6737884478181968,-0.0012604781896309314,True
2018-06-29 11:00:00,0.6754723066750591,-0.0012604781896309314,True
2014-01-31 20:00:00,9.08346914932808,-0.0012462363458788372,True
2015-01-13 15:00:00,9.08496867897762,-0.0012462363458788372,True
2014-01-30 20:00:00,9.084418403607216,-0.0012462363458788372,True
2011-10-24 18:00:00,9.08237511817657,-0.0012462363458788372,True
2010-11-11 19:00:00,9.083242638788414,-0.0012462363458788372,True
2011-02-02 01:00:00,9.082946914456892,-0.0012462363458788372,True
2014-11-08 08:00:00,9.099967325506537,-0.0012462363458788372,True
2017-01-26 14:00:00,9.086020357420516,-0.0012462363458788372,True
2012-11-02 05:00:00,9.084153421071582,-0.0012462363458788372,True
2011-11-02 22:00:00,9.081804067031642,-0.0012462363458788372,True
2015-11-15 22:00:00,9.082329403887211,-0.0012462363458788372,True
2011-11-05 12:00:00,9.099614852754732,-0.0012462363458788372,True
2015-11-02 06:00:00,9.10043443822749,-0.0012462363458788372,True
2011-10-31 04:00:00,9.082738510382622,-0.0012462363458788372,True
2011-11-04 04:00:00,9.08436669877142,-0.0012462363458788372,True
2011-10-31 16:00:00,9.09924163124806,-0.0012462363458788372,True
2015-01-28 17:00:00,9.099522236723525,-0.0012462363458788372,True
2015-02-02 18:00:00,9.084524936658257,-0.0012462363458788372,True
2007-01-28 08:00:00,8.848271294288917,-0.0012339564742817055,True
2012-10-29 10:00:00,8.848090695396367,-0.0012339564742817055,True
2011-02-02 14:00:00,8.848377496483481,-0.0012339564742817055,True
2012-10-27 18:00:00,8.848097708943898,-0.0012339564742817055,True
2015-01-20 21:00:00,8.847923331284836,-0.0012339564742817055,True
2016-11-08 04:00:00,9.022033995249531,-0.0011803783152191105,True
2016-01-09 05:00:00,9.0226332642525,-0.0011803783152191105,True
2013-02-04 07:00:00,9.022324780190935,-0.0011803783152191105,True
2017-12-27 10:00:00,9.021922513469528,-0.0011803783152191105,True
2011-11-01 19:00:00,9.022123127551474,-0.0011803783152191105,True
2011-02-01 08:00:00,9.021877939702687,-0.0011803783152191105,True
2016-02-03 13:00:00,9.022005481131949,-0.0011803783152191105,True
2012-02-02 20:00:00,9.0225950905839,-0.0011803783152191105,True
2013-12-24 19:00:00,9.022510787847034,-0.0011803783152191105,True
2014-11-15 17:00:00,8.7665548475795,-0.0011458651990123858,True
2006-11-22 05:00:00,8.766505258142036,-0.0011458651990123858,True
2016-11-05 14:00:00,8.76601994151201,-0.0011458651990123858,True
2012-10-31 01:00:00,8.76679214699895,-0.0011458651990123858,True
2011-10-31 01:00:00,8.766736491636895,-0.0011458651990123858,True
2012-02-04 16:00:00,8.766736491636895,-0.0011458651990123858,True
2010-01-29 16:00:00,8.871492898290937,-0.0011456066542135934,True
2015-10-27 13:00:00,8.865016995144074,-0.0011456066542135934,True
2017-01-28 13:00:00,8.865158768990867,-0.0011456066542135934,True
2007-11-17 03:00:00,8.874712057881132,-0.0011456066542135934,True
2015-01-17 08:00:00,8.867745966342815,-0.0011456066542135934,True
2017-11-10 07:00:00,8.873546576463859,-0.0011456066542135934,True
2015-10-30 12:00:00,8.864563196051648,-0.0011456066542135934,True
2015-11-01 01:00:00,8.86709147764266,-0.0011456066542135934,True
2015-11-01 20:00:00,8.869169654766184,-0.0011456066542135934,True
2007-01-26 20:00:00,8.875875745990637,-0.0011456066542135934,True
2017-11-09 16:00:00,8.871885835112892,-0.0011456066542135934,True
2010-11-05 06:00:00,8.873059705401662,-0.0011456066542135934,True
2006-11-29 00:00:00,8.866690716932954,-0.0011456066542135934,True
2016-11-07 11:00:00,8.873290985586928,-0.0011456066542135934,True
2007-01-27 20:00:00,8.874621159630427,-0.0011456066542135934,True
2007-01-24 14:00:00,8.867102514838578,-0.0011456066542135934,True
2017-11-08 03:00:00,8.867200898486628,-0.0011456066542135934,True
2015-02-04 09:00:00,8.868613403697385,-0.0011456066542135934,True
2015-10-27 12:00:00,8.866809334378145,-0.0011456066542135934,True
2017-10-24 01:00:00,8.867375605906796,-0.0011456066542135934,True
2015-10-28 08:00:00,8.869098867872076,-0.0011456066542135934,True
2010-11-09 15:00:00,8.875187789480668,-0.0011456066542135934,True
2017-12-13 05:00:00,8.875373540235445,-0.0011456066542135934,True
2011-10-30 10:00:00,8.867069832010776,-0.0011456066542135934,True
2016-12-27 17:00:00,8.86804444103247,-0.0011456066542135934,True
2012-01-27 22:00:00,8.875155186489883,-0.0011456066542135934,True
2012-10-29 17:00:00,8.866480452383929,-0.0011456066542135934,True
2016-01-29 13:00:00,8.866831000839168,-0.0011456066542135934,True
2012-02-06 19:00:00,8.86870500489732,-0.0011456066542135934,True
2016-11-08 16:00:00,8.869192572887235,-0.0011456066542135934,True
2012-02-03 03:00:00,8.866217087285257,-0.0011456066542135934,True
2012-02-02 15:00:00,8.865871931491524,-0.0011456066542135934,True
2011-10-24 16:00:00,8.869326215826149,-0.0011456066542135934,True
2010-11-09 21:00:00,8.865784870574933,-0.0011456066542135934,True
2011-01-28 03:00:00,8.86649444438274,-0.0011456066542135934,True
2014-01-14 10:00:00,8.869271970030395,-0.0011456066542135934,True
2014-01-29 12:00:00,9.038240681972672,-0.0011010840536179733,True
2014-02-01 11:00:00,9.03309318014943,-0.0011010840536179733,True
2014-02-02 14:00:00,9.038039324837971,-0.0011010840536179733,True
2013-12-24 12:00:00,9.03288051381048,-0.0011010840536179733,True
2010-11-10 06:00:00,9.06327632619706,-0.0011010840536179733,True
2017-12-17 22:00:00,9.038601946077032,-0.0011010840536179733,True
2006-11-27 09:00:00,9.038182266676786,-0.0011010840536179733,True
2006-11-27 14:00:00,9.032183397071424,-0.0011010840536179733,True
2007-01-28 23:00:00,9.029208134172237,-0.0011010840536179733,True
2012-02-03 01:00:00,9.033626482952132,-0.0011010840536179733,True
2012-11-02 02:00:00,9.036531393139684,-0.0011010840536179733,True
2015-11-29 15:00:00,9.064940809687611,-0.0011010840536179733,True
2012-01-28 00:00:00,9.029918013866968,-0.0011010840536179733,True
2013-11-25 21:00:00,9.034647268309651,-0.0011010840536179733,True
2015-01-11 12:00:00,9.030486647127606,-0.0011010840536179733,True
2013-11-24 22:00:00,9.033709454947534,-0.0011010840536179733,True
2016-01-29 00:00:00,9.029381298056633,-0.0011010840536179733,True
2016-11-28 14:00:00,9.031295204957091,-0.0011010840536179733,True
2015-11-13 13:00:00,9.063278656271708,-0.0011010840536179733,True
2015-11-13 10:00:00,9.033913839091714,-0.0011010840536179733,True
2014-11-15 09:00:00,9.032042822709752,-0.0011010840536179733,True
2015-01-14 13:00:00,9.03542111843,-0.0011010840536179733,True
2015-01-14 20:00:00,9.062941044884663,-0.0011010840536179733,True
2014-11-26 21:00:00,9.028691670221097,-0.0011010840536179733,True
2016-02-01 21:00:00,9.063809943057876,-0.0011010840536179733,True
2011-11-02 05:00:00,9.029241275804797,-0.0011010840536179733,True
2015-10-31 20:00:00,9.034940131060504,-0.0011010840536179733,True
2016-11-10 07:00:00,9.061398365267475,-0.0011010840536179733,True
2011-11-02 07:00:00,9.060816251348257,-0.0011010840536179733,True
2011-11-02 10:00:00,9.063508712601422,-0.0011010840536179733,True
2011-11-03 18:00:00,9.05963526370109,-0.0011010840536179733,True
2011-11-22 04:00:00,9.03678690852184,-0.0011010840536179733,True
2013-11-24 14:00:00,9.037821399073186,-0.0011010840536179733,True
2013-12-14 15:00:00,9.036775491792492,-0.0011010840536179733,True
2013-12-15 13:00:00,9.036863963846038,-0.0011010840536179733,True
2013-02-05 15:00:00,9.060700029119213,-0.0011010840536179733,True
2007-01-28 05:00:00,9.0343948054055,-0.0011010840536179733,True
2011-10-30 17:00:00,9.064817677900264,-0.0011010840536179733,True
2010-11-05 03:00:00,9.063489597585594,-0.0011010840536179733,True
2011-10-28 12:00:00,9.036709353787774,-0.0011010840536179733,True
2012-11-09 03:00:00,9.060029761461022,-0.0011010840536179733,True
2007-01-28 00:00:00,9.064568065580143,-0.0011010840536179733,True
2013-01-30 15:00:00,9.065378356431912,-0.0011010840536179733,True
2017-11-05 06:00:00,9.038424867229908,-0.0011010840536179733,True
2011-10-27 08:00:00,9.031743347480203,-0.0011010840536179733,True
2017-11-12 02:00:00,9.032539181891384,-0.0011010840536179733,True
2011-10-27 04:00:00,9.033693384926927,-0.0011010840536179733,True
2011-02-03 14:00:00,9.065141288710892,-0.0011010840536179733,True
2006-11-22 16:00:00,9.060727739173442,-0.0011010840536179733,True
2016-11-09 05:00:00,9.033298847889595,-0.0011010840536179733,True
2016-11-07 00:00:00,9.064572063942895,-0.0011010840536179733,True
2006-11-21 05:00:00,9.060313887940111,-0.0011010840536179733,True
2006-11-20 19:00:00,9.029044172327035,-0.0011010840536179733,True
2011-02-03 09:00:00,9.034616872671652,-0.0011010840536179733,True
2011-01-31 22:00:00,9.065397316397274,-0.0011010840536179733,True
2011-01-30 07:00:00,9.06393132507345,-0.0011010840536179733,True
2010-11-12 10:00:00,9.032665326835298,-0.0011010840536179733,True
2012-11-11 07:00:00,9.035333797146787,-0.0011010840536179733,True
2011-01-28 23:00:00,9.06022328055568,-0.0011010840536179733,True
2015-02-04 17:00:00,9.034928693812237,-0.0011010840536179733,True
2010-11-10 09:00:00,9.033654754178103,-0.0011010840536179733,True
2010-11-11 12:00:00,9.03787934179268,-0.0011010840536179733,True
2017-12-26 04:00:00,9.030900445946898,-0.0011010840536179733,True
2011-02-04 07:00:00,8.752081165492564,-0.0009889777404198385,True
2014-11-06 14:00:00,8.751706964850326,-0.0009889777404198385,True
2010-11-12 12:00:00,8.751281566070906,-0.0009889777404198385,True
2018-01-07 20:00:00,8.751463337777349,-0.0009889777404198385,True
2017-01-29 13:00:00,8.751669127652981,-0.0009889777404198385,True
2015-01-11 13:00:00,8.751811092546793,-0.0009889777404198385,True
2014-02-02 02:00:00,8.75193805595921,-0.0009889777404198385,True
2015-02-12 18:00:00,8.752281617771095,-0.0009889777404198385,True
2017-11-10 04:00:00,8.752552740040398,-0.0009889777404198385,True
2010-11-10 03:00:00,8.664807752538373,-0.0009103689010717675,True
2012-02-06 13:00:00,8.665336142717953,-0.0009103689010717675,True
2010-11-04 08:00:00,8.665175163816196,-0.0009103689010717675,True
2013-02-05 13:00:00,8.664746970124341,-0.0009103689010717675,True
2017-05-23 00:00:00,0.6736597590985949,-0.000878187149247367,True
2012-08-02 05:00:00,0.6734583649234324,-0.000878187149247367,True
2018-03-22 19:00:00,0.6736597590985949,-0.000878187149247367,True
2018-03-14 03:00:00,0.6736597590985949,-0.000878187149247367,True
2012-07-26 21:00:00,0.6736597590985949,-0.000878187149247367,True
2009-08-08 00:00:00,0.6736597590985949,-0.000878187149247367,True
2013-07-16 20:00:00,0.6735199718854058,-0.000878187149247367,True
2007-11-29 21:00:00,0.6736817939936133,-0.000878187149247367,True
2007-01-28 10:00:00,9.098667126279842,-0.0008639549380727862,True
2012-01-28 09:00:00,9.098601416970276,-0.0008639549380727862,True
2015-11-29 22:00:00,9.081129705862663,-0.0008639549380727862,True
2016-01-07 17:00:00,9.098908708758216,-0.0008639549380727862,True
2011-02-03 04:00:00,9.097950451641614,-0.0008639549380727862,True
2006-11-28 02:00:00,9.08048065331225,-0.0008639549380727862,True
2015-01-18 16:00:00,9.09786878068978,-0.0008639549380727862,True
2017-01-29 20:00:00,9.081491579914784,-0.0008639549380727862,True
2011-11-04 21:00:00,9.097625317643663,-0.0008639549380727862,True
2013-12-26 20:00:00,9.080848910380576,-0.0008639549380727862,True
2011-11-05 09:00:00,9.081534723302784,-0.0008639549380727862,True
2014-01-28 23:00:00,9.081184852702592,-0.0008639549380727862,True
2011-10-25 13:00:00,9.081436619446585,-0.0008639549380727862,True
2015-02-02 13:00:00,9.080634742220807,-0.0008639549380727862,True
2016-02-01 08:00:00,8.847105803928391,-0.0008516833720586536,True
2012-02-05 21:00:00,8.84592078284661,-0.0008516833720586536,True
2011-10-27 21:00:00,8.846551984447878,-0.0008516833720586536,True
2013-11-12 22:00:00,8.847065059795105,-0.0008516833720586536,True
2011-10-24 07:00:00,8.846215447529787,-0.0008516833720586536,True
2010-11-06 11:00:00,8.801276915641983,-0.0007949974419972916,True
2011-02-05 03:00:00,8.801542266608635,-0.0007949974419972916,True
2017-10-21 02:00:00,8.800046308564925,-0.0007949974419972916,True
2014-11-13 13:00:00,8.779799626510314,-0.0007636516779825353,True
2015-10-29 12:00:00,8.776036528171856,-0.0007636516779825353,True
2017-11-12 12:00:00,8.767875192213097,-0.0007636516779825353,True
2016-11-10 05:00:00,8.775041837221607,-0.0007636516779825353,True
2014-11-09 03:00:00,8.77352913187019,-0.0007636516779825353,True
2012-02-04 11:00:00,8.774935866271072,-0.0007636516779825353,True
2014-01-14 20:00:00,8.781570967689401,-0.0007636516779825353,True
2011-10-24 21:00:00,8.781564491307826,-0.0007636516779825353,True
2011-01-29 15:00:00,8.775935588670992,-0.0007636516779825353,True
2013-12-24 14:00:00,8.772173981916474,-0.0007636516779825353,True
2011-01-29 07:00:00,8.78196779215891,-0.0007636516779825353,True
2011-01-29 05:00:00,8.779774240707226,-0.0007636516779825353,True
2011-10-23 02:00:00,8.773176237951963,-0.0007636516779825353,True
2010-11-07 19:00:00,8.780854939786133,-0.0007636516779825353,True
2010-11-11 15:00:00,8.78277782866703,-0.0007636516779825353,True
2014-11-08 22:00:00,8.780678041012381,-0.0007636516779825353,True
2010-11-08 10:00:00,8.780684769339564,-0.0007636516779825353,True
2014-11-07 14:00:00,8.7809601907458,-0.0007636516779825353,True
2015-01-10 01:00:00,8.771651336157392,-0.0007636516779825353,True
2015-11-29 11:00:00,8.781630564427411,-0.0007636516779825353,True
2015-11-29 03:00:00,8.782770734824142,-0.0007636516779825353,True
2012-11-01 11:00:00,8.767038044992548,-0.0007636516779825353,True
2007-01-25 07:00:00,8.778818245807937,-0.0007636516779825353,True
2007-01-26 18:00:00,8.77907584817016,-0.0007636516779825353,True
2013-02-04 10:00:00,8.779681938572045,-0.0007636516779825353,True
2010-11-05 10:00:00,8.774593145235725,-0.0007636516779825353,True
2015-10-27 22:00:00,8.773388458175036,-0.0007636516779825353,True
2010-11-06 21:00:00,8.773731784315391,-0.0007636516779825353,True
2015-10-28 01:00:00,8.770084721117609,-0.0007636516779825353,True
2017-11-11 15:00:00,8.780923635411318,-0.0007636516779825353,True
2011-10-27 06:00:00,8.773752533458728,-0.0007636516779825353,True
2011-10-27 01:00:00,8.76902073123168,-0.0007636516779825353,True
2011-10-26 20:00:00,8.780816198892673,-0.0007636516779825353,True
2011-02-04 05:00:00,8.77362222615484,-0.0007636516779825353,True
2013-02-01 00:00:00,8.779561679107442,-0.0007636516779825353,True
2012-12-02 06:00:00,8.767059009957322,-0.0007636516779825353,True
2015-02-04 22:00:00,8.772064397192466,-0.0007636516779825353,True
2013-01-20 10:00:00,8.768032002230552,-0.0007636516779825353,True
2007-01-23 01:00:00,8.773944823950638,-0.0007636516779825353,True
2007-01-23 23:00:00,8.771826463912987,-0.0007636516779825353,True
2017-02-07 20:00:00,8.776681530159332,-0.0007636516779825353,True
2007-11-13 09:00:00,8.770405247223804,-0.0007636516779825353,True
2010-01-29 11:00:00,8.782729654532218,-0.0007636516779825353,True
2017-11-13 21:00:00,8.76730081391502,-0.0007636516779825353,True
2017-11-13 10:00:00,8.772332010004455,-0.0007636516779825353,True
2016-02-01 13:00:00,8.780007260272827,-0.0007636516779825353,True
2014-11-26 03:00:00,8.781082392285766,-0.0007636516779825353,True
2015-01-10 23:00:00,8.782705426475593,-0.0007636516779825353,True
2012-02-04 21:00:00,8.776852725454798,-0.0007636516779825353,True
2011-10-29 17:00:00,8.777538564320919,-0.0007636516779825353,True
2012-11-12 10:00:00,8.773500852473026,-0.0007636516779825353,True
2017-11-08 08:00:00,8.774746985559338,-0.0007636516779825353,True
2015-10-28 03:00:00,8.767432428483128,-0.0007636516779825353,True
2015-10-22 05:00:00,8.774515874780375,-0.0007636516779825353,True
2006-11-20 17:00:00,8.777675704815776,-0.0007636516779825353,True
2017-11-09 13:00:00,8.770411206012765,-0.0007636516779825353,True
2013-12-24 21:00:00,8.864240233916584,-0.000763393308052529,True
2013-12-20 21:00:00,8.880581574470883,-0.000763393308052529,True
2018-01-30 07:00:00,8.881087733950766,-0.000763393308052529,True
2011-10-26 12:00:00,8.863651369166186,-0.000763393308052529,True
2007-11-17 00:00:00,8.880768494050614,-0.000763393308052529,True
2010-11-10 02:00:00,8.8636403608699,-0.000763393308052529,True
2013-02-02 14:00:00,8.8629134296309,-0.000763393308052529,True
2017-01-30 23:00:00,8.88111674013487,-0.000763393308052529,True
2006-11-28 00:00:00,8.863061949949786,-0.000763393308052529,True
2011-01-31 19:00:00,8.881061827191473,-0.000763393308052529,True
2014-10-21 03:00:00,9.042764261357918,-0.0007189008206508474,True
2014-01-31 05:00:00,9.04235947826116,-0.0007189008206508474,True
2011-02-02 23:00:00,9.043782889191238,-0.0007189008206508474,True
2011-02-02 11:00:00,9.044264484951569,-0.0007189008206508474,True
2013-12-24 02:00:00,9.046669873049456,-0.0007189008206508474,True
2010-11-10 01:00:00,9.045866617760057,-0.0007189008206508474,True
2011-01-28 22:00:00,9.04617629338108,-0.0007189008206508474,True
2011-02-03 02:00:00,9.039981661406571,-0.0007189008206508474,True
2016-11-11 04:00:00,9.041143945543777,-0.0007189008206508474,True
2017-11-07 17:00:00,9.043464401486924,-0.0007189008206508474,True
2012-11-17 09:00:00,9.043612251523292,-0.0007189008206508474,True
2007-01-28 13:00:00,9.042326837329725,-0.0007189008206508474,True
2015-02-05 16:00:00,9.058948142709736,-0.0007189008206508474,True
2007-01-27 14:00:00,9.045002168794044,-0.0007189008206508474,True
2015-02-04 23:00:00,9.059046311718944,-0.0007189008206508474,True
2012-11-09 01:00:00,9.040001428010337,-0.0007189008206508474,True
2016-11-02 19:00:00,9.04049301094573,-0.0007189008206508474,True
2012-02-03 20:00:00,9.04503029522856,-0.0007189008206508474,True
2012-11-02 13:00:00,9.046414131071227,-0.0007189008206508474,True
2012-02-06 06:00:00,9.045876194609876,-0.0007189008206508474,True
2012-02-01 17:00:00,9.046314560489328,-0.0007189008206508474,True
2017-11-02 05:00:00,9.041003477296853,-0.0007189008206508474,True
2015-01-14 15:00:00,9.043810370318193,-0.0007189008206508474,True
2015-01-14 00:00:00,9.04427755846855,-0.0007189008206508474,True
2011-11-01 02:00:00,9.040755070929396,-0.0007189008206508474,True
2016-01-30 16:00:00,9.047255065866084,-0.0007189008206508474,True
2011-11-02 02:00:00,9.04506340403174,-0.0007189008206508474,True
2016-01-31 02:00:00,9.04031944884437,-0.0007189008206508474,True
2016-01-09 08:00:00,9.039900849344257,-0.0007189008206508474,True
2012-01-31 21:00:00,9.046998159127908,-0.0007189008206508474,True
2013-11-17 10:00:00,9.04379312461957,-0.0007189008206508474,True
2015-01-09 10:00:00,9.042526341056169,-0.0007189008206508474,True
2016-11-08 23:00:00,9.043791656780083,-0.0007189008206508474,True
2011-10-26 11:00:00,9.046319001420231,-0.0007189008206508474,True
2011-01-31 02:00:00,9.04218868538515,-0.0007189008206508474,True
2017-12-31 18:00:00,9.03012356987866,-0.0007189008206508474,True
2006-11-27 11:00:00,9.042148072837742,-0.0007189008206508474,True
2013-02-01 10:00:00,9.043601792112783,-0.0007189008206508474,True
2011-10-23 14:00:00,9.046495530321115,-0.0007189008206508474,True
2013-12-28 04:00:00,9.041853259745508,-0.0007189008206508474,True
2013-12-16 14:00:00,9.042815438753584,-0.0007189008206508474,True
2011-10-31 21:00:00,9.046981791428369,-0.0007189008206508474,True
2014-12-21 12:00:00,9.041100703358977,-0.0007189008206508474,True
2013-12-17 05:00:00,9.041173950108584,-0.0007189008206508474,True
2013-11-25 13:00:00,9.045928822707664,-0.0007189008206508474,True
2011-10-29 19:00:00,9.038877851129142,-0.0007189008206508474,True
2011-10-27 20:00:00,9.046174010273656,-0.0007189008206508474,True
2011-10-26 06:00:00,9.04152166595526,-0.0007189008206508474,True
2013-12-26 05:00:00,9.044490320787554,-0.0007189008206508474,True
2017-02-09 04:00:00,8.666033829531703,-0.0005283146597250266,True
2007-01-27 03:00:00,8.666186404230059,-0.0005283146597250266,True
2012-02-06 07:00:00,8.665618518647463,-0.0005283146597250266,True
2011-02-07 09:00:00,8.666619960268365,-0.0005283146597250266,True
2011-02-01 17:00:00,8.666268947669055,-0.0005283146597250266,True
2018-01-07 19:00:00,8.666442510205997,-0.0005283146597250266,True
2011-02-08 00:00:00,8.792496896402326,-0.0005175423756694775,True
2013-02-01 02:00:00,9.079919000938869,-0.0004819320891572554,True
2015-10-31 10:00:00,9.079947812026075,-0.0004819320891572554,True
2011-11-04 16:00:00,9.080284513455153,-0.0004819320891572554,True
2014-05-13 09:00:00,0.6846357416449599,-0.00020816300847559255,True
2014-05-22 04:00:00,0.6862357623632912,-0.00020816300847559255,True
2014-07-14 12:00:00,0.6845350445573786,-0.00020816300847559255,True
2014-05-16 15:00:00,0.6845350445573786,-0.00020816300847559255,True
2014-03-19 23:00:00,0.6862468950462612,-0.00020816300847559255,True
2018-03-14 00:00:00,0.6857434096083544,-0.00020816300847559255,True
2016-07-17 08:00:00,0.6863475921338426,-0.00020816300847559255,True
2016-05-21 04:00:00,0.6863475921338426,-0.00020816300847559255,True
2018-03-17 05:00:00,0.6845350445573786,-0.00020816300847559255,True
2017-07-22 06:00:00,0.6863475921338426,-0.00020816300847559255,True
2017-05-25 05:00:00,0.6852399241704479,-0.00020816300847559255,True
2013-06-15 14:00:00,0.6860121028221887,-0.00020816300847559255,True
2013-03-29 10:00:00,0.6850385299952851,-0.00020816300847559255,True
2015-01-17 22:00:00,0.6855419903226903,-0.00020816300847559255,True
2015-07-31 16:00:00,0.6845350445573786,-0.00020816300847559255,True
2015-07-27 13:00:00,0.6845350445573786,-0.00020816300847559255,True
2013-06-12 23:00:00,0.6850721795146208,-0.00020816300847559255,True
2018-03-25 08:00:00,0.6860455008710985,-0.00020816300847559255,True
2012-07-24 08:00:00,0.6857434096083544,-0.00020816300847559255,True
2012-07-30 21:00:00,0.6863475921338426,-0.00020816300847559255,True
2010-04-23 19:00:00,0.6845350445573786,-0.00020816300847559255,True
2011-07-22 05:00:00,0.6863475921338424,-0.00020816300847559255,True
2016-05-14 09:00:00,0.6863475921338426,-0.00020816300847559255,True
2010-08-11 18:00:00,0.6863475921338426,-0.00020816300847559255,True
2011-07-19 13:00:00,0.6846357416449599,-0.00020816300847559255,True
2014-08-01 06:00:00,0.6846328184597484,-0.00020816300847559255,True
2018-08-04 13:00:00,0.6845350445573786,-0.00020816300847559255,True
2011-07-25 20:00:00,0.6861461979586799,-0.00020816300847559255,True
2012-02-07 04:00:00,8.664349493325759,-0.00014651882362304303,True
2017-10-31 02:00:00,8.663859654130793,-0.00014651882362304303,True
2015-10-27 23:00:00,8.664062333125003,-0.00014651882362304303,True
2014-02-03 10:00:00,8.664366002043696,-0.00014651882362304303,True
2016-01-30 09:00:00,8.66455177757589,-0.00014651882362304303,True
2012-10-29 20:00:00,8.745581895979642,-0.0001458611471431004,True
2014-11-15 10:00:00,8.745047957753807,-0.0001458611471431004,True
2013-12-19 08:00:00,8.745584851559567,-0.0001458611471431004,True
2007-01-23 11:00:00,8.745602268252531,-0.0001458611471431004,True
2015-10-30 05:00:00,8.746687112858286,-0.0001458611471431004,True
2015-10-31 23:00:00,8.74604624907688,-0.0001458611471431004,True
2015-01-28 13:00:00,8.747024557492033,-0.0001458611471431004,True
2011-01-28 12:00:00,8.745453253364774,-0.0001458611471431004,True
2012-02-07 07:00:00,8.746217243305766,-0.0001458611471431004,True
2013-11-18 20:00:00,8.746912003639157,-0.0001458611471431004,True
2012-10-27 13:00:00,8.746163474076655,-0.0001458611471431004,True
2007-01-26 23:00:00,8.796060434643993,-0.0001357538254824764,True
2016-11-05 02:00:00,8.794277388334162,-0.0001357538254824764,True
2012-02-06 18:00:00,8.795816408543223,-0.0001357538254824764,True
2006-11-24 10:00:00,8.796301025502832,-0.0001357538254824764,True
2013-02-05 08:00:00,8.793917252714662,-0.0001357538254824764,True
2011-01-30 22:00:00,8.795872446571334,-0.0001357538254824764,True
2011-02-03 22:00:00,8.794643341221509,-0.0001357538254824764,True
2016-11-10 12:00:00,8.794816092140136,-0.0001357538254824764,True
2006-11-23 12:00:00,8.79477807249741,-0.0001357538254824764,True
2017-11-08 12:00:00,9.093776218760604,-0.0001001676242540217,True
2015-01-13 20:00:00,9.086898270015784,-0.0001001676242540217,True
2013-02-03 10:00:00,9.08858540269974,-0.0001001676242540217,True
2013-11-25 18:00:00,9.088135567716211,-0.0001001676242540217,True
2013-01-20 13:00:00,9.096568937454943,-0.0001001676242540217,True
2013-02-02 00:00:00,9.089461017156651,-0.0001001676242540217,True
2014-12-20 21:00:00,9.08699665456256,-0.0001001676242540217,True
2006-11-24 22:00:00,9.094754925144294,-0.0001001676242540217,True
2015-01-09 11:00:00,9.093460382002007,-0.0001001676242540217,True
2012-02-03 11:00:00,9.0948135688284,-0.0001001676242540217,True
2013-10-26 00:00:00,9.090778348817013,-0.0001001676242540217,True
2012-02-04 18:00:00,9.093803737813763,-0.0001001676242540217,True
2012-02-05 05:00:00,9.095455740703446,-0.0001001676242540217,True
2012-02-06 01:00:00,9.095910283165647,-0.0001001676242540217,True
2012-11-03 14:00:00,9.09420176166927,-0.0001001676242540217,True
2014-11-06 09:00:00,9.087720539259276,-0.0001001676242540217,True
2016-01-07 03:00:00,9.091071935791694,-0.0001001676242540217,True
2011-11-03 03:00:00,9.094541055810998,-0.0001001676242540217,True
2016-11-14 22:00:00,9.095441307280424,-0.0001001676242540217,True
2014-12-20 04:00:00,9.090858656453358,-0.0001001676242540217,True
2013-12-19 20:00:00,9.092173564777235,-0.0001001676242540217,True
2011-11-05 07:00:00,9.096215553125637,-0.0001001676242540217,True
2012-11-17 15:00:00,9.089838586236766,-0.0001001676242540217,True
2011-01-31 07:00:00,9.09563626589925,-0.0001001676242540217,True
2006-11-27 01:00:00,9.08752455717739,-0.0001001676242540217,True
2011-01-30 19:00:00,9.091304623401154,-0.0001001676242540217,True
2011-01-31 12:00:00,9.090465722590622,-0.0001001676242540217,True
2011-10-24 03:00:00,9.092158278062287,-0.0001001676242540217,True
2018-01-08 00:00:00,9.091546648062764,-0.0001001676242540217,True
2013-12-25 17:00:00,9.091417471548194,-0.0001001676242540217,True
2013-12-25 10:00:00,9.091478482218143,-0.0001001676242540217,True
2014-01-31 03:00:00,9.09430278628449,-0.0001001676242540217,True
2011-10-30 08:00:00,8.845096380912652,-8.791265255703173e-05,True
2016-02-02 01:00:00,8.842524927845012,-8.791265255703173e-05,True
2011-10-30 13:00:00,8.806990627544717,-8.791265255703173e-05,True
2012-10-26 20:00:00,8.81320143805612,-8.791265255703173e-05,True
2012-10-31 23:00:00,8.810058471129027,-8.791265255703173e-05,True
2015-11-02 00:00:00,8.844272618382368,-8.791265255703173e-05,True
2014-11-27 05:00:00,8.806880049356844,-8.791265255703173e-05,True
2013-12-17 07:00:00,8.842736164062167,-8.791265255703173e-05,True
2015-01-11 17:00:00,8.802041111845611,-8.791265255703173e-05,True
2006-11-27 02:00:00,8.841206221015785,-8.791265255703173e-05,True
2015-11-21 06:00:00,8.84496463249033,-8.791265255703173e-05,True
2013-12-18 05:00:00,8.809125678421447,-8.791265255703173e-05,True
2016-01-31 15:00:00,8.813306490033522,-8.791265255703173e-05,True
2011-10-30 15:00:00,8.80289447415911,-8.791265255703173e-05,True
2015-01-24 08:00:00,8.802613387253515,-8.791265255703173e-05,True
2016-02-02 18:00:00,8.808640143517131,-8.791265255703173e-05,True
2016-01-08 17:00:00,8.813034056072501,-8.791265255703173e-05,True
2016-11-06 12:00:00,8.812012325521009,-8.791265255703173e-05,True
2016-11-05 19:00:00,8.808604328149881,-8.791265255703173e-05,True
2016-11-07 06:00:00,8.80916142126806,-8.791265255703173e-05,True
2016-02-02 23:00:00,8.811290812729943,-8.791265255703173e-05,True
2010-11-04 10:00:00,8.844462795867443,-8.791265255703173e-05,True
2014-01-20 21:00:00,8.840579927121333,-8.791265255703173e-05,True
2016-11-10 08:00:00,8.843122517820285,-8.791265255703173e-05,True
2014-01-14 15:00:00,8.807846135933318,-8.791265255703173e-05,True
2010-11-03 19:00:00,8.845049505844912,-8.791265255703173e-05,True
2015-10-31 13:00:00,8.802227824606591,-8.791265255703173e-05,True
2006-11-29 10:00:00,8.805022688763598,-8.791265255703173e-05,True
2006-11-29 15:00:00,8.843850993699359,-8.791265255703173e-05,True
2017-01-31 14:00:00,8.811441936059893,-8.791265255703173e-05,True
2011-02-03 12:00:00,8.808890500863365,-8.791265255703173e-05,True
2014-01-28 11:00:00,8.803334211415386,-8.791265255703173e-05,True
2014-02-02 12:00:00,8.80248288694913,-8.791265255703173e-05,True
2014-01-28 13:00:00,8.841224418294422,-8.791265255703173e-05,True
2011-02-01 06:00:00,8.804141152482773,-8.791265255703173e-05,True
2017-11-08 13:00:00,8.841433396306194,-8.791265255703173e-05,True
2013-02-02 23:00:00,8.802458628986333,-8.791265255703173e-05,True
2013-02-03 12:00:00,8.80196651172094,-8.791265255703173e-05,True
2013-01-30 11:00:00,8.802181008017948,-8.791265255703173e-05,True
2007-01-23 18:00:00,8.811889127015865,-8.791265255703173e-05,True
2017-11-10 11:00:00,8.812313474126002,-8.791265255703173e-05,True
2015-10-31 07:00:00,8.844243763436738,-8.791265255703173e-05,True
2012-02-02 22:00:00,8.844933848228091,-8.791265255703173e-05,True
2011-02-06 01:00:00,8.845492712058713,-8.791265255703173e-05,True
2011-10-22 19:00:00,8.803046904314368,-8.791265255703173e-05,True
2006-11-21 07:00:00,8.803324176679517,-8.791265255703173e-05,True
2006-11-20 22:00:00,8.80577592297932,-8.791265255703173e-05,True
2010-11-05 01:00:00,8.804635042793844,-8.791265255703173e-05,True
2010-11-05 05:00:00,8.804433769771931,-8.791265255703173e-05,True
2011-10-30 01:00:00,9.054263787497884,-1.1911305749290335e-05,True
2013-12-20 01:00:00,9.052462618057396,-1.1911305749290335e-05,True
2011-11-13 11:00:00,9.057634987652968,-1.1911305749290335e-05,True
2015-11-30 00:00:00,9.054122388115024,-1.1911305749290335e-05,True
2013-12-15 03:00:00,9.04871584442852,-1.1911305749290335e-05,True
2014-12-23 13:00:00,9.04849631616761,-1.1911305749290335e-05,True
2014-11-15 07:00:00,9.056703119075737,-1.1911305749290335e-05,True
2016-01-31 07:00:00,9.051181119032494,-1.1911305749290335e-05,True
2016-02-01 16:00:00,9.052287554361223,-1.1911305749290335e-05,True
2011-10-31 03:00:00,9.055573730415023,-1.1911305749290335e-05,True
2017-01-31 23:00:00,9.051950085985563,-1.1911305749290335e-05,True
2011-01-31 00:00:00,9.055139629321458,-1.1911305749290335e-05,True
2014-01-30 19:00:00,9.057800251631596,-1.1911305749290335e-05,True
2013-01-20 07:00:00,9.052681750366386,-1.1911305749290335e-05,True
2012-11-12 03:00:00,9.049231366017676,-1.1911305749290335e-05,True
2014-02-01 01:00:00,9.052507926455087,-1.1911305749290335e-05,True
2014-01-29 07:00:00,9.047822065743851,-1.1911305749290335e-05,True
2010-11-11 17:00:00,9.054501548779516,-1.1911305749290335e-05,True
2013-02-04 23:00:00,9.055840561242292,-1.1911305749290335e-05,True
2015-10-24 08:00:00,9.054776682933475,-1.1911305749290335e-05,True
2015-01-11 18:00:00,9.048548357922364,-1.1911305749290335e-05,True
2012-11-04 00:00:00,9.053510813404932,-1.1911305749290335e-05,True
2012-02-06 16:00:00,9.050991721077883,-1.1911305749290335e-05,True
2015-01-09 21:00:00,9.049672326624322,-1.1911305749290335e-05,True
2015-01-11 22:00:00,9.056474336128046,-1.1911305749290335e-05,True
2017-01-29 15:00:00,9.051419540092676,-1.1911305749290335e-05,True
2017-12-22 22:00:00,9.05085555266147,-1.1911305749290335e-05,True
2013-12-24 07:00:00,9.05146162002574,-1.1911305749290335e-05,True
2014-11-06 05:00:00,9.055506068624434,-1.1911305749290335e-05,True
2017-12-12 02:00:00,9.048808126416612,-1.1911305749290335e-05,True
2016-02-03 06:00:00,9.055632699800856,-1.1911305749290335e-05,True
2016-02-02 13:00:00,9.048917123893377,-1.1911305749290335e-05,True
2016-02-03 01:00:00,9.052526666928632,-1.1911305749290335e-05,True
2011-10-23 22:00:00,9.04801695926782,-1.1911305749290335e-05,True
2011-10-29 14:00:00,9.047980284355608,-1.1911305749290335e-05,True
2016-11-08 19:00:00,9.052477041298188,-1.1911305749290335e-05,True
2016-11-06 08:00:00,9.057324183998054,-1.1911305749290335e-05,True
