2025-09-14 14:09:43,606 - __main__ - INFO - Starting Telemetry Monitor Application
2025-09-14 14:09:50,281 - __main__ - ERROR - Failed to update logs: 'PySide6.QtGui.QTextCursor' object has no attribute 'End'
2025-09-14 14:09:51,864 - ingestion - INFO - Starting telemetry simulation loop
2025-09-14 14:09:51,864 - ingestion - INFO - Telemetry simulator started
2025-09-14 14:09:51,864 - __main__ - INFO - Telemetry simulator started
2025-09-14 14:09:55,866 - ingestion - INFO - Telemetry simulation loop ended
2025-09-14 14:09:55,867 - ingestion - INFO - Telemetry simulator stopped
2025-09-14 14:09:55,867 - __main__ - INFO - Telemetry simulator stopped
2025-09-14 14:09:55,881 - __main__ - ERROR - Failed to update logs: 'PySide6.QtGui.QTextCursor' object has no attribute 'End'
2025-09-14 14:09:55,888 - ingestion - INFO - Simulator data cleared
2025-09-14 14:09:55,888 - __main__ - INFO - All data cleared
2025-09-14 14:09:56,143 - ingestion - INFO - Simulator data cleared
2025-09-14 14:09:56,144 - __main__ - INFO - All data cleared
2025-09-14 14:10:00,283 - __main__ - ERROR - Failed to update logs: 'PySide6.QtGui.QTextCursor' object has no attribute 'End'
2025-09-14 14:10:05,310 - __main__ - ERROR - Failed to update logs: 'PySide6.QtGui.QTextCursor' object has no attribute 'End'
2025-09-14 14:10:10,294 - __main__ - ERROR - Failed to update logs: 'PySide6.QtGui.QTextCursor' object has no attribute 'End'
2025-09-14 14:10:15,307 - __main__ - ERROR - Failed to update logs: 'PySide6.QtGui.QTextCursor' object has no attribute 'End'
2025-09-14 14:10:20,305 - __main__ - ERROR - Failed to update logs: 'PySide6.QtGui.QTextCursor' object has no attribute 'End'
2025-09-14 14:10:25,312 - __main__ - ERROR - Failed to update logs: 'PySide6.QtGui.QTextCursor' object has no attribute 'End'
2025-09-14 14:10:30,298 - __main__ - ERROR - Failed to update logs: 'PySide6.QtGui.QTextCursor' object has no attribute 'End'
2025-09-14 14:10:35,336 - __main__ - ERROR - Failed to update logs: 'PySide6.QtGui.QTextCursor' object has no attribute 'End'
2025-09-14 14:10:40,323 - __main__ - ERROR - Failed to update logs: 'PySide6.QtGui.QTextCursor' object has no attribute 'End'
2025-09-14 14:10:45,344 - __main__ - ERROR - Failed to update logs: 'PySide6.QtGui.QTextCursor' object has no attribute 'End'
2025-09-14 14:10:55,350 - __main__ - ERROR - Failed to update logs: 'PySide6.QtGui.QTextCursor' object has no attribute 'End'
2025-09-14 14:10:59,397 - ingestion - INFO - Simulator data cleared
2025-09-14 14:10:59,398 - __main__ - INFO - All data cleared
2025-09-14 14:11:00,370 - __main__ - ERROR - Failed to update logs: 'PySide6.QtGui.QTextCursor' object has no attribute 'End'
2025-09-14 14:11:05,008 - __main__ - INFO - Closing Telemetry Monitor Application
2025-09-14 14:11:05,008 - ingestion - INFO - Telemetry simulator stopped
2025-09-14 14:17:22,487 - __main__ - INFO - Starting Telemetry Monitor Application
2025-09-14 14:17:22,499 - storage - INFO - Database schema created successfully
2025-09-14 14:17:22,499 - storage - INFO - Database initialized at C:\Users\Elnur\Desktop\STDMS\telemetry_monitor\data\telemetry.db
2025-09-14 14:17:22,500 - ingestion - INFO - Database storage enabled for simulator
2025-09-14 14:17:33,719 - storage - INFO - Background storage loop started
2025-09-14 14:17:33,719 - storage - INFO - Background storage service started
2025-09-14 14:17:33,719 - ingestion - INFO - Database storage service started
2025-09-14 14:17:33,720 - ingestion - INFO - Starting telemetry simulation loop
2025-09-14 14:17:33,720 - ingestion - INFO - Telemetry simulator started
2025-09-14 14:17:33,720 - __main__ - INFO - Telemetry simulator started
2025-09-14 14:17:37,721 - ingestion - INFO - Telemetry simulation loop ended
2025-09-14 14:17:37,752 - storage - INFO - Background storage loop ended
2025-09-14 14:17:37,753 - storage - INFO - Background storage service stopped
2025-09-14 14:17:37,753 - ingestion - INFO - Database storage service stopped
2025-09-14 14:17:37,753 - ingestion - INFO - Telemetry simulator stopped
2025-09-14 14:17:37,753 - __main__ - INFO - Telemetry simulator stopped
2025-09-14 14:17:38,806 - ingestion - INFO - Simulator data cleared
2025-09-14 14:17:38,806 - __main__ - INFO - All data cleared
2025-09-14 14:17:44,395 - __main__ - INFO - Exported 28 records to C:\Users\Elnur\Desktop\STDMS\telemetry_monitor\data\telemetry_export_20250914_141742.json
2025-09-14 14:17:45,392 - storage - INFO - Background storage loop started
2025-09-14 14:17:45,392 - storage - INFO - Background storage service started
2025-09-14 14:17:45,392 - ingestion - INFO - Database storage service started
2025-09-14 14:17:45,393 - ingestion - INFO - Starting telemetry simulation loop
2025-09-14 14:17:45,393 - ingestion - INFO - Telemetry simulator started
2025-09-14 14:17:45,393 - __main__ - INFO - Telemetry simulator started
2025-09-14 14:17:51,009 - __main__ - INFO - Closing Telemetry Monitor Application
2025-09-14 14:17:51,393 - ingestion - INFO - Telemetry simulation loop ended
2025-09-14 14:17:51,421 - storage - INFO - Background storage loop ended
2025-09-14 14:17:51,422 - storage - INFO - Background storage service stopped
2025-09-14 14:17:51,422 - ingestion - INFO - Database storage service stopped
2025-09-14 14:17:51,422 - ingestion - INFO - Telemetry simulator stopped
2025-09-14 14:17:58,035 - __main__ - INFO - Starting Telemetry Monitor Application
2025-09-14 14:17:58,042 - storage - INFO - Database schema created successfully
2025-09-14 14:17:58,042 - storage - INFO - Database initialized at C:\Users\Elnur\Desktop\STDMS\telemetry_monitor\data\telemetry.db
2025-09-14 14:17:58,042 - ingestion - INFO - Database storage enabled for simulator
2025-09-14 14:18:00,490 - storage - INFO - Background storage loop started
2025-09-14 14:18:00,490 - storage - INFO - Background storage service started
2025-09-14 14:18:00,490 - ingestion - INFO - Database storage service started
2025-09-14 14:18:00,491 - ingestion - INFO - Starting telemetry simulation loop
2025-09-14 14:18:00,491 - ingestion - INFO - Telemetry simulator started
2025-09-14 14:18:00,491 - __main__ - INFO - Telemetry simulator started
2025-09-14 14:18:02,491 - ingestion - INFO - Telemetry simulation loop ended
2025-09-14 14:18:02,532 - storage - INFO - Background storage loop ended
2025-09-14 14:18:02,533 - storage - INFO - Background storage service stopped
2025-09-14 14:18:02,533 - ingestion - INFO - Database storage service stopped
2025-09-14 14:18:02,533 - ingestion - INFO - Telemetry simulator stopped
2025-09-14 14:18:02,533 - __main__ - INFO - Telemetry simulator stopped
2025-09-14 14:18:02,540 - ingestion - INFO - Simulator data cleared
2025-09-14 14:18:02,540 - __main__ - INFO - All data cleared
2025-09-14 14:18:03,953 - ingestion - INFO - Simulator data cleared
2025-09-14 14:18:03,953 - __main__ - INFO - All data cleared
2025-09-14 14:18:04,297 - ingestion - INFO - Simulator data cleared
2025-09-14 14:18:04,297 - __main__ - INFO - All data cleared
2025-09-14 14:18:04,465 - ingestion - INFO - Simulator data cleared
2025-09-14 14:18:04,466 - __main__ - INFO - All data cleared
2025-09-14 14:18:04,641 - ingestion - INFO - Simulator data cleared
2025-09-14 14:18:04,642 - __main__ - INFO - All data cleared
2025-09-14 14:18:04,785 - ingestion - INFO - Simulator data cleared
2025-09-14 14:18:04,785 - __main__ - INFO - All data cleared
2025-09-14 14:18:08,578 - storage - INFO - Background storage loop started
2025-09-14 14:18:08,578 - storage - INFO - Background storage service started
2025-09-14 14:18:08,578 - ingestion - INFO - Database storage service started
2025-09-14 14:18:08,578 - ingestion - INFO - Starting telemetry simulation loop
2025-09-14 14:18:08,578 - ingestion - INFO - Telemetry simulator started
2025-09-14 14:18:08,579 - __main__ - INFO - Telemetry simulator started
2025-09-14 14:40:50,895 - ingestion - INFO - Telemetry simulation loop ended
2025-09-14 14:40:50,938 - storage - INFO - Background storage loop ended
2025-09-14 14:40:50,938 - storage - INFO - Background storage service stopped
2025-09-14 14:40:50,939 - ingestion - INFO - Database storage service stopped
2025-09-14 14:40:50,939 - ingestion - INFO - Telemetry simulator stopped
2025-09-14 14:40:50,939 - __main__ - INFO - Telemetry simulator stopped
2025-09-14 14:40:50,953 - ingestion - INFO - Simulator data cleared
2025-09-14 14:40:50,954 - __main__ - INFO - All data cleared
2025-09-14 14:42:34,807 - __main__ - INFO - Starting Telemetry Monitor Application
2025-09-14 14:42:34,942 - storage - INFO - Database schema created successfully
2025-09-14 14:42:34,942 - storage - INFO - Database initialized at C:\Users\Elnur\Desktop\STDMS\telemetry_monitor\data\telemetry.db
2025-09-14 14:42:34,942 - ingestion - INFO - Database storage enabled for simulator
2025-09-14 14:42:53,810 - anomaly - INFO - Models loaded successfully
2025-09-14 14:42:53,811 - ingestion - INFO - ML anomaly detection enabled for simulator
2025-09-14 14:42:53,945 - alerts - INFO - Alert processing loop started
2025-09-14 14:42:53,945 - alerts - INFO - Smart alert system started
2025-09-14 14:45:51,857 - storage - INFO - Background storage loop started
2025-09-14 14:45:51,857 - storage - INFO - Background storage service started
2025-09-14 14:45:51,857 - ingestion - INFO - Database storage service started
2025-09-14 14:45:51,858 - ingestion - INFO - Starting telemetry simulation loop
2025-09-14 14:45:51,858 - ingestion - INFO - Telemetry simulator started
2025-09-14 14:45:51,858 - anomaly - ERROR - Anomaly prediction failed: No models trained yet
2025-09-14 14:45:51,858 - __main__ - INFO - Telemetry simulator started
2025-09-14 14:45:51,858 - anomaly - ERROR - Anomaly prediction failed: No models trained yet
2025-09-14 14:45:51,858 - anomaly - ERROR - Anomaly prediction failed: No models trained yet
2025-09-14 14:45:51,858 - anomaly - ERROR - Anomaly prediction failed: No models trained yet
2025-09-14 14:45:53,859 - anomaly - ERROR - Anomaly prediction failed: No models trained yet
2025-09-14 14:45:53,859 - anomaly - ERROR - Anomaly prediction failed: No models trained yet
2025-09-14 14:45:53,860 - anomaly - ERROR - Anomaly prediction failed: No models trained yet
2025-09-14 14:45:53,860 - anomaly - ERROR - Anomaly prediction failed: No models trained yet
2025-09-14 14:45:55,860 - anomaly - ERROR - Anomaly prediction failed: No models trained yet
2025-09-14 14:45:55,861 - anomaly - ERROR - Anomaly prediction failed: No models trained yet
2025-09-14 14:45:55,861 - anomaly - ERROR - Anomaly prediction failed: No models trained yet
2025-09-14 14:45:55,862 - anomaly - ERROR - Anomaly prediction failed: No models trained yet
2025-09-14 14:45:57,862 - anomaly - ERROR - Anomaly prediction failed: No models trained yet
2025-09-14 14:45:57,863 - anomaly - ERROR - Anomaly prediction failed: No models trained yet
2025-09-14 14:45:57,863 - anomaly - ERROR - Anomaly prediction failed: No models trained yet
2025-09-14 14:45:57,863 - anomaly - ERROR - Anomaly prediction failed: No models trained yet
2025-09-14 14:45:58,020 - __main__ - INFO - Exported 1000 records to C:\Users\Elnur\Desktop\STDMS\telemetry_monitor\data\telemetry_export_20250914_144557.json
2025-09-14 14:45:59,864 - anomaly - ERROR - Anomaly prediction failed: No models trained yet
2025-09-14 14:45:59,864 - anomaly - ERROR - Anomaly prediction failed: No models trained yet
2025-09-14 14:45:59,864 - anomaly - ERROR - Anomaly prediction failed: No models trained yet
2025-09-14 14:45:59,864 - anomaly - ERROR - Anomaly prediction failed: No models trained yet
2025-09-14 14:46:00,222 - __main__ - INFO - Closing Telemetry Monitor Application
2025-09-14 14:46:01,865 - ingestion - INFO - Telemetry simulation loop ended
2025-09-14 14:46:01,909 - storage - INFO - Background storage loop ended
2025-09-14 14:46:01,910 - storage - INFO - Background storage service stopped
2025-09-14 14:46:01,910 - ingestion - INFO - Database storage service stopped
2025-09-14 14:46:01,910 - ingestion - INFO - Telemetry simulator stopped
2025-09-14 14:46:04,896 - __main__ - INFO - Starting Telemetry Monitor Application
2025-09-14 14:46:04,902 - storage - INFO - Database schema created successfully
2025-09-14 14:46:04,903 - storage - INFO - Database initialized at C:\Users\Elnur\Desktop\STDMS\telemetry_monitor\data\telemetry.db
2025-09-14 14:46:04,903 - ingestion - INFO - Database storage enabled for simulator
2025-09-14 14:46:08,188 - anomaly - INFO - Models loaded successfully
2025-09-14 14:46:08,189 - ingestion - INFO - ML anomaly detection enabled for simulator
2025-09-14 14:46:08,241 - alerts - INFO - Alert processing loop started
2025-09-14 14:46:08,241 - alerts - INFO - Smart alert system started
2025-09-14 14:46:30,286 - __main__ - INFO - Closing Telemetry Monitor Application
2025-09-14 14:46:30,286 - storage - INFO - Background storage service stopped
2025-09-14 14:46:30,286 - ingestion - INFO - Database storage service stopped
2025-09-14 14:46:30,286 - ingestion - INFO - Telemetry simulator stopped
2025-09-14 14:46:41,574 - storage - INFO - Background storage loop started
2025-09-14 14:46:41,574 - storage - INFO - Background storage service started
2025-09-14 14:46:41,574 - ingestion - INFO - Database storage service started
2025-09-14 14:46:41,574 - ingestion - INFO - Starting telemetry simulation loop
2025-09-14 14:46:41,574 - ingestion - INFO - Telemetry simulator started
2025-09-14 14:46:41,574 - anomaly - ERROR - Anomaly prediction failed: No models trained yet
2025-09-14 14:46:41,575 - __main__ - INFO - Telemetry simulator started
2025-09-14 14:46:41,575 - anomaly - ERROR - Anomaly prediction failed: No models trained yet
2025-09-14 14:46:41,575 - anomaly - ERROR - Anomaly prediction failed: No models trained yet
2025-09-14 14:46:41,575 - anomaly - ERROR - Anomaly prediction failed: No models trained yet
2025-09-14 14:46:43,576 - anomaly - ERROR - Anomaly prediction failed: No models trained yet
2025-09-14 14:46:43,576 - anomaly - ERROR - Anomaly prediction failed: No models trained yet
2025-09-14 14:46:43,576 - anomaly - ERROR - Anomaly prediction failed: No models trained yet
2025-09-14 14:46:43,577 - anomaly - ERROR - Anomaly prediction failed: No models trained yet
2025-09-14 14:46:45,577 - anomaly - ERROR - Anomaly prediction failed: No models trained yet
2025-09-14 14:46:45,578 - anomaly - ERROR - Anomaly prediction failed: No models trained yet
2025-09-14 14:46:45,578 - anomaly - ERROR - Anomaly prediction failed: No models trained yet
2025-09-14 14:46:45,578 - anomaly - ERROR - Anomaly prediction failed: No models trained yet
2025-09-14 14:46:47,578 - anomaly - ERROR - Anomaly prediction failed: No models trained yet
2025-09-14 14:46:47,579 - anomaly - ERROR - Anomaly prediction failed: No models trained yet
2025-09-14 14:46:47,579 - anomaly - ERROR - Anomaly prediction failed: No models trained yet
2025-09-14 14:46:47,579 - anomaly - ERROR - Anomaly prediction failed: No models trained yet
2025-09-14 14:46:49,579 - anomaly - ERROR - Anomaly prediction failed: No models trained yet
2025-09-14 14:46:49,580 - anomaly - ERROR - Anomaly prediction failed: No models trained yet
2025-09-14 14:46:49,580 - anomaly - ERROR - Anomaly prediction failed: No models trained yet
2025-09-14 14:46:49,580 - anomaly - ERROR - Anomaly prediction failed: No models trained yet
2025-09-14 14:46:51,581 - anomaly - ERROR - Anomaly prediction failed: No models trained yet
2025-09-14 14:46:51,581 - anomaly - ERROR - Anomaly prediction failed: No models trained yet
2025-09-14 14:46:51,581 - anomaly - ERROR - Anomaly prediction failed: No models trained yet
2025-09-14 14:46:51,582 - anomaly - ERROR - Anomaly prediction failed: No models trained yet
2025-09-14 14:46:53,582 - anomaly - ERROR - Anomaly prediction failed: No models trained yet
2025-09-14 14:46:53,582 - anomaly - ERROR - Anomaly prediction failed: No models trained yet
2025-09-14 14:46:53,583 - anomaly - ERROR - Anomaly prediction failed: No models trained yet
2025-09-14 14:46:53,583 - anomaly - ERROR - Anomaly prediction failed: No models trained yet
2025-09-14 14:46:55,583 - anomaly - ERROR - Anomaly prediction failed: No models trained yet
2025-09-14 14:46:55,584 - anomaly - ERROR - Anomaly prediction failed: No models trained yet
2025-09-14 14:46:55,584 - anomaly - ERROR - Anomaly prediction failed: No models trained yet
2025-09-14 14:46:55,584 - anomaly - ERROR - Anomaly prediction failed: No models trained yet
2025-09-14 14:46:57,273 - __main__ - INFO - Exported 1000 records to C:\Users\Elnur\Desktop\STDMS\telemetry_monitor\data\telemetry_export_20250914_144653.json
2025-09-14 14:46:57,585 - anomaly - ERROR - Anomaly prediction failed: No models trained yet
2025-09-14 14:46:57,585 - anomaly - ERROR - Anomaly prediction failed: No models trained yet
2025-09-14 14:46:57,585 - anomaly - ERROR - Anomaly prediction failed: No models trained yet
2025-09-14 14:46:57,586 - anomaly - ERROR - Anomaly prediction failed: No models trained yet
2025-09-14 14:46:59,558 - __main__ - ERROR - ML model training failed: 'PySide6.QtWidgets.QWidget.setWindowModality' called with wrong argument types:
  PySide6.QtWidgets.QWidget.setWindowModality(int)
Supported signatures:
  PySide6.QtWidgets.QWidget.setWindowModality(windowModality: PySide6.QtCore.Qt.WindowModality, /)
2025-09-14 14:46:59,586 - anomaly - ERROR - Anomaly prediction failed: No models trained yet
2025-09-14 14:46:59,586 - anomaly - ERROR - Anomaly prediction failed: No models trained yet
2025-09-14 14:46:59,587 - anomaly - ERROR - Anomaly prediction failed: No models trained yet
2025-09-14 14:46:59,587 - anomaly - ERROR - Anomaly prediction failed: No models trained yet
2025-09-14 14:47:01,587 - anomaly - ERROR - Anomaly prediction failed: No models trained yet
2025-09-14 14:47:01,587 - anomaly - ERROR - Anomaly prediction failed: No models trained yet
2025-09-14 14:47:01,588 - anomaly - ERROR - Anomaly prediction failed: No models trained yet
2025-09-14 14:47:01,588 - anomaly - ERROR - Anomaly prediction failed: No models trained yet
2025-09-14 14:47:03,588 - anomaly - ERROR - Anomaly prediction failed: No models trained yet
2025-09-14 14:47:03,589 - anomaly - ERROR - Anomaly prediction failed: No models trained yet
2025-09-14 14:47:03,589 - anomaly - ERROR - Anomaly prediction failed: No models trained yet
2025-09-14 14:47:03,589 - anomaly - ERROR - Anomaly prediction failed: No models trained yet
2025-09-14 14:47:05,590 - anomaly - ERROR - Anomaly prediction failed: No models trained yet
2025-09-14 14:47:05,590 - anomaly - ERROR - Anomaly prediction failed: No models trained yet
2025-09-14 14:47:05,591 - anomaly - ERROR - Anomaly prediction failed: No models trained yet
2025-09-14 14:47:05,591 - anomaly - ERROR - Anomaly prediction failed: No models trained yet
2025-09-14 14:47:07,591 - anomaly - ERROR - Anomaly prediction failed: No models trained yet
2025-09-14 14:47:07,592 - anomaly - ERROR - Anomaly prediction failed: No models trained yet
2025-09-14 14:47:07,592 - anomaly - ERROR - Anomaly prediction failed: No models trained yet
2025-09-14 14:47:07,592 - anomaly - ERROR - Anomaly prediction failed: No models trained yet
2025-09-14 14:47:09,593 - anomaly - ERROR - Anomaly prediction failed: No models trained yet
2025-09-14 14:47:09,593 - anomaly - ERROR - Anomaly prediction failed: No models trained yet
2025-09-14 14:47:09,593 - anomaly - ERROR - Anomaly prediction failed: No models trained yet
2025-09-14 14:47:09,594 - anomaly - ERROR - Anomaly prediction failed: No models trained yet
2025-09-14 14:47:11,594 - anomaly - ERROR - Anomaly prediction failed: No models trained yet
2025-09-14 14:47:11,595 - anomaly - ERROR - Anomaly prediction failed: No models trained yet
2025-09-14 14:47:11,595 - anomaly - ERROR - Anomaly prediction failed: No models trained yet
2025-09-14 14:47:11,595 - anomaly - ERROR - Anomaly prediction failed: No models trained yet
2025-09-14 14:47:13,596 - anomaly - ERROR - Anomaly prediction failed: No models trained yet
2025-09-14 14:47:13,596 - anomaly - ERROR - Anomaly prediction failed: No models trained yet
2025-09-14 14:47:13,596 - anomaly - ERROR - Anomaly prediction failed: No models trained yet
2025-09-14 14:47:13,596 - anomaly - ERROR - Anomaly prediction failed: No models trained yet
2025-09-14 14:47:15,597 - anomaly - ERROR - Anomaly prediction failed: No models trained yet
2025-09-14 14:47:15,598 - anomaly - ERROR - Anomaly prediction failed: No models trained yet
2025-09-14 14:47:15,598 - anomaly - ERROR - Anomaly prediction failed: No models trained yet
2025-09-14 14:47:15,598 - anomaly - ERROR - Anomaly prediction failed: No models trained yet
2025-09-14 14:47:17,599 - anomaly - ERROR - Anomaly prediction failed: No models trained yet
2025-09-14 14:47:17,599 - anomaly - ERROR - Anomaly prediction failed: No models trained yet
2025-09-14 14:47:17,599 - anomaly - ERROR - Anomaly prediction failed: No models trained yet
2025-09-14 14:47:17,599 - anomaly - ERROR - Anomaly prediction failed: No models trained yet
2025-09-14 14:47:19,600 - anomaly - ERROR - Anomaly prediction failed: No models trained yet
2025-09-14 14:47:19,600 - anomaly - ERROR - Anomaly prediction failed: No models trained yet
2025-09-14 14:47:19,601 - anomaly - ERROR - Anomaly prediction failed: No models trained yet
2025-09-14 14:47:19,601 - anomaly - ERROR - Anomaly prediction failed: No models trained yet
2025-09-14 14:47:21,601 - anomaly - ERROR - Anomaly prediction failed: No models trained yet
2025-09-14 14:47:21,602 - anomaly - ERROR - Anomaly prediction failed: No models trained yet
2025-09-14 14:47:21,602 - anomaly - ERROR - Anomaly prediction failed: No models trained yet
2025-09-14 14:47:21,602 - anomaly - ERROR - Anomaly prediction failed: No models trained yet
2025-09-14 14:47:23,603 - anomaly - ERROR - Anomaly prediction failed: No models trained yet
2025-09-14 14:47:23,603 - anomaly - ERROR - Anomaly prediction failed: No models trained yet
2025-09-14 14:47:23,604 - anomaly - ERROR - Anomaly prediction failed: No models trained yet
2025-09-14 14:47:23,604 - anomaly - ERROR - Anomaly prediction failed: No models trained yet
2025-09-14 14:47:25,605 - anomaly - ERROR - Anomaly prediction failed: No models trained yet
2025-09-14 14:47:25,605 - anomaly - ERROR - Anomaly prediction failed: No models trained yet
2025-09-14 14:47:25,606 - anomaly - ERROR - Anomaly prediction failed: No models trained yet
2025-09-14 14:47:25,606 - anomaly - ERROR - Anomaly prediction failed: No models trained yet
2025-09-14 14:47:27,606 - anomaly - ERROR - Anomaly prediction failed: No models trained yet
2025-09-14 14:47:27,607 - anomaly - ERROR - Anomaly prediction failed: No models trained yet
2025-09-14 14:47:27,607 - anomaly - ERROR - Anomaly prediction failed: No models trained yet
2025-09-14 14:47:27,607 - anomaly - ERROR - Anomaly prediction failed: No models trained yet
2025-09-14 14:47:29,608 - anomaly - ERROR - Anomaly prediction failed: No models trained yet
2025-09-14 14:47:29,608 - anomaly - ERROR - Anomaly prediction failed: No models trained yet
2025-09-14 14:47:29,608 - anomaly - ERROR - Anomaly prediction failed: No models trained yet
2025-09-14 14:47:29,609 - anomaly - ERROR - Anomaly prediction failed: No models trained yet
2025-09-14 14:47:31,609 - anomaly - ERROR - Anomaly prediction failed: No models trained yet
2025-09-14 14:47:31,610 - anomaly - ERROR - Anomaly prediction failed: No models trained yet
2025-09-14 14:47:31,610 - anomaly - ERROR - Anomaly prediction failed: No models trained yet
2025-09-14 14:47:31,610 - anomaly - ERROR - Anomaly prediction failed: No models trained yet
2025-09-14 14:47:33,611 - anomaly - ERROR - Anomaly prediction failed: No models trained yet
2025-09-14 14:47:33,611 - anomaly - ERROR - Anomaly prediction failed: No models trained yet
2025-09-14 14:47:33,611 - anomaly - ERROR - Anomaly prediction failed: No models trained yet
2025-09-14 14:47:33,611 - anomaly - ERROR - Anomaly prediction failed: No models trained yet
2025-09-14 14:47:35,612 - anomaly - ERROR - Anomaly prediction failed: No models trained yet
2025-09-14 14:47:35,613 - anomaly - ERROR - Anomaly prediction failed: No models trained yet
2025-09-14 14:47:35,613 - anomaly - ERROR - Anomaly prediction failed: No models trained yet
2025-09-14 14:47:35,613 - anomaly - ERROR - Anomaly prediction failed: No models trained yet
2025-09-14 14:47:37,614 - anomaly - ERROR - Anomaly prediction failed: No models trained yet
2025-09-14 14:47:37,614 - anomaly - ERROR - Anomaly prediction failed: No models trained yet
2025-09-14 14:47:37,615 - anomaly - ERROR - Anomaly prediction failed: No models trained yet
2025-09-14 14:47:37,615 - anomaly - ERROR - Anomaly prediction failed: No models trained yet
2025-09-14 14:47:39,615 - anomaly - ERROR - Anomaly prediction failed: No models trained yet
2025-09-14 14:47:39,615 - anomaly - ERROR - Anomaly prediction failed: No models trained yet
2025-09-14 14:47:39,615 - anomaly - ERROR - Anomaly prediction failed: No models trained yet
2025-09-14 14:47:39,616 - anomaly - ERROR - Anomaly prediction failed: No models trained yet
2025-09-14 14:47:41,616 - anomaly - ERROR - Anomaly prediction failed: No models trained yet
2025-09-14 14:47:41,617 - anomaly - ERROR - Anomaly prediction failed: No models trained yet
2025-09-14 14:47:41,617 - anomaly - ERROR - Anomaly prediction failed: No models trained yet
2025-09-14 14:47:41,617 - anomaly - ERROR - Anomaly prediction failed: No models trained yet
2025-09-14 14:47:43,618 - anomaly - ERROR - Anomaly prediction failed: No models trained yet
2025-09-14 14:47:43,618 - anomaly - ERROR - Anomaly prediction failed: No models trained yet
2025-09-14 14:47:43,618 - anomaly - ERROR - Anomaly prediction failed: No models trained yet
2025-09-14 14:47:43,618 - anomaly - ERROR - Anomaly prediction failed: No models trained yet
2025-09-14 14:47:45,619 - anomaly - ERROR - Anomaly prediction failed: No models trained yet
2025-09-14 14:47:45,619 - anomaly - ERROR - Anomaly prediction failed: No models trained yet
2025-09-14 14:47:45,620 - anomaly - ERROR - Anomaly prediction failed: No models trained yet
2025-09-14 14:47:45,620 - anomaly - ERROR - Anomaly prediction failed: No models trained yet
2025-09-14 14:47:47,620 - anomaly - ERROR - Anomaly prediction failed: No models trained yet
2025-09-14 14:47:47,621 - anomaly - ERROR - Anomaly prediction failed: No models trained yet
2025-09-14 14:47:47,621 - anomaly - ERROR - Anomaly prediction failed: No models trained yet
2025-09-14 14:47:47,621 - anomaly - ERROR - Anomaly prediction failed: No models trained yet
2025-09-14 14:47:49,622 - anomaly - ERROR - Anomaly prediction failed: No models trained yet
2025-09-14 14:47:49,622 - anomaly - ERROR - Anomaly prediction failed: No models trained yet
2025-09-14 14:47:49,622 - anomaly - ERROR - Anomaly prediction failed: No models trained yet
2025-09-14 14:47:49,622 - anomaly - ERROR - Anomaly prediction failed: No models trained yet
2025-09-14 14:47:51,623 - anomaly - ERROR - Anomaly prediction failed: No models trained yet
2025-09-14 14:47:51,623 - anomaly - ERROR - Anomaly prediction failed: No models trained yet
2025-09-14 14:47:51,624 - anomaly - ERROR - Anomaly prediction failed: No models trained yet
2025-09-14 14:47:51,624 - anomaly - ERROR - Anomaly prediction failed: No models trained yet
2025-09-14 14:47:53,625 - anomaly - ERROR - Anomaly prediction failed: No models trained yet
2025-09-14 14:47:53,625 - anomaly - ERROR - Anomaly prediction failed: No models trained yet
2025-09-14 14:47:53,625 - anomaly - ERROR - Anomaly prediction failed: No models trained yet
2025-09-14 14:47:53,625 - anomaly - ERROR - Anomaly prediction failed: No models trained yet
2025-09-14 14:47:55,626 - anomaly - ERROR - Anomaly prediction failed: No models trained yet
2025-09-14 14:47:55,626 - anomaly - ERROR - Anomaly prediction failed: No models trained yet
2025-09-14 14:47:55,627 - anomaly - ERROR - Anomaly prediction failed: No models trained yet
2025-09-14 14:47:55,627 - anomaly - ERROR - Anomaly prediction failed: No models trained yet
2025-09-14 14:47:57,627 - anomaly - ERROR - Anomaly prediction failed: No models trained yet
2025-09-14 14:47:57,628 - anomaly - ERROR - Anomaly prediction failed: No models trained yet
2025-09-14 14:47:57,628 - anomaly - ERROR - Anomaly prediction failed: No models trained yet
2025-09-14 14:47:57,628 - anomaly - ERROR - Anomaly prediction failed: No models trained yet
2025-09-14 14:47:59,629 - anomaly - ERROR - Anomaly prediction failed: No models trained yet
2025-09-14 14:47:59,629 - anomaly - ERROR - Anomaly prediction failed: No models trained yet
2025-09-14 14:47:59,629 - anomaly - ERROR - Anomaly prediction failed: No models trained yet
2025-09-14 14:47:59,629 - anomaly - ERROR - Anomaly prediction failed: No models trained yet
2025-09-14 14:48:01,630 - anomaly - ERROR - Anomaly prediction failed: No models trained yet
2025-09-14 14:48:01,630 - anomaly - ERROR - Anomaly prediction failed: No models trained yet
2025-09-14 14:48:01,630 - anomaly - ERROR - Anomaly prediction failed: No models trained yet
2025-09-14 14:48:01,630 - anomaly - ERROR - Anomaly prediction failed: No models trained yet
2025-09-14 14:48:03,631 - anomaly - ERROR - Anomaly prediction failed: No models trained yet
2025-09-14 14:48:03,631 - anomaly - ERROR - Anomaly prediction failed: No models trained yet
2025-09-14 14:48:03,632 - anomaly - ERROR - Anomaly prediction failed: No models trained yet
2025-09-14 14:48:03,632 - anomaly - ERROR - Anomaly prediction failed: No models trained yet
2025-09-14 14:48:05,632 - anomaly - ERROR - Anomaly prediction failed: No models trained yet
2025-09-14 14:48:05,633 - anomaly - ERROR - Anomaly prediction failed: No models trained yet
2025-09-14 14:48:05,633 - anomaly - ERROR - Anomaly prediction failed: No models trained yet
2025-09-14 14:48:05,633 - anomaly - ERROR - Anomaly prediction failed: No models trained yet
2025-09-14 14:48:07,634 - anomaly - ERROR - Anomaly prediction failed: No models trained yet
2025-09-14 14:48:07,634 - anomaly - ERROR - Anomaly prediction failed: No models trained yet
2025-09-14 14:48:07,634 - anomaly - ERROR - Anomaly prediction failed: No models trained yet
2025-09-14 14:48:07,634 - anomaly - ERROR - Anomaly prediction failed: No models trained yet
2025-09-14 14:48:09,635 - anomaly - ERROR - Anomaly prediction failed: No models trained yet
2025-09-14 14:48:09,635 - anomaly - ERROR - Anomaly prediction failed: No models trained yet
2025-09-14 14:48:09,636 - anomaly - ERROR - Anomaly prediction failed: No models trained yet
2025-09-14 14:48:09,636 - anomaly - ERROR - Anomaly prediction failed: No models trained yet
2025-09-14 14:48:11,636 - anomaly - ERROR - Anomaly prediction failed: No models trained yet
2025-09-14 14:48:11,637 - anomaly - ERROR - Anomaly prediction failed: No models trained yet
2025-09-14 14:48:11,637 - anomaly - ERROR - Anomaly prediction failed: No models trained yet
2025-09-14 14:48:11,637 - anomaly - ERROR - Anomaly prediction failed: No models trained yet
2025-09-14 14:48:13,638 - anomaly - ERROR - Anomaly prediction failed: No models trained yet
2025-09-14 14:48:13,638 - anomaly - ERROR - Anomaly prediction failed: No models trained yet
2025-09-14 14:48:13,638 - anomaly - ERROR - Anomaly prediction failed: No models trained yet
2025-09-14 14:48:13,638 - anomaly - ERROR - Anomaly prediction failed: No models trained yet
2025-09-14 14:48:15,639 - anomaly - ERROR - Anomaly prediction failed: No models trained yet
2025-09-14 14:48:15,639 - anomaly - ERROR - Anomaly prediction failed: No models trained yet
2025-09-14 14:48:15,639 - anomaly - ERROR - Anomaly prediction failed: No models trained yet
2025-09-14 14:48:15,640 - anomaly - ERROR - Anomaly prediction failed: No models trained yet
2025-09-14 14:48:17,640 - anomaly - ERROR - Anomaly prediction failed: No models trained yet
2025-09-14 14:48:17,641 - anomaly - ERROR - Anomaly prediction failed: No models trained yet
2025-09-14 14:48:17,641 - anomaly - ERROR - Anomaly prediction failed: No models trained yet
2025-09-14 14:48:17,641 - anomaly - ERROR - Anomaly prediction failed: No models trained yet
2025-09-14 14:48:19,642 - anomaly - ERROR - Anomaly prediction failed: No models trained yet
2025-09-14 14:48:19,642 - anomaly - ERROR - Anomaly prediction failed: No models trained yet
2025-09-14 14:48:19,642 - anomaly - ERROR - Anomaly prediction failed: No models trained yet
2025-09-14 14:48:19,643 - anomaly - ERROR - Anomaly prediction failed: No models trained yet
2025-09-14 14:48:21,644 - anomaly - ERROR - Anomaly prediction failed: No models trained yet
2025-09-14 14:48:21,644 - anomaly - ERROR - Anomaly prediction failed: No models trained yet
2025-09-14 14:48:21,644 - anomaly - ERROR - Anomaly prediction failed: No models trained yet
2025-09-14 14:48:21,644 - anomaly - ERROR - Anomaly prediction failed: No models trained yet
2025-09-14 14:48:23,645 - anomaly - ERROR - Anomaly prediction failed: No models trained yet
2025-09-14 14:48:23,646 - anomaly - ERROR - Anomaly prediction failed: No models trained yet
2025-09-14 14:48:23,646 - anomaly - ERROR - Anomaly prediction failed: No models trained yet
2025-09-14 14:48:23,646 - anomaly - ERROR - Anomaly prediction failed: No models trained yet
2025-09-14 14:48:25,647 - anomaly - ERROR - Anomaly prediction failed: No models trained yet
2025-09-14 14:48:25,647 - anomaly - ERROR - Anomaly prediction failed: No models trained yet
2025-09-14 14:48:25,647 - anomaly - ERROR - Anomaly prediction failed: No models trained yet
2025-09-14 14:48:25,647 - anomaly - ERROR - Anomaly prediction failed: No models trained yet
2025-09-14 14:48:27,648 - anomaly - ERROR - Anomaly prediction failed: No models trained yet
2025-09-14 14:48:27,648 - anomaly - ERROR - Anomaly prediction failed: No models trained yet
2025-09-14 14:48:27,649 - anomaly - ERROR - Anomaly prediction failed: No models trained yet
2025-09-14 14:48:27,649 - anomaly - ERROR - Anomaly prediction failed: No models trained yet
2025-09-14 14:48:29,649 - anomaly - ERROR - Anomaly prediction failed: No models trained yet
2025-09-14 14:48:29,650 - anomaly - ERROR - Anomaly prediction failed: No models trained yet
2025-09-14 14:48:29,650 - anomaly - ERROR - Anomaly prediction failed: No models trained yet
2025-09-14 14:48:29,650 - anomaly - ERROR - Anomaly prediction failed: No models trained yet
2025-09-14 14:48:31,651 - anomaly - ERROR - Anomaly prediction failed: No models trained yet
2025-09-14 14:48:31,651 - anomaly - ERROR - Anomaly prediction failed: No models trained yet
2025-09-14 14:48:31,651 - anomaly - ERROR - Anomaly prediction failed: No models trained yet
2025-09-14 14:48:31,652 - anomaly - ERROR - Anomaly prediction failed: No models trained yet
2025-09-14 14:48:33,652 - anomaly - ERROR - Anomaly prediction failed: No models trained yet
2025-09-14 14:48:33,653 - anomaly - ERROR - Anomaly prediction failed: No models trained yet
2025-09-14 14:48:33,653 - anomaly - ERROR - Anomaly prediction failed: No models trained yet
2025-09-14 14:48:33,653 - anomaly - ERROR - Anomaly prediction failed: No models trained yet
2025-09-14 14:48:35,653 - anomaly - ERROR - Anomaly prediction failed: No models trained yet
2025-09-14 14:48:35,654 - anomaly - ERROR - Anomaly prediction failed: No models trained yet
2025-09-14 14:48:35,654 - anomaly - ERROR - Anomaly prediction failed: No models trained yet
2025-09-14 14:48:35,654 - anomaly - ERROR - Anomaly prediction failed: No models trained yet
2025-09-14 14:48:37,655 - anomaly - ERROR - Anomaly prediction failed: No models trained yet
2025-09-14 14:48:37,655 - anomaly - ERROR - Anomaly prediction failed: No models trained yet
2025-09-14 14:48:37,655 - anomaly - ERROR - Anomaly prediction failed: No models trained yet
2025-09-14 14:48:37,655 - anomaly - ERROR - Anomaly prediction failed: No models trained yet
2025-09-14 14:48:39,656 - anomaly - ERROR - Anomaly prediction failed: No models trained yet
2025-09-14 14:48:39,656 - anomaly - ERROR - Anomaly prediction failed: No models trained yet
2025-09-14 14:48:39,657 - anomaly - ERROR - Anomaly prediction failed: No models trained yet
2025-09-14 14:48:39,657 - anomaly - ERROR - Anomaly prediction failed: No models trained yet
2025-09-14 14:48:41,657 - anomaly - ERROR - Anomaly prediction failed: No models trained yet
2025-09-14 14:48:41,658 - anomaly - ERROR - Anomaly prediction failed: No models trained yet
2025-09-14 14:48:41,658 - anomaly - ERROR - Anomaly prediction failed: No models trained yet
2025-09-14 14:48:41,658 - anomaly - ERROR - Anomaly prediction failed: No models trained yet
2025-09-14 14:48:43,659 - anomaly - ERROR - Anomaly prediction failed: No models trained yet
2025-09-14 14:48:43,659 - anomaly - ERROR - Anomaly prediction failed: No models trained yet
2025-09-14 14:48:43,660 - anomaly - ERROR - Anomaly prediction failed: No models trained yet
2025-09-14 14:48:43,660 - anomaly - ERROR - Anomaly prediction failed: No models trained yet
2025-09-14 14:48:45,660 - anomaly - ERROR - Anomaly prediction failed: No models trained yet
2025-09-14 14:48:45,661 - anomaly - ERROR - Anomaly prediction failed: No models trained yet
2025-09-14 14:48:45,661 - anomaly - ERROR - Anomaly prediction failed: No models trained yet
2025-09-14 14:48:45,661 - anomaly - ERROR - Anomaly prediction failed: No models trained yet
2025-09-14 14:48:47,662 - anomaly - ERROR - Anomaly prediction failed: No models trained yet
2025-09-14 14:48:47,662 - anomaly - ERROR - Anomaly prediction failed: No models trained yet
2025-09-14 14:48:47,663 - anomaly - ERROR - Anomaly prediction failed: No models trained yet
2025-09-14 14:48:47,663 - anomaly - ERROR - Anomaly prediction failed: No models trained yet
2025-09-14 14:48:49,663 - anomaly - ERROR - Anomaly prediction failed: No models trained yet
2025-09-14 14:48:49,664 - anomaly - ERROR - Anomaly prediction failed: No models trained yet
2025-09-14 14:48:49,664 - anomaly - ERROR - Anomaly prediction failed: No models trained yet
2025-09-14 14:48:49,664 - anomaly - ERROR - Anomaly prediction failed: No models trained yet
2025-09-14 14:48:51,665 - anomaly - ERROR - Anomaly prediction failed: No models trained yet
2025-09-14 14:48:51,665 - anomaly - ERROR - Anomaly prediction failed: No models trained yet
2025-09-14 14:48:51,665 - anomaly - ERROR - Anomaly prediction failed: No models trained yet
2025-09-14 14:48:51,665 - anomaly - ERROR - Anomaly prediction failed: No models trained yet
2025-09-14 14:48:53,666 - anomaly - ERROR - Anomaly prediction failed: No models trained yet
2025-09-14 14:48:53,666 - anomaly - ERROR - Anomaly prediction failed: No models trained yet
2025-09-14 14:48:53,667 - anomaly - ERROR - Anomaly prediction failed: No models trained yet
2025-09-14 14:48:53,667 - anomaly - ERROR - Anomaly prediction failed: No models trained yet
2025-09-14 14:48:55,667 - anomaly - ERROR - Anomaly prediction failed: No models trained yet
2025-09-14 14:48:55,668 - anomaly - ERROR - Anomaly prediction failed: No models trained yet
2025-09-14 14:48:55,668 - anomaly - ERROR - Anomaly prediction failed: No models trained yet
2025-09-14 14:48:55,668 - anomaly - ERROR - Anomaly prediction failed: No models trained yet
2025-09-14 14:48:57,669 - anomaly - ERROR - Anomaly prediction failed: No models trained yet
2025-09-14 14:48:57,669 - anomaly - ERROR - Anomaly prediction failed: No models trained yet
2025-09-14 14:48:57,669 - anomaly - ERROR - Anomaly prediction failed: No models trained yet
2025-09-14 14:48:57,669 - anomaly - ERROR - Anomaly prediction failed: No models trained yet
2025-09-14 14:48:59,670 - anomaly - ERROR - Anomaly prediction failed: No models trained yet
2025-09-14 14:48:59,670 - anomaly - ERROR - Anomaly prediction failed: No models trained yet
2025-09-14 14:48:59,670 - anomaly - ERROR - Anomaly prediction failed: No models trained yet
2025-09-14 14:48:59,671 - anomaly - ERROR - Anomaly prediction failed: No models trained yet
2025-09-14 14:49:01,671 - anomaly - ERROR - Anomaly prediction failed: No models trained yet
2025-09-14 14:49:01,672 - anomaly - ERROR - Anomaly prediction failed: No models trained yet
2025-09-14 14:49:01,672 - anomaly - ERROR - Anomaly prediction failed: No models trained yet
2025-09-14 14:49:01,672 - anomaly - ERROR - Anomaly prediction failed: No models trained yet
2025-09-14 14:49:03,673 - anomaly - ERROR - Anomaly prediction failed: No models trained yet
2025-09-14 14:49:03,673 - anomaly - ERROR - Anomaly prediction failed: No models trained yet
2025-09-14 14:49:03,674 - anomaly - ERROR - Anomaly prediction failed: No models trained yet
2025-09-14 14:49:03,674 - anomaly - ERROR - Anomaly prediction failed: No models trained yet
2025-09-14 14:49:05,674 - anomaly - ERROR - Anomaly prediction failed: No models trained yet
2025-09-14 14:49:05,675 - anomaly - ERROR - Anomaly prediction failed: No models trained yet
2025-09-14 14:49:05,675 - anomaly - ERROR - Anomaly prediction failed: No models trained yet
2025-09-14 14:49:05,675 - anomaly - ERROR - Anomaly prediction failed: No models trained yet
2025-09-14 14:49:07,675 - anomaly - ERROR - Anomaly prediction failed: No models trained yet
2025-09-14 14:49:07,676 - anomaly - ERROR - Anomaly prediction failed: No models trained yet
2025-09-14 14:49:07,676 - anomaly - ERROR - Anomaly prediction failed: No models trained yet
2025-09-14 14:49:07,676 - anomaly - ERROR - Anomaly prediction failed: No models trained yet
2025-09-14 14:49:09,677 - anomaly - ERROR - Anomaly prediction failed: No models trained yet
2025-09-14 14:49:09,677 - anomaly - ERROR - Anomaly prediction failed: No models trained yet
2025-09-14 14:49:09,678 - anomaly - ERROR - Anomaly prediction failed: No models trained yet
2025-09-14 14:49:09,678 - anomaly - ERROR - Anomaly prediction failed: No models trained yet
2025-09-14 14:49:11,678 - anomaly - ERROR - Anomaly prediction failed: No models trained yet
2025-09-14 14:49:11,679 - anomaly - ERROR - Anomaly prediction failed: No models trained yet
2025-09-14 14:49:11,679 - anomaly - ERROR - Anomaly prediction failed: No models trained yet
2025-09-14 14:49:11,679 - anomaly - ERROR - Anomaly prediction failed: No models trained yet
2025-09-14 14:49:13,680 - anomaly - ERROR - Anomaly prediction failed: No models trained yet
2025-09-14 14:49:13,680 - anomaly - ERROR - Anomaly prediction failed: No models trained yet
2025-09-14 14:49:13,680 - anomaly - ERROR - Anomaly prediction failed: No models trained yet
2025-09-14 14:49:13,681 - anomaly - ERROR - Anomaly prediction failed: No models trained yet
2025-09-14 14:49:15,681 - anomaly - ERROR - Anomaly prediction failed: No models trained yet
2025-09-14 14:49:15,681 - anomaly - ERROR - Anomaly prediction failed: No models trained yet
2025-09-14 14:49:15,682 - anomaly - ERROR - Anomaly prediction failed: No models trained yet
2025-09-14 14:49:15,682 - anomaly - ERROR - Anomaly prediction failed: No models trained yet
2025-09-14 14:49:17,682 - anomaly - ERROR - Anomaly prediction failed: No models trained yet
2025-09-14 14:49:17,683 - anomaly - ERROR - Anomaly prediction failed: No models trained yet
2025-09-14 14:49:17,683 - anomaly - ERROR - Anomaly prediction failed: No models trained yet
2025-09-14 14:49:17,683 - anomaly - ERROR - Anomaly prediction failed: No models trained yet
2025-09-14 14:49:19,684 - anomaly - ERROR - Anomaly prediction failed: No models trained yet
2025-09-14 14:49:19,684 - anomaly - ERROR - Anomaly prediction failed: No models trained yet
2025-09-14 14:49:19,685 - anomaly - ERROR - Anomaly prediction failed: No models trained yet
2025-09-14 14:49:19,685 - anomaly - ERROR - Anomaly prediction failed: No models trained yet
2025-09-14 14:49:21,686 - anomaly - ERROR - Anomaly prediction failed: No models trained yet
2025-09-14 14:49:21,686 - anomaly - ERROR - Anomaly prediction failed: No models trained yet
2025-09-14 14:49:21,686 - anomaly - ERROR - Anomaly prediction failed: No models trained yet
2025-09-14 14:49:21,686 - anomaly - ERROR - Anomaly prediction failed: No models trained yet
2025-09-14 14:49:23,687 - anomaly - ERROR - Anomaly prediction failed: No models trained yet
2025-09-14 14:49:23,687 - anomaly - ERROR - Anomaly prediction failed: No models trained yet
2025-09-14 14:49:23,687 - anomaly - ERROR - Anomaly prediction failed: No models trained yet
2025-09-14 14:49:23,688 - anomaly - ERROR - Anomaly prediction failed: No models trained yet
2025-09-14 14:49:25,688 - anomaly - ERROR - Anomaly prediction failed: No models trained yet
2025-09-14 14:49:25,689 - anomaly - ERROR - Anomaly prediction failed: No models trained yet
2025-09-14 14:49:25,689 - anomaly - ERROR - Anomaly prediction failed: No models trained yet
2025-09-14 14:49:25,689 - anomaly - ERROR - Anomaly prediction failed: No models trained yet
2025-09-14 14:49:27,690 - anomaly - ERROR - Anomaly prediction failed: No models trained yet
2025-09-14 14:49:27,690 - anomaly - ERROR - Anomaly prediction failed: No models trained yet
2025-09-14 14:49:27,690 - anomaly - ERROR - Anomaly prediction failed: No models trained yet
2025-09-14 14:49:27,691 - anomaly - ERROR - Anomaly prediction failed: No models trained yet
2025-09-14 14:49:29,692 - anomaly - ERROR - Anomaly prediction failed: No models trained yet
2025-09-14 14:49:29,692 - anomaly - ERROR - Anomaly prediction failed: No models trained yet
2025-09-14 14:49:29,692 - anomaly - ERROR - Anomaly prediction failed: No models trained yet
2025-09-14 14:49:29,692 - anomaly - ERROR - Anomaly prediction failed: No models trained yet
2025-09-14 14:49:31,693 - anomaly - ERROR - Anomaly prediction failed: No models trained yet
2025-09-14 14:49:31,694 - anomaly - ERROR - Anomaly prediction failed: No models trained yet
2025-09-14 14:49:31,694 - anomaly - ERROR - Anomaly prediction failed: No models trained yet
2025-09-14 14:49:31,694 - anomaly - ERROR - Anomaly prediction failed: No models trained yet
2025-09-14 14:49:33,694 - anomaly - ERROR - Anomaly prediction failed: No models trained yet
2025-09-14 14:49:33,695 - anomaly - ERROR - Anomaly prediction failed: No models trained yet
2025-09-14 14:49:33,695 - anomaly - ERROR - Anomaly prediction failed: No models trained yet
2025-09-14 14:49:33,695 - anomaly - ERROR - Anomaly prediction failed: No models trained yet
2025-09-14 14:49:35,696 - anomaly - ERROR - Anomaly prediction failed: No models trained yet
2025-09-14 14:49:35,696 - anomaly - ERROR - Anomaly prediction failed: No models trained yet
2025-09-14 14:49:35,697 - anomaly - ERROR - Anomaly prediction failed: No models trained yet
2025-09-14 14:49:35,697 - anomaly - ERROR - Anomaly prediction failed: No models trained yet
2025-09-14 14:49:37,697 - anomaly - ERROR - Anomaly prediction failed: No models trained yet
2025-09-14 14:49:37,698 - anomaly - ERROR - Anomaly prediction failed: No models trained yet
2025-09-14 14:49:37,698 - anomaly - ERROR - Anomaly prediction failed: No models trained yet
2025-09-14 14:49:37,698 - anomaly - ERROR - Anomaly prediction failed: No models trained yet
2025-09-14 14:49:39,699 - anomaly - ERROR - Anomaly prediction failed: No models trained yet
2025-09-14 14:49:39,699 - anomaly - ERROR - Anomaly prediction failed: No models trained yet
2025-09-14 14:49:39,699 - anomaly - ERROR - Anomaly prediction failed: No models trained yet
2025-09-14 14:49:39,699 - anomaly - ERROR - Anomaly prediction failed: No models trained yet
2025-09-14 14:49:41,700 - anomaly - ERROR - Anomaly prediction failed: No models trained yet
2025-09-14 14:49:41,700 - anomaly - ERROR - Anomaly prediction failed: No models trained yet
2025-09-14 14:49:41,701 - anomaly - ERROR - Anomaly prediction failed: No models trained yet
2025-09-14 14:49:41,701 - anomaly - ERROR - Anomaly prediction failed: No models trained yet
2025-09-14 14:49:43,701 - anomaly - ERROR - Anomaly prediction failed: No models trained yet
2025-09-14 14:49:43,702 - anomaly - ERROR - Anomaly prediction failed: No models trained yet
2025-09-14 14:49:43,702 - anomaly - ERROR - Anomaly prediction failed: No models trained yet
2025-09-14 14:49:43,702 - anomaly - ERROR - Anomaly prediction failed: No models trained yet
2025-09-14 14:49:45,703 - anomaly - ERROR - Anomaly prediction failed: No models trained yet
2025-09-14 14:49:45,703 - anomaly - ERROR - Anomaly prediction failed: No models trained yet
2025-09-14 14:49:45,703 - anomaly - ERROR - Anomaly prediction failed: No models trained yet
2025-09-14 14:49:45,704 - anomaly - ERROR - Anomaly prediction failed: No models trained yet
2025-09-14 14:49:47,704 - anomaly - ERROR - Anomaly prediction failed: No models trained yet
2025-09-14 14:49:47,705 - anomaly - ERROR - Anomaly prediction failed: No models trained yet
2025-09-14 14:49:47,705 - anomaly - ERROR - Anomaly prediction failed: No models trained yet
2025-09-14 14:49:47,705 - anomaly - ERROR - Anomaly prediction failed: No models trained yet
2025-09-14 14:49:49,706 - anomaly - ERROR - Anomaly prediction failed: No models trained yet
2025-09-14 14:49:49,707 - anomaly - ERROR - Anomaly prediction failed: No models trained yet
2025-09-14 14:49:49,707 - anomaly - ERROR - Anomaly prediction failed: No models trained yet
2025-09-14 14:49:49,707 - anomaly - ERROR - Anomaly prediction failed: No models trained yet
2025-09-14 14:49:51,707 - anomaly - ERROR - Anomaly prediction failed: No models trained yet
2025-09-14 14:49:51,708 - anomaly - ERROR - Anomaly prediction failed: No models trained yet
2025-09-14 14:49:51,708 - anomaly - ERROR - Anomaly prediction failed: No models trained yet
2025-09-14 14:49:51,708 - anomaly - ERROR - Anomaly prediction failed: No models trained yet
2025-09-14 14:49:53,709 - anomaly - ERROR - Anomaly prediction failed: No models trained yet
2025-09-14 14:49:53,709 - anomaly - ERROR - Anomaly prediction failed: No models trained yet
2025-09-14 14:49:53,709 - anomaly - ERROR - Anomaly prediction failed: No models trained yet
2025-09-14 14:49:53,710 - anomaly - ERROR - Anomaly prediction failed: No models trained yet
2025-09-14 14:49:55,710 - anomaly - ERROR - Anomaly prediction failed: No models trained yet
2025-09-14 14:49:55,710 - anomaly - ERROR - Anomaly prediction failed: No models trained yet
2025-09-14 14:49:55,711 - anomaly - ERROR - Anomaly prediction failed: No models trained yet
2025-09-14 14:49:55,711 - anomaly - ERROR - Anomaly prediction failed: No models trained yet
2025-09-14 14:49:57,711 - anomaly - ERROR - Anomaly prediction failed: No models trained yet
2025-09-14 14:49:57,712 - anomaly - ERROR - Anomaly prediction failed: No models trained yet
2025-09-14 14:49:57,712 - anomaly - ERROR - Anomaly prediction failed: No models trained yet
2025-09-14 14:49:57,712 - anomaly - ERROR - Anomaly prediction failed: No models trained yet
2025-09-14 14:49:59,712 - anomaly - ERROR - Anomaly prediction failed: No models trained yet
2025-09-14 14:49:59,713 - anomaly - ERROR - Anomaly prediction failed: No models trained yet
2025-09-14 14:49:59,713 - anomaly - ERROR - Anomaly prediction failed: No models trained yet
2025-09-14 14:49:59,713 - anomaly - ERROR - Anomaly prediction failed: No models trained yet
2025-09-14 14:50:01,714 - anomaly - ERROR - Anomaly prediction failed: No models trained yet
2025-09-14 14:50:01,714 - anomaly - ERROR - Anomaly prediction failed: No models trained yet
2025-09-14 14:50:01,715 - anomaly - ERROR - Anomaly prediction failed: No models trained yet
2025-09-14 14:50:01,715 - anomaly - ERROR - Anomaly prediction failed: No models trained yet
2025-09-14 14:50:03,716 - anomaly - ERROR - Anomaly prediction failed: No models trained yet
2025-09-14 14:50:03,716 - anomaly - ERROR - Anomaly prediction failed: No models trained yet
2025-09-14 14:50:03,716 - anomaly - ERROR - Anomaly prediction failed: No models trained yet
2025-09-14 14:50:03,716 - anomaly - ERROR - Anomaly prediction failed: No models trained yet
2025-09-14 14:50:05,717 - anomaly - ERROR - Anomaly prediction failed: No models trained yet
2025-09-14 14:50:05,717 - anomaly - ERROR - Anomaly prediction failed: No models trained yet
2025-09-14 14:50:05,718 - anomaly - ERROR - Anomaly prediction failed: No models trained yet
2025-09-14 14:50:05,718 - anomaly - ERROR - Anomaly prediction failed: No models trained yet
2025-09-14 14:50:07,718 - anomaly - ERROR - Anomaly prediction failed: No models trained yet
2025-09-14 14:50:07,719 - anomaly - ERROR - Anomaly prediction failed: No models trained yet
2025-09-14 14:50:07,719 - anomaly - ERROR - Anomaly prediction failed: No models trained yet
2025-09-14 14:50:07,719 - anomaly - ERROR - Anomaly prediction failed: No models trained yet
2025-09-14 14:50:09,720 - anomaly - ERROR - Anomaly prediction failed: No models trained yet
2025-09-14 14:50:09,720 - anomaly - ERROR - Anomaly prediction failed: No models trained yet
2025-09-14 14:50:09,720 - anomaly - ERROR - Anomaly prediction failed: No models trained yet
2025-09-14 14:50:09,721 - anomaly - ERROR - Anomaly prediction failed: No models trained yet
2025-09-14 14:50:11,721 - anomaly - ERROR - Anomaly prediction failed: No models trained yet
2025-09-14 14:50:11,722 - anomaly - ERROR - Anomaly prediction failed: No models trained yet
2025-09-14 14:50:11,722 - anomaly - ERROR - Anomaly prediction failed: No models trained yet
2025-09-14 14:50:11,722 - anomaly - ERROR - Anomaly prediction failed: No models trained yet
2025-09-14 14:50:13,722 - anomaly - ERROR - Anomaly prediction failed: No models trained yet
2025-09-14 14:50:13,723 - anomaly - ERROR - Anomaly prediction failed: No models trained yet
2025-09-14 14:50:13,723 - anomaly - ERROR - Anomaly prediction failed: No models trained yet
2025-09-14 14:50:13,723 - anomaly - ERROR - Anomaly prediction failed: No models trained yet
2025-09-14 14:50:15,724 - anomaly - ERROR - Anomaly prediction failed: No models trained yet
2025-09-14 14:50:15,724 - anomaly - ERROR - Anomaly prediction failed: No models trained yet
2025-09-14 14:50:15,725 - anomaly - ERROR - Anomaly prediction failed: No models trained yet
2025-09-14 14:50:15,725 - anomaly - ERROR - Anomaly prediction failed: No models trained yet
2025-09-14 14:50:17,725 - anomaly - ERROR - Anomaly prediction failed: No models trained yet
2025-09-14 14:50:17,726 - anomaly - ERROR - Anomaly prediction failed: No models trained yet
2025-09-14 14:50:17,727 - anomaly - ERROR - Anomaly prediction failed: No models trained yet
2025-09-14 14:50:17,727 - anomaly - ERROR - Anomaly prediction failed: No models trained yet
2025-09-14 14:50:19,727 - anomaly - ERROR - Anomaly prediction failed: No models trained yet
2025-09-14 14:50:19,728 - anomaly - ERROR - Anomaly prediction failed: No models trained yet
2025-09-14 14:50:19,728 - anomaly - ERROR - Anomaly prediction failed: No models trained yet
2025-09-14 14:50:19,728 - anomaly - ERROR - Anomaly prediction failed: No models trained yet
2025-09-14 14:50:21,729 - anomaly - ERROR - Anomaly prediction failed: No models trained yet
2025-09-14 14:50:21,729 - anomaly - ERROR - Anomaly prediction failed: No models trained yet
2025-09-14 14:50:21,730 - anomaly - ERROR - Anomaly prediction failed: No models trained yet
2025-09-14 14:50:21,730 - anomaly - ERROR - Anomaly prediction failed: No models trained yet
2025-09-14 14:50:23,730 - anomaly - ERROR - Anomaly prediction failed: No models trained yet
2025-09-14 14:50:23,731 - anomaly - ERROR - Anomaly prediction failed: No models trained yet
2025-09-14 14:50:23,731 - anomaly - ERROR - Anomaly prediction failed: No models trained yet
2025-09-14 14:50:23,731 - anomaly - ERROR - Anomaly prediction failed: No models trained yet
2025-09-14 14:50:25,732 - anomaly - ERROR - Anomaly prediction failed: No models trained yet
2025-09-14 14:50:25,732 - anomaly - ERROR - Anomaly prediction failed: No models trained yet
2025-09-14 14:50:25,732 - anomaly - ERROR - Anomaly prediction failed: No models trained yet
2025-09-14 14:50:25,733 - anomaly - ERROR - Anomaly prediction failed: No models trained yet
2025-09-14 14:50:27,733 - anomaly - ERROR - Anomaly prediction failed: No models trained yet
2025-09-14 14:50:27,734 - anomaly - ERROR - Anomaly prediction failed: No models trained yet
2025-09-14 14:50:27,734 - anomaly - ERROR - Anomaly prediction failed: No models trained yet
2025-09-14 14:50:27,734 - anomaly - ERROR - Anomaly prediction failed: No models trained yet
2025-09-14 14:50:29,734 - anomaly - ERROR - Anomaly prediction failed: No models trained yet
2025-09-14 14:50:29,735 - anomaly - ERROR - Anomaly prediction failed: No models trained yet
2025-09-14 14:50:29,735 - anomaly - ERROR - Anomaly prediction failed: No models trained yet
2025-09-14 14:50:29,735 - anomaly - ERROR - Anomaly prediction failed: No models trained yet
2025-09-14 14:50:31,736 - anomaly - ERROR - Anomaly prediction failed: No models trained yet
2025-09-14 14:50:31,736 - anomaly - ERROR - Anomaly prediction failed: No models trained yet
2025-09-14 14:50:31,736 - anomaly - ERROR - Anomaly prediction failed: No models trained yet
2025-09-14 14:50:31,736 - anomaly - ERROR - Anomaly prediction failed: No models trained yet
2025-09-14 14:50:33,737 - anomaly - ERROR - Anomaly prediction failed: No models trained yet
2025-09-14 14:50:33,737 - anomaly - ERROR - Anomaly prediction failed: No models trained yet
2025-09-14 14:50:33,737 - anomaly - ERROR - Anomaly prediction failed: No models trained yet
2025-09-14 14:50:33,737 - anomaly - ERROR - Anomaly prediction failed: No models trained yet
2025-09-14 14:50:35,738 - anomaly - ERROR - Anomaly prediction failed: No models trained yet
2025-09-14 14:50:35,738 - anomaly - ERROR - Anomaly prediction failed: No models trained yet
2025-09-14 14:50:35,738 - anomaly - ERROR - Anomaly prediction failed: No models trained yet
2025-09-14 14:50:35,739 - anomaly - ERROR - Anomaly prediction failed: No models trained yet
2025-09-14 14:50:37,739 - anomaly - ERROR - Anomaly prediction failed: No models trained yet
2025-09-14 14:50:37,740 - anomaly - ERROR - Anomaly prediction failed: No models trained yet
2025-09-14 14:50:37,740 - anomaly - ERROR - Anomaly prediction failed: No models trained yet
2025-09-14 14:50:37,740 - anomaly - ERROR - Anomaly prediction failed: No models trained yet
2025-09-14 14:50:39,741 - anomaly - ERROR - Anomaly prediction failed: No models trained yet
2025-09-14 14:50:39,741 - anomaly - ERROR - Anomaly prediction failed: No models trained yet
2025-09-14 14:50:39,741 - anomaly - ERROR - Anomaly prediction failed: No models trained yet
2025-09-14 14:50:39,742 - anomaly - ERROR - Anomaly prediction failed: No models trained yet
2025-09-14 14:50:41,743 - anomaly - ERROR - Anomaly prediction failed: No models trained yet
2025-09-14 14:50:41,743 - anomaly - ERROR - Anomaly prediction failed: No models trained yet
2025-09-14 14:50:41,744 - anomaly - ERROR - Anomaly prediction failed: No models trained yet
2025-09-14 14:50:41,744 - anomaly - ERROR - Anomaly prediction failed: No models trained yet
2025-09-14 14:50:43,745 - anomaly - ERROR - Anomaly prediction failed: No models trained yet
2025-09-14 14:50:43,745 - anomaly - ERROR - Anomaly prediction failed: No models trained yet
2025-09-14 14:50:43,745 - anomaly - ERROR - Anomaly prediction failed: No models trained yet
2025-09-14 14:50:43,746 - anomaly - ERROR - Anomaly prediction failed: No models trained yet
2025-09-14 14:50:45,746 - anomaly - ERROR - Anomaly prediction failed: No models trained yet
2025-09-14 14:50:45,746 - anomaly - ERROR - Anomaly prediction failed: No models trained yet
2025-09-14 14:50:45,747 - anomaly - ERROR - Anomaly prediction failed: No models trained yet
2025-09-14 14:50:45,747 - anomaly - ERROR - Anomaly prediction failed: No models trained yet
2025-09-14 14:50:47,747 - anomaly - ERROR - Anomaly prediction failed: No models trained yet
2025-09-14 14:50:47,748 - anomaly - ERROR - Anomaly prediction failed: No models trained yet
2025-09-14 14:50:47,748 - anomaly - ERROR - Anomaly prediction failed: No models trained yet
2025-09-14 14:50:47,749 - anomaly - ERROR - Anomaly prediction failed: No models trained yet
2025-09-14 14:50:49,749 - anomaly - ERROR - Anomaly prediction failed: No models trained yet
2025-09-14 14:50:49,750 - anomaly - ERROR - Anomaly prediction failed: No models trained yet
2025-09-14 14:50:49,750 - anomaly - ERROR - Anomaly prediction failed: No models trained yet
2025-09-14 14:50:49,750 - anomaly - ERROR - Anomaly prediction failed: No models trained yet
2025-09-14 14:50:51,751 - anomaly - ERROR - Anomaly prediction failed: No models trained yet
2025-09-14 14:50:51,751 - anomaly - ERROR - Anomaly prediction failed: No models trained yet
2025-09-14 14:50:51,751 - anomaly - ERROR - Anomaly prediction failed: No models trained yet
2025-09-14 14:50:51,751 - anomaly - ERROR - Anomaly prediction failed: No models trained yet
2025-09-14 14:50:53,752 - anomaly - ERROR - Anomaly prediction failed: No models trained yet
2025-09-14 14:50:53,752 - anomaly - ERROR - Anomaly prediction failed: No models trained yet
2025-09-14 14:50:53,752 - anomaly - ERROR - Anomaly prediction failed: No models trained yet
2025-09-14 14:50:53,753 - anomaly - ERROR - Anomaly prediction failed: No models trained yet
2025-09-14 14:50:55,753 - anomaly - ERROR - Anomaly prediction failed: No models trained yet
2025-09-14 14:50:55,753 - anomaly - ERROR - Anomaly prediction failed: No models trained yet
2025-09-14 14:50:55,754 - anomaly - ERROR - Anomaly prediction failed: No models trained yet
2025-09-14 14:50:55,754 - anomaly - ERROR - Anomaly prediction failed: No models trained yet
2025-09-14 14:50:57,754 - anomaly - ERROR - Anomaly prediction failed: No models trained yet
2025-09-14 14:50:57,755 - anomaly - ERROR - Anomaly prediction failed: No models trained yet
2025-09-14 14:50:57,755 - anomaly - ERROR - Anomaly prediction failed: No models trained yet
2025-09-14 14:50:57,755 - anomaly - ERROR - Anomaly prediction failed: No models trained yet
2025-09-14 14:50:59,755 - anomaly - ERROR - Anomaly prediction failed: No models trained yet
2025-09-14 14:50:59,756 - anomaly - ERROR - Anomaly prediction failed: No models trained yet
2025-09-14 14:50:59,756 - anomaly - ERROR - Anomaly prediction failed: No models trained yet
2025-09-14 14:50:59,756 - anomaly - ERROR - Anomaly prediction failed: No models trained yet
2025-09-14 14:51:01,757 - anomaly - ERROR - Anomaly prediction failed: No models trained yet
2025-09-14 14:51:01,757 - anomaly - ERROR - Anomaly prediction failed: No models trained yet
2025-09-14 14:51:01,758 - anomaly - ERROR - Anomaly prediction failed: No models trained yet
2025-09-14 14:51:01,758 - anomaly - ERROR - Anomaly prediction failed: No models trained yet
2025-09-14 14:51:03,758 - anomaly - ERROR - Anomaly prediction failed: No models trained yet
2025-09-14 14:51:03,759 - anomaly - ERROR - Anomaly prediction failed: No models trained yet
2025-09-14 14:51:03,759 - anomaly - ERROR - Anomaly prediction failed: No models trained yet
2025-09-14 14:51:03,759 - anomaly - ERROR - Anomaly prediction failed: No models trained yet
2025-09-14 14:51:05,760 - anomaly - ERROR - Anomaly prediction failed: No models trained yet
2025-09-14 14:51:05,760 - anomaly - ERROR - Anomaly prediction failed: No models trained yet
2025-09-14 14:51:05,760 - anomaly - ERROR - Anomaly prediction failed: No models trained yet
2025-09-14 14:51:05,761 - anomaly - ERROR - Anomaly prediction failed: No models trained yet
2025-09-14 14:51:07,761 - anomaly - ERROR - Anomaly prediction failed: No models trained yet
2025-09-14 14:51:07,762 - anomaly - ERROR - Anomaly prediction failed: No models trained yet
2025-09-14 14:51:07,762 - anomaly - ERROR - Anomaly prediction failed: No models trained yet
2025-09-14 14:51:07,762 - anomaly - ERROR - Anomaly prediction failed: No models trained yet
2025-09-14 14:51:09,762 - anomaly - ERROR - Anomaly prediction failed: No models trained yet
2025-09-14 14:51:09,763 - anomaly - ERROR - Anomaly prediction failed: No models trained yet
2025-09-14 14:51:09,763 - anomaly - ERROR - Anomaly prediction failed: No models trained yet
2025-09-14 14:51:09,763 - anomaly - ERROR - Anomaly prediction failed: No models trained yet
2025-09-14 14:51:11,764 - anomaly - ERROR - Anomaly prediction failed: No models trained yet
2025-09-14 14:51:11,764 - anomaly - ERROR - Anomaly prediction failed: No models trained yet
2025-09-14 14:51:11,764 - anomaly - ERROR - Anomaly prediction failed: No models trained yet
2025-09-14 14:51:11,765 - anomaly - ERROR - Anomaly prediction failed: No models trained yet
2025-09-14 14:51:13,766 - anomaly - ERROR - Anomaly prediction failed: No models trained yet
2025-09-14 14:51:13,766 - anomaly - ERROR - Anomaly prediction failed: No models trained yet
2025-09-14 14:51:13,766 - anomaly - ERROR - Anomaly prediction failed: No models trained yet
2025-09-14 14:51:13,767 - anomaly - ERROR - Anomaly prediction failed: No models trained yet
2025-09-14 14:51:15,767 - anomaly - ERROR - Anomaly prediction failed: No models trained yet
2025-09-14 14:51:15,768 - anomaly - ERROR - Anomaly prediction failed: No models trained yet
2025-09-14 14:51:15,768 - anomaly - ERROR - Anomaly prediction failed: No models trained yet
2025-09-14 14:51:15,768 - anomaly - ERROR - Anomaly prediction failed: No models trained yet
2025-09-14 14:51:17,769 - anomaly - ERROR - Anomaly prediction failed: No models trained yet
2025-09-14 14:51:17,769 - anomaly - ERROR - Anomaly prediction failed: No models trained yet
2025-09-14 14:51:17,769 - anomaly - ERROR - Anomaly prediction failed: No models trained yet
2025-09-14 14:51:17,770 - anomaly - ERROR - Anomaly prediction failed: No models trained yet
2025-09-14 14:51:19,771 - anomaly - ERROR - Anomaly prediction failed: No models trained yet
2025-09-14 14:51:19,771 - anomaly - ERROR - Anomaly prediction failed: No models trained yet
2025-09-14 14:51:19,771 - anomaly - ERROR - Anomaly prediction failed: No models trained yet
2025-09-14 14:51:19,771 - anomaly - ERROR - Anomaly prediction failed: No models trained yet
2025-09-14 14:51:21,772 - anomaly - ERROR - Anomaly prediction failed: No models trained yet
2025-09-14 14:51:21,773 - anomaly - ERROR - Anomaly prediction failed: No models trained yet
2025-09-14 14:51:21,773 - anomaly - ERROR - Anomaly prediction failed: No models trained yet
2025-09-14 14:51:21,773 - anomaly - ERROR - Anomaly prediction failed: No models trained yet
2025-09-14 14:51:23,774 - anomaly - ERROR - Anomaly prediction failed: No models trained yet
2025-09-14 14:51:23,775 - anomaly - ERROR - Anomaly prediction failed: No models trained yet
2025-09-14 14:51:23,775 - anomaly - ERROR - Anomaly prediction failed: No models trained yet
2025-09-14 14:51:23,775 - anomaly - ERROR - Anomaly prediction failed: No models trained yet
2025-09-14 14:51:25,775 - anomaly - ERROR - Anomaly prediction failed: No models trained yet
2025-09-14 14:51:25,776 - anomaly - ERROR - Anomaly prediction failed: No models trained yet
2025-09-14 14:51:25,776 - anomaly - ERROR - Anomaly prediction failed: No models trained yet
2025-09-14 14:51:25,776 - anomaly - ERROR - Anomaly prediction failed: No models trained yet
2025-09-14 14:51:27,777 - anomaly - ERROR - Anomaly prediction failed: No models trained yet
2025-09-14 14:51:27,777 - anomaly - ERROR - Anomaly prediction failed: No models trained yet
2025-09-14 14:51:27,777 - anomaly - ERROR - Anomaly prediction failed: No models trained yet
2025-09-14 14:51:27,778 - anomaly - ERROR - Anomaly prediction failed: No models trained yet
2025-09-14 14:51:29,778 - ingestion - INFO - Telemetry simulation loop ended
2025-09-14 14:51:29,813 - storage - INFO - Background storage loop ended
2025-09-14 14:51:29,814 - storage - INFO - Background storage service stopped
2025-09-14 14:51:29,814 - ingestion - INFO - Database storage service stopped
2025-09-14 14:51:29,814 - ingestion - INFO - Telemetry simulator stopped
2025-09-14 14:51:29,814 - __main__ - INFO - Telemetry simulator stopped
2025-09-14 15:10:30,789 - __main__ - INFO - Starting Telemetry Monitor Application
2025-09-14 15:10:30,810 - storage - INFO - Database schema created successfully
2025-09-14 15:10:30,810 - storage - INFO - Database initialized at C:\Users\Elnur\Desktop\STDMS\telemetry_monitor\data\telemetry.db
2025-09-14 15:10:30,810 - ingestion - INFO - Database storage enabled for simulator
2025-09-14 15:10:33,930 - anomaly - INFO - Models loaded successfully
2025-09-14 15:10:33,930 - ingestion - INFO - ML anomaly detection enabled for simulator
2025-09-14 15:10:33,962 - alerts - INFO - Alert processing loop started
2025-09-14 15:10:33,962 - alerts - INFO - Smart alert system started
2025-09-14 15:10:43,336 - storage - INFO - Background storage loop started
2025-09-14 15:10:43,336 - storage - INFO - Background storage service started
2025-09-14 15:10:43,336 - ingestion - INFO - Database storage service started
2025-09-14 15:10:43,337 - ingestion - INFO - Starting telemetry simulation loop
2025-09-14 15:10:43,337 - ingestion - INFO - Telemetry simulator started
2025-09-14 15:10:43,337 - anomaly - ERROR - Anomaly prediction failed: No models trained yet
2025-09-14 15:10:43,337 - __main__ - INFO - Telemetry simulator started
2025-09-14 15:10:43,337 - anomaly - ERROR - Anomaly prediction failed: No models trained yet
2025-09-14 15:10:43,337 - anomaly - ERROR - Anomaly prediction failed: No models trained yet
2025-09-14 15:10:43,338 - anomaly - ERROR - Anomaly prediction failed: No models trained yet
2025-09-14 15:10:45,338 - anomaly - ERROR - Anomaly prediction failed: No models trained yet
2025-09-14 15:10:45,339 - anomaly - ERROR - Anomaly prediction failed: No models trained yet
2025-09-14 15:10:45,339 - anomaly - ERROR - Anomaly prediction failed: No models trained yet
2025-09-14 15:10:45,339 - anomaly - ERROR - Anomaly prediction failed: No models trained yet
2025-09-14 15:10:47,340 - anomaly - ERROR - Anomaly prediction failed: No models trained yet
2025-09-14 15:10:47,340 - anomaly - ERROR - Anomaly prediction failed: No models trained yet
2025-09-14 15:10:47,340 - anomaly - ERROR - Anomaly prediction failed: No models trained yet
2025-09-14 15:10:47,341 - anomaly - ERROR - Anomaly prediction failed: No models trained yet
2025-09-14 15:10:49,341 - anomaly - ERROR - Anomaly prediction failed: No models trained yet
2025-09-14 15:10:49,342 - anomaly - ERROR - Anomaly prediction failed: No models trained yet
2025-09-14 15:10:49,342 - anomaly - ERROR - Anomaly prediction failed: No models trained yet
2025-09-14 15:10:49,342 - anomaly - ERROR - Anomaly prediction failed: No models trained yet
2025-09-14 15:10:51,343 - anomaly - ERROR - Anomaly prediction failed: No models trained yet
2025-09-14 15:10:51,343 - anomaly - ERROR - Anomaly prediction failed: No models trained yet
2025-09-14 15:10:51,343 - anomaly - ERROR - Anomaly prediction failed: No models trained yet
2025-09-14 15:10:51,344 - anomaly - ERROR - Anomaly prediction failed: No models trained yet
2025-09-14 15:10:53,344 - anomaly - ERROR - Anomaly prediction failed: No models trained yet
2025-09-14 15:10:53,345 - anomaly - ERROR - Anomaly prediction failed: No models trained yet
2025-09-14 15:10:53,345 - anomaly - ERROR - Anomaly prediction failed: No models trained yet
2025-09-14 15:10:53,345 - anomaly - ERROR - Anomaly prediction failed: No models trained yet
2025-09-14 15:10:55,346 - anomaly - ERROR - Anomaly prediction failed: No models trained yet
2025-09-14 15:10:55,346 - anomaly - ERROR - Anomaly prediction failed: No models trained yet
2025-09-14 15:10:55,346 - anomaly - ERROR - Anomaly prediction failed: No models trained yet
2025-09-14 15:10:55,347 - anomaly - ERROR - Anomaly prediction failed: No models trained yet
2025-09-14 15:10:57,347 - anomaly - ERROR - Anomaly prediction failed: No models trained yet
2025-09-14 15:10:57,347 - anomaly - ERROR - Anomaly prediction failed: No models trained yet
2025-09-14 15:10:57,348 - anomaly - ERROR - Anomaly prediction failed: No models trained yet
2025-09-14 15:10:57,348 - anomaly - ERROR - Anomaly prediction failed: No models trained yet
2025-09-14 15:10:59,349 - anomaly - ERROR - Anomaly prediction failed: No models trained yet
2025-09-14 15:10:59,349 - anomaly - ERROR - Anomaly prediction failed: No models trained yet
2025-09-14 15:10:59,349 - anomaly - ERROR - Anomaly prediction failed: No models trained yet
2025-09-14 15:10:59,350 - anomaly - ERROR - Anomaly prediction failed: No models trained yet
2025-09-14 15:11:01,350 - anomaly - ERROR - Anomaly prediction failed: No models trained yet
2025-09-14 15:11:01,351 - anomaly - ERROR - Anomaly prediction failed: No models trained yet
2025-09-14 15:11:01,351 - anomaly - ERROR - Anomaly prediction failed: No models trained yet
2025-09-14 15:11:01,351 - anomaly - ERROR - Anomaly prediction failed: No models trained yet
2025-09-14 15:11:03,351 - anomaly - ERROR - Anomaly prediction failed: No models trained yet
2025-09-14 15:11:03,352 - anomaly - ERROR - Anomaly prediction failed: No models trained yet
2025-09-14 15:11:03,352 - anomaly - ERROR - Anomaly prediction failed: No models trained yet
2025-09-14 15:11:03,352 - anomaly - ERROR - Anomaly prediction failed: No models trained yet
2025-09-14 15:11:05,353 - anomaly - ERROR - Anomaly prediction failed: No models trained yet
2025-09-14 15:11:05,353 - anomaly - ERROR - Anomaly prediction failed: No models trained yet
2025-09-14 15:11:05,353 - anomaly - ERROR - Anomaly prediction failed: No models trained yet
2025-09-14 15:11:05,353 - anomaly - ERROR - Anomaly prediction failed: No models trained yet
2025-09-14 15:11:07,354 - anomaly - ERROR - Anomaly prediction failed: No models trained yet
2025-09-14 15:11:07,354 - anomaly - ERROR - Anomaly prediction failed: No models trained yet
2025-09-14 15:11:07,354 - anomaly - ERROR - Anomaly prediction failed: No models trained yet
2025-09-14 15:11:07,355 - anomaly - ERROR - Anomaly prediction failed: No models trained yet
2025-09-14 15:11:09,355 - anomaly - ERROR - Anomaly prediction failed: No models trained yet
2025-09-14 15:11:09,356 - anomaly - ERROR - Anomaly prediction failed: No models trained yet
2025-09-14 15:11:09,356 - anomaly - ERROR - Anomaly prediction failed: No models trained yet
2025-09-14 15:11:09,357 - anomaly - ERROR - Anomaly prediction failed: No models trained yet
2025-09-14 15:11:11,358 - anomaly - ERROR - Anomaly prediction failed: No models trained yet
2025-09-14 15:11:11,358 - anomaly - ERROR - Anomaly prediction failed: No models trained yet
2025-09-14 15:11:11,359 - anomaly - ERROR - Anomaly prediction failed: No models trained yet
2025-09-14 15:11:11,359 - anomaly - ERROR - Anomaly prediction failed: No models trained yet
2025-09-14 15:11:13,359 - anomaly - ERROR - Anomaly prediction failed: No models trained yet
2025-09-14 15:11:13,360 - anomaly - ERROR - Anomaly prediction failed: No models trained yet
2025-09-14 15:11:13,360 - anomaly - ERROR - Anomaly prediction failed: No models trained yet
2025-09-14 15:11:13,360 - anomaly - ERROR - Anomaly prediction failed: No models trained yet
2025-09-14 15:11:15,360 - anomaly - ERROR - Anomaly prediction failed: No models trained yet
2025-09-14 15:11:15,361 - anomaly - ERROR - Anomaly prediction failed: No models trained yet
2025-09-14 15:11:15,361 - anomaly - ERROR - Anomaly prediction failed: No models trained yet
2025-09-14 15:11:15,361 - anomaly - ERROR - Anomaly prediction failed: No models trained yet
2025-09-14 15:11:17,362 - anomaly - ERROR - Anomaly prediction failed: No models trained yet
2025-09-14 15:11:17,362 - anomaly - ERROR - Anomaly prediction failed: No models trained yet
2025-09-14 15:11:17,363 - anomaly - ERROR - Anomaly prediction failed: No models trained yet
2025-09-14 15:11:17,363 - anomaly - ERROR - Anomaly prediction failed: No models trained yet
2025-09-14 15:11:19,363 - anomaly - ERROR - Anomaly prediction failed: No models trained yet
2025-09-14 15:11:19,364 - anomaly - ERROR - Anomaly prediction failed: No models trained yet
2025-09-14 15:11:19,364 - anomaly - ERROR - Anomaly prediction failed: No models trained yet
2025-09-14 15:11:19,364 - anomaly - ERROR - Anomaly prediction failed: No models trained yet
2025-09-14 15:11:21,009 - __main__ - INFO - Closing Telemetry Monitor Application
2025-09-14 15:11:21,009 - storage - INFO - Background storage service stopped
2025-09-14 15:11:21,009 - ingestion - INFO - Database storage service stopped
2025-09-14 15:11:21,009 - ingestion - INFO - Telemetry simulator stopped
2025-09-14 15:11:21,364 - anomaly - ERROR - Anomaly prediction failed: No models trained yet
2025-09-14 15:11:21,365 - anomaly - ERROR - Anomaly prediction failed: No models trained yet
2025-09-14 15:11:21,365 - anomaly - ERROR - Anomaly prediction failed: No models trained yet
2025-09-14 15:11:21,365 - anomaly - ERROR - Anomaly prediction failed: No models trained yet
2025-09-14 15:11:23,365 - anomaly - ERROR - Anomaly prediction failed: No models trained yet
2025-09-14 15:11:23,366 - anomaly - ERROR - Anomaly prediction failed: No models trained yet
2025-09-14 15:11:23,366 - anomaly - ERROR - Anomaly prediction failed: No models trained yet
2025-09-14 15:11:23,366 - anomaly - ERROR - Anomaly prediction failed: No models trained yet
2025-09-14 15:11:25,367 - anomaly - ERROR - Anomaly prediction failed: No models trained yet
2025-09-14 15:11:25,367 - anomaly - ERROR - Anomaly prediction failed: No models trained yet
2025-09-14 15:11:25,368 - anomaly - ERROR - Anomaly prediction failed: No models trained yet
2025-09-14 15:11:25,368 - anomaly - ERROR - Anomaly prediction failed: No models trained yet
2025-09-14 15:11:27,369 - anomaly - ERROR - Anomaly prediction failed: No models trained yet
2025-09-14 15:11:27,369 - anomaly - ERROR - Anomaly prediction failed: No models trained yet
2025-09-14 15:11:27,369 - anomaly - ERROR - Anomaly prediction failed: No models trained yet
2025-09-14 15:11:27,370 - anomaly - ERROR - Anomaly prediction failed: No models trained yet
2025-09-14 15:11:29,371 - anomaly - ERROR - Anomaly prediction failed: No models trained yet
2025-09-14 15:11:29,371 - anomaly - ERROR - Anomaly prediction failed: No models trained yet
2025-09-14 15:11:29,371 - anomaly - ERROR - Anomaly prediction failed: No models trained yet
2025-09-14 15:11:29,371 - anomaly - ERROR - Anomaly prediction failed: No models trained yet
2025-09-14 15:11:31,372 - anomaly - ERROR - Anomaly prediction failed: No models trained yet
2025-09-14 15:11:31,373 - anomaly - ERROR - Anomaly prediction failed: No models trained yet
2025-09-14 15:11:31,373 - anomaly - ERROR - Anomaly prediction failed: No models trained yet
2025-09-14 15:11:31,373 - anomaly - ERROR - Anomaly prediction failed: No models trained yet
2025-09-14 15:11:33,374 - anomaly - ERROR - Anomaly prediction failed: No models trained yet
2025-09-14 15:11:33,374 - anomaly - ERROR - Anomaly prediction failed: No models trained yet
2025-09-14 15:11:33,374 - anomaly - ERROR - Anomaly prediction failed: No models trained yet
2025-09-14 15:11:33,375 - anomaly - ERROR - Anomaly prediction failed: No models trained yet
2025-09-14 15:11:35,375 - anomaly - ERROR - Anomaly prediction failed: No models trained yet
2025-09-14 15:11:35,376 - anomaly - ERROR - Anomaly prediction failed: No models trained yet
2025-09-14 15:11:35,376 - anomaly - ERROR - Anomaly prediction failed: No models trained yet
2025-09-14 15:11:35,376 - anomaly - ERROR - Anomaly prediction failed: No models trained yet
2025-09-14 15:11:37,377 - anomaly - ERROR - Anomaly prediction failed: No models trained yet
2025-09-14 15:11:37,377 - anomaly - ERROR - Anomaly prediction failed: No models trained yet
2025-09-14 15:11:37,377 - anomaly - ERROR - Anomaly prediction failed: No models trained yet
2025-09-14 15:11:37,378 - anomaly - ERROR - Anomaly prediction failed: No models trained yet
2025-09-14 15:11:39,378 - anomaly - ERROR - Anomaly prediction failed: No models trained yet
2025-09-14 15:11:39,378 - anomaly - ERROR - Anomaly prediction failed: No models trained yet
2025-09-14 15:11:39,379 - anomaly - ERROR - Anomaly prediction failed: No models trained yet
2025-09-14 15:11:39,379 - anomaly - ERROR - Anomaly prediction failed: No models trained yet
2025-09-14 15:11:41,380 - anomaly - ERROR - Anomaly prediction failed: No models trained yet
2025-09-14 15:11:41,380 - anomaly - ERROR - Anomaly prediction failed: No models trained yet
2025-09-14 15:11:41,381 - anomaly - ERROR - Anomaly prediction failed: No models trained yet
2025-09-14 15:11:41,381 - anomaly - ERROR - Anomaly prediction failed: No models trained yet
2025-09-14 15:11:43,381 - anomaly - ERROR - Anomaly prediction failed: No models trained yet
2025-09-14 15:11:43,382 - anomaly - ERROR - Anomaly prediction failed: No models trained yet
2025-09-14 15:11:43,382 - anomaly - ERROR - Anomaly prediction failed: No models trained yet
2025-09-14 15:11:43,382 - anomaly - ERROR - Anomaly prediction failed: No models trained yet
2025-09-14 15:11:45,383 - anomaly - ERROR - Anomaly prediction failed: No models trained yet
2025-09-14 15:11:45,384 - anomaly - ERROR - Anomaly prediction failed: No models trained yet
2025-09-14 15:11:45,384 - anomaly - ERROR - Anomaly prediction failed: No models trained yet
2025-09-14 15:11:45,384 - anomaly - ERROR - Anomaly prediction failed: No models trained yet
2025-09-14 15:11:47,385 - anomaly - ERROR - Anomaly prediction failed: No models trained yet
2025-09-14 15:11:47,385 - anomaly - ERROR - Anomaly prediction failed: No models trained yet
2025-09-14 15:11:47,386 - anomaly - ERROR - Anomaly prediction failed: No models trained yet
2025-09-14 15:11:47,386 - anomaly - ERROR - Anomaly prediction failed: No models trained yet
2025-09-14 15:11:49,386 - anomaly - ERROR - Anomaly prediction failed: No models trained yet
2025-09-14 15:11:49,387 - anomaly - ERROR - Anomaly prediction failed: No models trained yet
2025-09-14 15:11:49,387 - anomaly - ERROR - Anomaly prediction failed: No models trained yet
2025-09-14 15:11:49,387 - anomaly - ERROR - Anomaly prediction failed: No models trained yet
2025-09-14 15:11:51,387 - anomaly - ERROR - Anomaly prediction failed: No models trained yet
2025-09-14 15:11:51,388 - anomaly - ERROR - Anomaly prediction failed: No models trained yet
2025-09-14 15:11:51,388 - anomaly - ERROR - Anomaly prediction failed: No models trained yet
2025-09-14 15:11:51,388 - anomaly - ERROR - Anomaly prediction failed: No models trained yet
2025-09-14 15:11:53,389 - anomaly - ERROR - Anomaly prediction failed: No models trained yet
2025-09-14 15:11:53,389 - anomaly - ERROR - Anomaly prediction failed: No models trained yet
2025-09-14 15:11:53,390 - anomaly - ERROR - Anomaly prediction failed: No models trained yet
2025-09-14 15:11:53,390 - anomaly - ERROR - Anomaly prediction failed: No models trained yet
2025-09-14 15:11:55,390 - anomaly - ERROR - Anomaly prediction failed: No models trained yet
2025-09-14 15:11:55,390 - anomaly - ERROR - Anomaly prediction failed: No models trained yet
2025-09-14 15:11:55,391 - anomaly - ERROR - Anomaly prediction failed: No models trained yet
2025-09-14 15:11:55,391 - anomaly - ERROR - Anomaly prediction failed: No models trained yet
2025-09-14 15:11:57,391 - anomaly - ERROR - Anomaly prediction failed: No models trained yet
2025-09-14 15:11:57,392 - anomaly - ERROR - Anomaly prediction failed: No models trained yet
2025-09-14 15:11:57,392 - anomaly - ERROR - Anomaly prediction failed: No models trained yet
2025-09-14 15:11:57,392 - anomaly - ERROR - Anomaly prediction failed: No models trained yet
2025-09-14 15:11:59,393 - anomaly - ERROR - Anomaly prediction failed: No models trained yet
2025-09-14 15:11:59,393 - anomaly - ERROR - Anomaly prediction failed: No models trained yet
2025-09-14 15:11:59,394 - anomaly - ERROR - Anomaly prediction failed: No models trained yet
2025-09-14 15:11:59,394 - anomaly - ERROR - Anomaly prediction failed: No models trained yet
2025-09-14 15:12:01,394 - anomaly - ERROR - Anomaly prediction failed: No models trained yet
2025-09-14 15:12:01,395 - anomaly - ERROR - Anomaly prediction failed: No models trained yet
2025-09-14 15:12:01,395 - anomaly - ERROR - Anomaly prediction failed: No models trained yet
2025-09-14 15:12:01,395 - anomaly - ERROR - Anomaly prediction failed: No models trained yet
2025-09-14 15:12:03,396 - anomaly - ERROR - Anomaly prediction failed: No models trained yet
2025-09-14 15:12:03,396 - anomaly - ERROR - Anomaly prediction failed: No models trained yet
2025-09-14 15:12:03,397 - anomaly - ERROR - Anomaly prediction failed: No models trained yet
2025-09-14 15:12:03,397 - anomaly - ERROR - Anomaly prediction failed: No models trained yet
2025-09-14 15:12:05,398 - anomaly - ERROR - Anomaly prediction failed: No models trained yet
2025-09-14 15:12:05,398 - anomaly - ERROR - Anomaly prediction failed: No models trained yet
2025-09-14 15:12:05,398 - anomaly - ERROR - Anomaly prediction failed: No models trained yet
2025-09-14 15:12:05,398 - anomaly - ERROR - Anomaly prediction failed: No models trained yet
2025-09-14 15:12:07,399 - anomaly - ERROR - Anomaly prediction failed: No models trained yet
2025-09-14 15:12:07,400 - anomaly - ERROR - Anomaly prediction failed: No models trained yet
2025-09-14 15:12:07,400 - anomaly - ERROR - Anomaly prediction failed: No models trained yet
2025-09-14 15:12:07,400 - anomaly - ERROR - Anomaly prediction failed: No models trained yet
2025-09-14 15:12:09,401 - anomaly - ERROR - Anomaly prediction failed: No models trained yet
2025-09-14 15:12:09,401 - anomaly - ERROR - Anomaly prediction failed: No models trained yet
2025-09-14 15:12:09,402 - anomaly - ERROR - Anomaly prediction failed: No models trained yet
2025-09-14 15:12:09,402 - anomaly - ERROR - Anomaly prediction failed: No models trained yet
2025-09-14 15:12:11,402 - anomaly - ERROR - Anomaly prediction failed: No models trained yet
2025-09-14 15:12:11,403 - anomaly - ERROR - Anomaly prediction failed: No models trained yet
2025-09-14 15:12:11,403 - anomaly - ERROR - Anomaly prediction failed: No models trained yet
2025-09-14 15:12:11,404 - anomaly - ERROR - Anomaly prediction failed: No models trained yet
2025-09-14 15:12:13,404 - anomaly - ERROR - Anomaly prediction failed: No models trained yet
2025-09-14 15:12:13,405 - anomaly - ERROR - Anomaly prediction failed: No models trained yet
2025-09-14 15:12:13,405 - anomaly - ERROR - Anomaly prediction failed: No models trained yet
2025-09-14 15:12:13,405 - anomaly - ERROR - Anomaly prediction failed: No models trained yet
2025-09-14 15:12:15,406 - anomaly - ERROR - Anomaly prediction failed: No models trained yet
2025-09-14 15:12:15,406 - anomaly - ERROR - Anomaly prediction failed: No models trained yet
2025-09-14 15:12:15,407 - anomaly - ERROR - Anomaly prediction failed: No models trained yet
2025-09-14 15:12:15,407 - anomaly - ERROR - Anomaly prediction failed: No models trained yet
2025-09-14 15:12:17,408 - anomaly - ERROR - Anomaly prediction failed: No models trained yet
2025-09-14 15:12:17,408 - anomaly - ERROR - Anomaly prediction failed: No models trained yet
2025-09-14 15:12:17,408 - anomaly - ERROR - Anomaly prediction failed: No models trained yet
2025-09-14 15:12:17,408 - anomaly - ERROR - Anomaly prediction failed: No models trained yet
2025-09-14 15:12:19,409 - anomaly - ERROR - Anomaly prediction failed: No models trained yet
2025-09-14 15:12:19,409 - anomaly - ERROR - Anomaly prediction failed: No models trained yet
2025-09-14 15:12:19,409 - anomaly - ERROR - Anomaly prediction failed: No models trained yet
2025-09-14 15:12:19,410 - anomaly - ERROR - Anomaly prediction failed: No models trained yet
2025-09-14 15:12:21,410 - anomaly - ERROR - Anomaly prediction failed: No models trained yet
2025-09-14 15:12:21,411 - anomaly - ERROR - Anomaly prediction failed: No models trained yet
2025-09-14 15:12:21,411 - anomaly - ERROR - Anomaly prediction failed: No models trained yet
2025-09-14 15:12:21,411 - anomaly - ERROR - Anomaly prediction failed: No models trained yet
2025-09-14 15:12:23,412 - anomaly - ERROR - Anomaly prediction failed: No models trained yet
2025-09-14 15:12:23,412 - anomaly - ERROR - Anomaly prediction failed: No models trained yet
2025-09-14 15:12:23,412 - anomaly - ERROR - Anomaly prediction failed: No models trained yet
2025-09-14 15:12:23,413 - anomaly - ERROR - Anomaly prediction failed: No models trained yet
2025-09-14 15:12:25,413 - anomaly - ERROR - Anomaly prediction failed: No models trained yet
2025-09-14 15:12:25,414 - anomaly - ERROR - Anomaly prediction failed: No models trained yet
2025-09-14 15:12:25,414 - anomaly - ERROR - Anomaly prediction failed: No models trained yet
2025-09-14 15:12:25,415 - anomaly - ERROR - Anomaly prediction failed: No models trained yet
2025-09-14 15:12:27,415 - anomaly - ERROR - Anomaly prediction failed: No models trained yet
2025-09-14 15:12:27,415 - anomaly - ERROR - Anomaly prediction failed: No models trained yet
2025-09-14 15:12:27,416 - anomaly - ERROR - Anomaly prediction failed: No models trained yet
2025-09-14 15:12:27,416 - anomaly - ERROR - Anomaly prediction failed: No models trained yet
2025-09-14 15:12:29,416 - anomaly - ERROR - Anomaly prediction failed: No models trained yet
2025-09-14 15:12:29,416 - anomaly - ERROR - Anomaly prediction failed: No models trained yet
2025-09-14 15:12:29,417 - anomaly - ERROR - Anomaly prediction failed: No models trained yet
2025-09-14 15:12:29,417 - anomaly - ERROR - Anomaly prediction failed: No models trained yet
2025-09-14 15:12:31,418 - anomaly - ERROR - Anomaly prediction failed: No models trained yet
2025-09-14 15:12:31,418 - anomaly - ERROR - Anomaly prediction failed: No models trained yet
2025-09-14 15:12:31,419 - anomaly - ERROR - Anomaly prediction failed: No models trained yet
2025-09-14 15:12:31,419 - anomaly - ERROR - Anomaly prediction failed: No models trained yet
2025-09-14 15:12:33,420 - anomaly - ERROR - Anomaly prediction failed: No models trained yet
2025-09-14 15:12:33,420 - anomaly - ERROR - Anomaly prediction failed: No models trained yet
2025-09-14 15:12:33,420 - anomaly - ERROR - Anomaly prediction failed: No models trained yet
2025-09-14 15:12:33,420 - anomaly - ERROR - Anomaly prediction failed: No models trained yet
2025-09-14 15:12:35,421 - anomaly - ERROR - Anomaly prediction failed: No models trained yet
2025-09-14 15:12:35,421 - anomaly - ERROR - Anomaly prediction failed: No models trained yet
2025-09-14 15:12:35,422 - anomaly - ERROR - Anomaly prediction failed: No models trained yet
2025-09-14 15:12:35,422 - anomaly - ERROR - Anomaly prediction failed: No models trained yet
2025-09-14 15:12:37,422 - anomaly - ERROR - Anomaly prediction failed: No models trained yet
2025-09-14 15:12:37,423 - anomaly - ERROR - Anomaly prediction failed: No models trained yet
2025-09-14 15:12:37,423 - anomaly - ERROR - Anomaly prediction failed: No models trained yet
2025-09-14 15:12:37,423 - anomaly - ERROR - Anomaly prediction failed: No models trained yet
2025-09-14 15:12:39,424 - anomaly - ERROR - Anomaly prediction failed: No models trained yet
2025-09-14 15:12:39,424 - anomaly - ERROR - Anomaly prediction failed: No models trained yet
2025-09-14 15:12:39,424 - anomaly - ERROR - Anomaly prediction failed: No models trained yet
2025-09-14 15:12:39,424 - anomaly - ERROR - Anomaly prediction failed: No models trained yet
2025-09-14 15:12:41,426 - anomaly - ERROR - Anomaly prediction failed: No models trained yet
2025-09-14 15:12:41,426 - anomaly - ERROR - Anomaly prediction failed: No models trained yet
2025-09-14 15:12:41,427 - anomaly - ERROR - Anomaly prediction failed: No models trained yet
2025-09-14 15:12:41,427 - anomaly - ERROR - Anomaly prediction failed: No models trained yet
2025-09-14 15:12:43,427 - anomaly - ERROR - Anomaly prediction failed: No models trained yet
2025-09-14 15:12:43,428 - anomaly - ERROR - Anomaly prediction failed: No models trained yet
2025-09-14 15:12:43,428 - anomaly - ERROR - Anomaly prediction failed: No models trained yet
2025-09-14 15:12:43,428 - anomaly - ERROR - Anomaly prediction failed: No models trained yet
2025-09-14 15:12:45,429 - anomaly - ERROR - Anomaly prediction failed: No models trained yet
2025-09-14 15:12:45,429 - anomaly - ERROR - Anomaly prediction failed: No models trained yet
2025-09-14 15:12:45,429 - anomaly - ERROR - Anomaly prediction failed: No models trained yet
2025-09-14 15:12:45,430 - anomaly - ERROR - Anomaly prediction failed: No models trained yet
2025-09-14 15:12:47,430 - anomaly - ERROR - Anomaly prediction failed: No models trained yet
2025-09-14 15:12:47,430 - anomaly - ERROR - Anomaly prediction failed: No models trained yet
2025-09-14 15:12:47,431 - anomaly - ERROR - Anomaly prediction failed: No models trained yet
2025-09-14 15:12:47,431 - anomaly - ERROR - Anomaly prediction failed: No models trained yet
2025-09-14 15:12:49,431 - anomaly - ERROR - Anomaly prediction failed: No models trained yet
2025-09-14 15:12:49,432 - anomaly - ERROR - Anomaly prediction failed: No models trained yet
2025-09-14 15:12:49,432 - anomaly - ERROR - Anomaly prediction failed: No models trained yet
2025-09-14 15:12:49,432 - anomaly - ERROR - Anomaly prediction failed: No models trained yet
2025-09-14 15:12:51,433 - anomaly - ERROR - Anomaly prediction failed: No models trained yet
2025-09-14 15:12:51,433 - anomaly - ERROR - Anomaly prediction failed: No models trained yet
2025-09-14 15:12:51,433 - anomaly - ERROR - Anomaly prediction failed: No models trained yet
2025-09-14 15:12:51,433 - anomaly - ERROR - Anomaly prediction failed: No models trained yet
2025-09-14 15:12:53,434 - anomaly - ERROR - Anomaly prediction failed: No models trained yet
2025-09-14 15:12:53,435 - anomaly - ERROR - Anomaly prediction failed: No models trained yet
2025-09-14 15:12:53,435 - anomaly - ERROR - Anomaly prediction failed: No models trained yet
2025-09-14 15:12:53,435 - anomaly - ERROR - Anomaly prediction failed: No models trained yet
2025-09-14 15:12:55,436 - anomaly - ERROR - Anomaly prediction failed: No models trained yet
2025-09-14 15:12:55,436 - anomaly - ERROR - Anomaly prediction failed: No models trained yet
2025-09-14 15:12:55,436 - anomaly - ERROR - Anomaly prediction failed: No models trained yet
2025-09-14 15:12:55,436 - anomaly - ERROR - Anomaly prediction failed: No models trained yet
2025-09-14 15:12:57,437 - anomaly - ERROR - Anomaly prediction failed: No models trained yet
2025-09-14 15:12:57,437 - anomaly - ERROR - Anomaly prediction failed: No models trained yet
2025-09-14 15:12:57,437 - anomaly - ERROR - Anomaly prediction failed: No models trained yet
2025-09-14 15:12:57,438 - anomaly - ERROR - Anomaly prediction failed: No models trained yet
2025-09-14 15:12:59,438 - anomaly - ERROR - Anomaly prediction failed: No models trained yet
2025-09-14 15:12:59,439 - anomaly - ERROR - Anomaly prediction failed: No models trained yet
2025-09-14 15:12:59,439 - anomaly - ERROR - Anomaly prediction failed: No models trained yet
2025-09-14 15:12:59,439 - anomaly - ERROR - Anomaly prediction failed: No models trained yet
2025-09-14 15:13:01,439 - anomaly - ERROR - Anomaly prediction failed: No models trained yet
2025-09-14 15:13:01,440 - anomaly - ERROR - Anomaly prediction failed: No models trained yet
2025-09-14 15:13:01,440 - anomaly - ERROR - Anomaly prediction failed: No models trained yet
2025-09-14 15:13:01,440 - anomaly - ERROR - Anomaly prediction failed: No models trained yet
2025-09-14 15:13:03,441 - anomaly - ERROR - Anomaly prediction failed: No models trained yet
2025-09-14 15:13:03,442 - anomaly - ERROR - Anomaly prediction failed: No models trained yet
2025-09-14 15:13:03,442 - anomaly - ERROR - Anomaly prediction failed: No models trained yet
2025-09-14 15:13:03,442 - anomaly - ERROR - Anomaly prediction failed: No models trained yet
2025-09-14 15:13:05,443 - anomaly - ERROR - Anomaly prediction failed: No models trained yet
2025-09-14 15:13:05,443 - anomaly - ERROR - Anomaly prediction failed: No models trained yet
2025-09-14 15:13:05,443 - anomaly - ERROR - Anomaly prediction failed: No models trained yet
2025-09-14 15:13:05,443 - anomaly - ERROR - Anomaly prediction failed: No models trained yet
2025-09-14 15:13:07,444 - anomaly - ERROR - Anomaly prediction failed: No models trained yet
2025-09-14 15:13:07,444 - anomaly - ERROR - Anomaly prediction failed: No models trained yet
2025-09-14 15:13:07,445 - anomaly - ERROR - Anomaly prediction failed: No models trained yet
2025-09-14 15:13:07,445 - anomaly - ERROR - Anomaly prediction failed: No models trained yet
2025-09-14 15:13:09,445 - anomaly - ERROR - Anomaly prediction failed: No models trained yet
2025-09-14 15:13:09,446 - anomaly - ERROR - Anomaly prediction failed: No models trained yet
2025-09-14 15:13:09,446 - anomaly - ERROR - Anomaly prediction failed: No models trained yet
2025-09-14 15:13:09,446 - anomaly - ERROR - Anomaly prediction failed: No models trained yet
2025-09-14 15:13:11,447 - anomaly - ERROR - Anomaly prediction failed: No models trained yet
2025-09-14 15:13:11,447 - anomaly - ERROR - Anomaly prediction failed: No models trained yet
2025-09-14 15:13:11,447 - anomaly - ERROR - Anomaly prediction failed: No models trained yet
2025-09-14 15:13:11,448 - anomaly - ERROR - Anomaly prediction failed: No models trained yet
2025-09-14 15:13:13,448 - anomaly - ERROR - Anomaly prediction failed: No models trained yet
2025-09-14 15:13:13,449 - anomaly - ERROR - Anomaly prediction failed: No models trained yet
2025-09-14 15:13:13,449 - anomaly - ERROR - Anomaly prediction failed: No models trained yet
2025-09-14 15:13:13,449 - anomaly - ERROR - Anomaly prediction failed: No models trained yet
2025-09-14 15:13:15,450 - anomaly - ERROR - Anomaly prediction failed: No models trained yet
2025-09-14 15:13:15,450 - anomaly - ERROR - Anomaly prediction failed: No models trained yet
2025-09-14 15:13:15,450 - anomaly - ERROR - Anomaly prediction failed: No models trained yet
2025-09-14 15:13:15,450 - anomaly - ERROR - Anomaly prediction failed: No models trained yet
2025-09-14 15:13:17,451 - anomaly - ERROR - Anomaly prediction failed: No models trained yet
2025-09-14 15:13:17,452 - anomaly - ERROR - Anomaly prediction failed: No models trained yet
2025-09-14 15:13:17,452 - anomaly - ERROR - Anomaly prediction failed: No models trained yet
2025-09-14 15:13:17,452 - anomaly - ERROR - Anomaly prediction failed: No models trained yet
2025-09-14 15:13:19,453 - anomaly - ERROR - Anomaly prediction failed: No models trained yet
2025-09-14 15:13:19,453 - anomaly - ERROR - Anomaly prediction failed: No models trained yet
2025-09-14 15:13:19,453 - anomaly - ERROR - Anomaly prediction failed: No models trained yet
2025-09-14 15:13:19,453 - anomaly - ERROR - Anomaly prediction failed: No models trained yet
2025-09-14 15:13:21,454 - anomaly - ERROR - Anomaly prediction failed: No models trained yet
2025-09-14 15:13:21,454 - anomaly - ERROR - Anomaly prediction failed: No models trained yet
2025-09-14 15:13:21,454 - anomaly - ERROR - Anomaly prediction failed: No models trained yet
2025-09-14 15:13:21,454 - anomaly - ERROR - Anomaly prediction failed: No models trained yet
2025-09-14 15:13:23,455 - anomaly - ERROR - Anomaly prediction failed: No models trained yet
2025-09-14 15:13:23,455 - anomaly - ERROR - Anomaly prediction failed: No models trained yet
2025-09-14 15:13:23,456 - anomaly - ERROR - Anomaly prediction failed: No models trained yet
2025-09-14 15:13:23,456 - anomaly - ERROR - Anomaly prediction failed: No models trained yet
2025-09-14 15:13:25,456 - anomaly - ERROR - Anomaly prediction failed: No models trained yet
2025-09-14 15:13:25,457 - anomaly - ERROR - Anomaly prediction failed: No models trained yet
2025-09-14 15:13:25,457 - anomaly - ERROR - Anomaly prediction failed: No models trained yet
2025-09-14 15:13:25,457 - anomaly - ERROR - Anomaly prediction failed: No models trained yet
2025-09-14 15:13:27,458 - anomaly - ERROR - Anomaly prediction failed: No models trained yet
2025-09-14 15:13:27,458 - anomaly - ERROR - Anomaly prediction failed: No models trained yet
2025-09-14 15:13:27,458 - anomaly - ERROR - Anomaly prediction failed: No models trained yet
2025-09-14 15:13:27,459 - anomaly - ERROR - Anomaly prediction failed: No models trained yet
2025-09-14 15:13:29,460 - anomaly - ERROR - Anomaly prediction failed: No models trained yet
2025-09-14 15:13:29,461 - anomaly - ERROR - Anomaly prediction failed: No models trained yet
2025-09-14 15:13:29,461 - anomaly - ERROR - Anomaly prediction failed: No models trained yet
2025-09-14 15:13:29,461 - anomaly - ERROR - Anomaly prediction failed: No models trained yet
2025-09-14 15:13:31,462 - anomaly - ERROR - Anomaly prediction failed: No models trained yet
2025-09-14 15:13:31,462 - anomaly - ERROR - Anomaly prediction failed: No models trained yet
2025-09-14 15:13:31,463 - anomaly - ERROR - Anomaly prediction failed: No models trained yet
2025-09-14 15:13:31,463 - anomaly - ERROR - Anomaly prediction failed: No models trained yet
2025-09-14 15:13:33,463 - anomaly - ERROR - Anomaly prediction failed: No models trained yet
2025-09-14 15:13:33,464 - anomaly - ERROR - Anomaly prediction failed: No models trained yet
2025-09-14 15:13:33,464 - anomaly - ERROR - Anomaly prediction failed: No models trained yet
2025-09-14 15:13:33,464 - anomaly - ERROR - Anomaly prediction failed: No models trained yet
2025-09-14 15:13:35,465 - anomaly - ERROR - Anomaly prediction failed: No models trained yet
2025-09-14 15:13:35,465 - anomaly - ERROR - Anomaly prediction failed: No models trained yet
2025-09-14 15:13:35,466 - anomaly - ERROR - Anomaly prediction failed: No models trained yet
2025-09-14 15:13:35,466 - anomaly - ERROR - Anomaly prediction failed: No models trained yet
2025-09-14 15:13:37,466 - anomaly - ERROR - Anomaly prediction failed: No models trained yet
2025-09-14 15:13:37,467 - anomaly - ERROR - Anomaly prediction failed: No models trained yet
2025-09-14 15:13:37,467 - anomaly - ERROR - Anomaly prediction failed: No models trained yet
2025-09-14 15:13:37,467 - anomaly - ERROR - Anomaly prediction failed: No models trained yet
2025-09-14 15:13:39,468 - anomaly - ERROR - Anomaly prediction failed: No models trained yet
2025-09-14 15:13:39,468 - anomaly - ERROR - Anomaly prediction failed: No models trained yet
2025-09-14 15:13:39,469 - anomaly - ERROR - Anomaly prediction failed: No models trained yet
2025-09-14 15:13:39,469 - anomaly - ERROR - Anomaly prediction failed: No models trained yet
2025-09-14 15:13:41,469 - anomaly - ERROR - Anomaly prediction failed: No models trained yet
2025-09-14 15:13:41,470 - anomaly - ERROR - Anomaly prediction failed: No models trained yet
2025-09-14 15:13:41,470 - anomaly - ERROR - Anomaly prediction failed: No models trained yet
2025-09-14 15:13:41,470 - anomaly - ERROR - Anomaly prediction failed: No models trained yet
2025-09-14 15:13:43,471 - anomaly - ERROR - Anomaly prediction failed: No models trained yet
2025-09-14 15:13:43,471 - anomaly - ERROR - Anomaly prediction failed: No models trained yet
2025-09-14 15:13:43,471 - anomaly - ERROR - Anomaly prediction failed: No models trained yet
2025-09-14 15:13:43,471 - anomaly - ERROR - Anomaly prediction failed: No models trained yet
2025-09-14 15:13:45,472 - anomaly - ERROR - Anomaly prediction failed: No models trained yet
2025-09-14 15:13:45,473 - anomaly - ERROR - Anomaly prediction failed: No models trained yet
2025-09-14 15:13:45,473 - anomaly - ERROR - Anomaly prediction failed: No models trained yet
2025-09-14 15:13:45,473 - anomaly - ERROR - Anomaly prediction failed: No models trained yet
2025-09-14 15:13:47,474 - anomaly - ERROR - Anomaly prediction failed: No models trained yet
2025-09-14 15:13:47,474 - anomaly - ERROR - Anomaly prediction failed: No models trained yet
2025-09-14 15:13:47,474 - anomaly - ERROR - Anomaly prediction failed: No models trained yet
2025-09-14 15:13:47,475 - anomaly - ERROR - Anomaly prediction failed: No models trained yet
2025-09-14 15:13:49,475 - anomaly - ERROR - Anomaly prediction failed: No models trained yet
2025-09-14 15:13:49,475 - anomaly - ERROR - Anomaly prediction failed: No models trained yet
2025-09-14 15:13:49,476 - anomaly - ERROR - Anomaly prediction failed: No models trained yet
2025-09-14 15:13:49,476 - anomaly - ERROR - Anomaly prediction failed: No models trained yet
2025-09-14 15:13:51,476 - anomaly - ERROR - Anomaly prediction failed: No models trained yet
2025-09-14 15:13:51,477 - anomaly - ERROR - Anomaly prediction failed: No models trained yet
2025-09-14 15:13:51,477 - anomaly - ERROR - Anomaly prediction failed: No models trained yet
2025-09-14 15:13:51,477 - anomaly - ERROR - Anomaly prediction failed: No models trained yet
2025-09-14 15:13:53,478 - anomaly - ERROR - Anomaly prediction failed: No models trained yet
2025-09-14 15:13:53,478 - anomaly - ERROR - Anomaly prediction failed: No models trained yet
2025-09-14 15:13:53,478 - anomaly - ERROR - Anomaly prediction failed: No models trained yet
2025-09-14 15:13:53,479 - anomaly - ERROR - Anomaly prediction failed: No models trained yet
2025-09-14 15:13:55,479 - anomaly - ERROR - Anomaly prediction failed: No models trained yet
2025-09-14 15:13:55,480 - anomaly - ERROR - Anomaly prediction failed: No models trained yet
2025-09-14 15:13:55,480 - anomaly - ERROR - Anomaly prediction failed: No models trained yet
2025-09-14 15:13:55,480 - anomaly - ERROR - Anomaly prediction failed: No models trained yet
2025-09-14 15:13:57,481 - anomaly - ERROR - Anomaly prediction failed: No models trained yet
2025-09-14 15:13:57,481 - anomaly - ERROR - Anomaly prediction failed: No models trained yet
2025-09-14 15:13:57,482 - anomaly - ERROR - Anomaly prediction failed: No models trained yet
2025-09-14 15:13:57,482 - anomaly - ERROR - Anomaly prediction failed: No models trained yet
2025-09-14 15:13:59,483 - anomaly - ERROR - Anomaly prediction failed: No models trained yet
2025-09-14 15:13:59,483 - anomaly - ERROR - Anomaly prediction failed: No models trained yet
2025-09-14 15:13:59,483 - anomaly - ERROR - Anomaly prediction failed: No models trained yet
2025-09-14 15:13:59,483 - anomaly - ERROR - Anomaly prediction failed: No models trained yet
2025-09-14 15:14:01,484 - anomaly - ERROR - Anomaly prediction failed: No models trained yet
2025-09-14 15:14:01,484 - anomaly - ERROR - Anomaly prediction failed: No models trained yet
2025-09-14 15:14:01,485 - anomaly - ERROR - Anomaly prediction failed: No models trained yet
2025-09-14 15:14:01,485 - anomaly - ERROR - Anomaly prediction failed: No models trained yet
2025-09-14 15:14:03,485 - anomaly - ERROR - Anomaly prediction failed: No models trained yet
2025-09-14 15:14:03,486 - anomaly - ERROR - Anomaly prediction failed: No models trained yet
2025-09-14 15:14:03,486 - anomaly - ERROR - Anomaly prediction failed: No models trained yet
2025-09-14 15:14:03,486 - anomaly - ERROR - Anomaly prediction failed: No models trained yet
2025-09-14 15:14:05,487 - anomaly - ERROR - Anomaly prediction failed: No models trained yet
2025-09-14 15:14:05,487 - anomaly - ERROR - Anomaly prediction failed: No models trained yet
2025-09-14 15:14:05,487 - anomaly - ERROR - Anomaly prediction failed: No models trained yet
2025-09-14 15:14:05,488 - anomaly - ERROR - Anomaly prediction failed: No models trained yet
2025-09-14 15:14:07,488 - anomaly - ERROR - Anomaly prediction failed: No models trained yet
2025-09-14 15:14:07,489 - anomaly - ERROR - Anomaly prediction failed: No models trained yet
2025-09-14 15:14:07,489 - anomaly - ERROR - Anomaly prediction failed: No models trained yet
2025-09-14 15:14:07,489 - anomaly - ERROR - Anomaly prediction failed: No models trained yet
2025-09-14 15:14:09,490 - anomaly - ERROR - Anomaly prediction failed: No models trained yet
2025-09-14 15:14:09,490 - anomaly - ERROR - Anomaly prediction failed: No models trained yet
2025-09-14 15:14:09,490 - anomaly - ERROR - Anomaly prediction failed: No models trained yet
2025-09-14 15:14:09,490 - anomaly - ERROR - Anomaly prediction failed: No models trained yet
2025-09-14 15:14:11,491 - anomaly - ERROR - Anomaly prediction failed: No models trained yet
2025-09-14 15:14:11,491 - anomaly - ERROR - Anomaly prediction failed: No models trained yet
2025-09-14 15:14:11,491 - anomaly - ERROR - Anomaly prediction failed: No models trained yet
2025-09-14 15:14:11,492 - anomaly - ERROR - Anomaly prediction failed: No models trained yet
2025-09-14 15:14:13,492 - anomaly - ERROR - Anomaly prediction failed: No models trained yet
2025-09-14 15:14:13,493 - anomaly - ERROR - Anomaly prediction failed: No models trained yet
2025-09-14 15:14:13,493 - anomaly - ERROR - Anomaly prediction failed: No models trained yet
2025-09-14 15:14:13,493 - anomaly - ERROR - Anomaly prediction failed: No models trained yet
2025-09-14 15:14:15,494 - anomaly - ERROR - Anomaly prediction failed: No models trained yet
2025-09-14 15:14:15,494 - anomaly - ERROR - Anomaly prediction failed: No models trained yet
2025-09-14 15:14:15,494 - anomaly - ERROR - Anomaly prediction failed: No models trained yet
2025-09-14 15:14:15,495 - anomaly - ERROR - Anomaly prediction failed: No models trained yet
2025-09-14 15:14:17,495 - anomaly - ERROR - Anomaly prediction failed: No models trained yet
2025-09-14 15:14:17,496 - anomaly - ERROR - Anomaly prediction failed: No models trained yet
2025-09-14 15:14:17,496 - anomaly - ERROR - Anomaly prediction failed: No models trained yet
2025-09-14 15:14:17,496 - anomaly - ERROR - Anomaly prediction failed: No models trained yet
2025-09-14 15:14:19,497 - anomaly - ERROR - Anomaly prediction failed: No models trained yet
2025-09-14 15:14:19,497 - anomaly - ERROR - Anomaly prediction failed: No models trained yet
2025-09-14 15:14:19,498 - anomaly - ERROR - Anomaly prediction failed: No models trained yet
2025-09-14 15:14:19,498 - anomaly - ERROR - Anomaly prediction failed: No models trained yet
2025-09-14 15:14:21,498 - anomaly - ERROR - Anomaly prediction failed: No models trained yet
2025-09-14 15:14:21,499 - anomaly - ERROR - Anomaly prediction failed: No models trained yet
2025-09-14 15:14:21,499 - anomaly - ERROR - Anomaly prediction failed: No models trained yet
2025-09-14 15:14:21,499 - anomaly - ERROR - Anomaly prediction failed: No models trained yet
2025-09-14 15:14:23,500 - anomaly - ERROR - Anomaly prediction failed: No models trained yet
2025-09-14 15:14:23,500 - anomaly - ERROR - Anomaly prediction failed: No models trained yet
2025-09-14 15:14:23,500 - anomaly - ERROR - Anomaly prediction failed: No models trained yet
2025-09-14 15:14:23,500 - anomaly - ERROR - Anomaly prediction failed: No models trained yet
2025-09-14 15:14:25,501 - anomaly - ERROR - Anomaly prediction failed: No models trained yet
2025-09-14 15:14:25,501 - anomaly - ERROR - Anomaly prediction failed: No models trained yet
2025-09-14 15:14:25,501 - anomaly - ERROR - Anomaly prediction failed: No models trained yet
2025-09-14 15:14:25,502 - anomaly - ERROR - Anomaly prediction failed: No models trained yet
2025-09-14 15:14:27,502 - anomaly - ERROR - Anomaly prediction failed: No models trained yet
2025-09-14 15:14:27,503 - anomaly - ERROR - Anomaly prediction failed: No models trained yet
2025-09-14 15:14:27,503 - anomaly - ERROR - Anomaly prediction failed: No models trained yet
2025-09-14 15:14:27,503 - anomaly - ERROR - Anomaly prediction failed: No models trained yet
2025-09-14 15:14:29,504 - anomaly - ERROR - Anomaly prediction failed: No models trained yet
2025-09-14 15:14:29,504 - anomaly - ERROR - Anomaly prediction failed: No models trained yet
2025-09-14 15:14:29,504 - anomaly - ERROR - Anomaly prediction failed: No models trained yet
2025-09-14 15:14:29,505 - anomaly - ERROR - Anomaly prediction failed: No models trained yet
2025-09-14 15:14:31,505 - anomaly - ERROR - Anomaly prediction failed: No models trained yet
2025-09-14 15:14:31,505 - anomaly - ERROR - Anomaly prediction failed: No models trained yet
2025-09-14 15:14:31,506 - anomaly - ERROR - Anomaly prediction failed: No models trained yet
2025-09-14 15:14:31,506 - anomaly - ERROR - Anomaly prediction failed: No models trained yet
2025-09-14 15:14:33,506 - anomaly - ERROR - Anomaly prediction failed: No models trained yet
2025-09-14 15:14:33,507 - anomaly - ERROR - Anomaly prediction failed: No models trained yet
2025-09-14 15:14:33,507 - anomaly - ERROR - Anomaly prediction failed: No models trained yet
2025-09-14 15:14:33,507 - anomaly - ERROR - Anomaly prediction failed: No models trained yet
2025-09-14 15:14:35,508 - anomaly - ERROR - Anomaly prediction failed: No models trained yet
2025-09-14 15:14:35,508 - anomaly - ERROR - Anomaly prediction failed: No models trained yet
2025-09-14 15:14:35,509 - anomaly - ERROR - Anomaly prediction failed: No models trained yet
2025-09-14 15:14:35,509 - anomaly - ERROR - Anomaly prediction failed: No models trained yet
2025-09-14 15:14:37,509 - anomaly - ERROR - Anomaly prediction failed: No models trained yet
2025-09-14 15:14:37,510 - anomaly - ERROR - Anomaly prediction failed: No models trained yet
2025-09-14 15:14:37,510 - anomaly - ERROR - Anomaly prediction failed: No models trained yet
2025-09-14 15:14:37,510 - anomaly - ERROR - Anomaly prediction failed: No models trained yet
2025-09-14 15:14:39,511 - anomaly - ERROR - Anomaly prediction failed: No models trained yet
2025-09-14 15:14:39,511 - anomaly - ERROR - Anomaly prediction failed: No models trained yet
2025-09-14 15:14:39,512 - anomaly - ERROR - Anomaly prediction failed: No models trained yet
2025-09-14 15:14:39,512 - anomaly - ERROR - Anomaly prediction failed: No models trained yet
2025-09-14 15:14:41,513 - anomaly - ERROR - Anomaly prediction failed: No models trained yet
2025-09-14 15:14:41,513 - anomaly - ERROR - Anomaly prediction failed: No models trained yet
2025-09-14 15:14:41,513 - anomaly - ERROR - Anomaly prediction failed: No models trained yet
2025-09-14 15:14:41,514 - anomaly - ERROR - Anomaly prediction failed: No models trained yet
2025-09-14 15:14:43,514 - anomaly - ERROR - Anomaly prediction failed: No models trained yet
2025-09-14 15:14:43,515 - anomaly - ERROR - Anomaly prediction failed: No models trained yet
2025-09-14 15:14:43,515 - anomaly - ERROR - Anomaly prediction failed: No models trained yet
2025-09-14 15:14:43,515 - anomaly - ERROR - Anomaly prediction failed: No models trained yet
2025-09-14 15:14:45,516 - anomaly - ERROR - Anomaly prediction failed: No models trained yet
2025-09-14 15:14:45,516 - anomaly - ERROR - Anomaly prediction failed: No models trained yet
2025-09-14 15:14:45,516 - anomaly - ERROR - Anomaly prediction failed: No models trained yet
2025-09-14 15:14:45,517 - anomaly - ERROR - Anomaly prediction failed: No models trained yet
2025-09-14 15:14:47,517 - anomaly - ERROR - Anomaly prediction failed: No models trained yet
2025-09-14 15:14:47,517 - anomaly - ERROR - Anomaly prediction failed: No models trained yet
2025-09-14 15:14:47,518 - anomaly - ERROR - Anomaly prediction failed: No models trained yet
2025-09-14 15:14:47,518 - anomaly - ERROR - Anomaly prediction failed: No models trained yet
2025-09-14 15:14:49,518 - anomaly - ERROR - Anomaly prediction failed: No models trained yet
2025-09-14 15:14:49,519 - anomaly - ERROR - Anomaly prediction failed: No models trained yet
2025-09-14 15:14:49,519 - anomaly - ERROR - Anomaly prediction failed: No models trained yet
2025-09-14 15:14:49,519 - anomaly - ERROR - Anomaly prediction failed: No models trained yet
2025-09-14 15:14:51,520 - anomaly - ERROR - Anomaly prediction failed: No models trained yet
2025-09-14 15:14:51,520 - anomaly - ERROR - Anomaly prediction failed: No models trained yet
2025-09-14 15:14:51,520 - anomaly - ERROR - Anomaly prediction failed: No models trained yet
2025-09-14 15:14:51,520 - anomaly - ERROR - Anomaly prediction failed: No models trained yet
2025-09-14 15:14:53,521 - anomaly - ERROR - Anomaly prediction failed: No models trained yet
2025-09-14 15:14:53,522 - anomaly - ERROR - Anomaly prediction failed: No models trained yet
2025-09-14 15:14:53,522 - anomaly - ERROR - Anomaly prediction failed: No models trained yet
2025-09-14 15:14:53,522 - anomaly - ERROR - Anomaly prediction failed: No models trained yet
2025-09-14 15:14:55,523 - anomaly - ERROR - Anomaly prediction failed: No models trained yet
2025-09-14 15:14:55,523 - anomaly - ERROR - Anomaly prediction failed: No models trained yet
2025-09-14 15:14:55,524 - anomaly - ERROR - Anomaly prediction failed: No models trained yet
2025-09-14 15:14:55,524 - anomaly - ERROR - Anomaly prediction failed: No models trained yet
2025-09-14 15:14:57,525 - anomaly - ERROR - Anomaly prediction failed: No models trained yet
2025-09-14 15:14:57,525 - anomaly - ERROR - Anomaly prediction failed: No models trained yet
2025-09-14 15:14:57,525 - anomaly - ERROR - Anomaly prediction failed: No models trained yet
2025-09-14 15:14:57,525 - anomaly - ERROR - Anomaly prediction failed: No models trained yet
2025-09-14 15:14:59,526 - anomaly - ERROR - Anomaly prediction failed: No models trained yet
2025-09-14 15:14:59,526 - anomaly - ERROR - Anomaly prediction failed: No models trained yet
2025-09-14 15:14:59,527 - anomaly - ERROR - Anomaly prediction failed: No models trained yet
2025-09-14 15:14:59,527 - anomaly - ERROR - Anomaly prediction failed: No models trained yet
2025-09-14 15:15:01,527 - anomaly - ERROR - Anomaly prediction failed: No models trained yet
2025-09-14 15:15:01,528 - anomaly - ERROR - Anomaly prediction failed: No models trained yet
2025-09-14 15:15:01,528 - anomaly - ERROR - Anomaly prediction failed: No models trained yet
2025-09-14 15:15:01,528 - anomaly - ERROR - Anomaly prediction failed: No models trained yet
2025-09-14 15:15:03,528 - anomaly - ERROR - Anomaly prediction failed: No models trained yet
2025-09-14 15:15:03,529 - anomaly - ERROR - Anomaly prediction failed: No models trained yet
2025-09-14 15:15:03,529 - anomaly - ERROR - Anomaly prediction failed: No models trained yet
2025-09-14 15:15:03,529 - anomaly - ERROR - Anomaly prediction failed: No models trained yet
2025-09-14 15:15:05,530 - anomaly - ERROR - Anomaly prediction failed: No models trained yet
2025-09-14 15:15:05,530 - anomaly - ERROR - Anomaly prediction failed: No models trained yet
2025-09-14 15:15:05,531 - anomaly - ERROR - Anomaly prediction failed: No models trained yet
2025-09-14 15:15:05,531 - anomaly - ERROR - Anomaly prediction failed: No models trained yet
2025-09-14 15:15:07,531 - anomaly - ERROR - Anomaly prediction failed: No models trained yet
2025-09-14 15:15:07,532 - anomaly - ERROR - Anomaly prediction failed: No models trained yet
2025-09-14 15:15:07,532 - anomaly - ERROR - Anomaly prediction failed: No models trained yet
2025-09-14 15:15:07,532 - anomaly - ERROR - Anomaly prediction failed: No models trained yet
2025-09-14 15:15:09,533 - anomaly - ERROR - Anomaly prediction failed: No models trained yet
2025-09-14 15:15:09,533 - anomaly - ERROR - Anomaly prediction failed: No models trained yet
2025-09-14 15:15:09,533 - anomaly - ERROR - Anomaly prediction failed: No models trained yet
2025-09-14 15:15:09,534 - anomaly - ERROR - Anomaly prediction failed: No models trained yet
2025-09-14 15:15:11,534 - anomaly - ERROR - Anomaly prediction failed: No models trained yet
2025-09-14 15:15:11,535 - anomaly - ERROR - Anomaly prediction failed: No models trained yet
2025-09-14 15:15:11,535 - anomaly - ERROR - Anomaly prediction failed: No models trained yet
2025-09-14 15:15:11,535 - anomaly - ERROR - Anomaly prediction failed: No models trained yet
2025-09-14 15:15:13,536 - anomaly - ERROR - Anomaly prediction failed: No models trained yet
2025-09-14 15:15:13,536 - anomaly - ERROR - Anomaly prediction failed: No models trained yet
2025-09-14 15:15:13,536 - anomaly - ERROR - Anomaly prediction failed: No models trained yet
2025-09-14 15:15:13,537 - anomaly - ERROR - Anomaly prediction failed: No models trained yet
2025-09-14 15:15:15,537 - anomaly - ERROR - Anomaly prediction failed: No models trained yet
2025-09-14 15:15:15,537 - anomaly - ERROR - Anomaly prediction failed: No models trained yet
2025-09-14 15:15:15,538 - anomaly - ERROR - Anomaly prediction failed: No models trained yet
2025-09-14 15:15:15,538 - anomaly - ERROR - Anomaly prediction failed: No models trained yet
2025-09-14 15:15:17,538 - anomaly - ERROR - Anomaly prediction failed: No models trained yet
2025-09-14 15:15:17,539 - anomaly - ERROR - Anomaly prediction failed: No models trained yet
2025-09-14 15:15:17,539 - anomaly - ERROR - Anomaly prediction failed: No models trained yet
2025-09-14 15:15:17,539 - anomaly - ERROR - Anomaly prediction failed: No models trained yet
2025-09-14 15:15:19,540 - anomaly - ERROR - Anomaly prediction failed: No models trained yet
2025-09-14 15:15:19,540 - anomaly - ERROR - Anomaly prediction failed: No models trained yet
2025-09-14 15:15:19,541 - anomaly - ERROR - Anomaly prediction failed: No models trained yet
2025-09-14 15:15:19,541 - anomaly - ERROR - Anomaly prediction failed: No models trained yet
2025-09-14 15:15:21,542 - anomaly - ERROR - Anomaly prediction failed: No models trained yet
2025-09-14 15:15:21,542 - anomaly - ERROR - Anomaly prediction failed: No models trained yet
2025-09-14 15:15:21,542 - anomaly - ERROR - Anomaly prediction failed: No models trained yet
2025-09-14 15:15:21,543 - anomaly - ERROR - Anomaly prediction failed: No models trained yet
2025-09-14 15:15:23,543 - anomaly - ERROR - Anomaly prediction failed: No models trained yet
2025-09-14 15:15:23,544 - anomaly - ERROR - Anomaly prediction failed: No models trained yet
2025-09-14 15:15:23,544 - anomaly - ERROR - Anomaly prediction failed: No models trained yet
2025-09-14 15:15:23,544 - anomaly - ERROR - Anomaly prediction failed: No models trained yet
2025-09-14 15:15:25,544 - anomaly - ERROR - Anomaly prediction failed: No models trained yet
2025-09-14 15:15:25,545 - anomaly - ERROR - Anomaly prediction failed: No models trained yet
2025-09-14 15:15:25,545 - anomaly - ERROR - Anomaly prediction failed: No models trained yet
2025-09-14 15:15:25,545 - anomaly - ERROR - Anomaly prediction failed: No models trained yet
2025-09-14 15:15:27,546 - anomaly - ERROR - Anomaly prediction failed: No models trained yet
2025-09-14 15:15:27,547 - anomaly - ERROR - Anomaly prediction failed: No models trained yet
2025-09-14 15:15:27,547 - anomaly - ERROR - Anomaly prediction failed: No models trained yet
2025-09-14 15:15:27,547 - anomaly - ERROR - Anomaly prediction failed: No models trained yet
2025-09-14 15:15:29,548 - anomaly - ERROR - Anomaly prediction failed: No models trained yet
2025-09-14 15:15:29,548 - anomaly - ERROR - Anomaly prediction failed: No models trained yet
2025-09-14 15:15:29,548 - anomaly - ERROR - Anomaly prediction failed: No models trained yet
2025-09-14 15:15:29,548 - anomaly - ERROR - Anomaly prediction failed: No models trained yet
2025-09-14 15:15:31,549 - anomaly - ERROR - Anomaly prediction failed: No models trained yet
2025-09-14 15:15:31,549 - anomaly - ERROR - Anomaly prediction failed: No models trained yet
2025-09-14 15:15:31,550 - anomaly - ERROR - Anomaly prediction failed: No models trained yet
2025-09-14 15:15:31,550 - anomaly - ERROR - Anomaly prediction failed: No models trained yet
2025-09-14 15:15:33,551 - anomaly - ERROR - Anomaly prediction failed: No models trained yet
2025-09-14 15:15:33,551 - anomaly - ERROR - Anomaly prediction failed: No models trained yet
2025-09-14 15:15:33,551 - anomaly - ERROR - Anomaly prediction failed: No models trained yet
2025-09-14 15:15:33,551 - anomaly - ERROR - Anomaly prediction failed: No models trained yet
2025-09-14 15:15:35,552 - anomaly - ERROR - Anomaly prediction failed: No models trained yet
2025-09-14 15:15:35,552 - anomaly - ERROR - Anomaly prediction failed: No models trained yet
2025-09-14 15:15:35,553 - anomaly - ERROR - Anomaly prediction failed: No models trained yet
2025-09-14 15:15:35,553 - anomaly - ERROR - Anomaly prediction failed: No models trained yet
2025-09-14 15:15:37,553 - anomaly - ERROR - Anomaly prediction failed: No models trained yet
2025-09-14 15:15:37,554 - anomaly - ERROR - Anomaly prediction failed: No models trained yet
2025-09-14 15:15:37,554 - anomaly - ERROR - Anomaly prediction failed: No models trained yet
2025-09-14 15:15:37,554 - anomaly - ERROR - Anomaly prediction failed: No models trained yet
2025-09-14 15:15:39,555 - anomaly - ERROR - Anomaly prediction failed: No models trained yet
2025-09-14 15:15:39,555 - anomaly - ERROR - Anomaly prediction failed: No models trained yet
2025-09-14 15:15:39,556 - anomaly - ERROR - Anomaly prediction failed: No models trained yet
2025-09-14 15:15:39,556 - anomaly - ERROR - Anomaly prediction failed: No models trained yet
2025-09-14 15:15:41,556 - anomaly - ERROR - Anomaly prediction failed: No models trained yet
2025-09-14 15:15:41,557 - anomaly - ERROR - Anomaly prediction failed: No models trained yet
2025-09-14 15:15:41,557 - anomaly - ERROR - Anomaly prediction failed: No models trained yet
2025-09-14 15:15:41,557 - anomaly - ERROR - Anomaly prediction failed: No models trained yet
2025-09-14 15:15:43,558 - anomaly - ERROR - Anomaly prediction failed: No models trained yet
2025-09-14 15:15:43,559 - anomaly - ERROR - Anomaly prediction failed: No models trained yet
2025-09-14 15:15:43,559 - anomaly - ERROR - Anomaly prediction failed: No models trained yet
2025-09-14 15:15:43,559 - anomaly - ERROR - Anomaly prediction failed: No models trained yet
2025-09-14 15:15:45,560 - anomaly - ERROR - Anomaly prediction failed: No models trained yet
2025-09-14 15:15:45,560 - anomaly - ERROR - Anomaly prediction failed: No models trained yet
2025-09-14 15:15:45,560 - anomaly - ERROR - Anomaly prediction failed: No models trained yet
2025-09-14 15:15:45,560 - anomaly - ERROR - Anomaly prediction failed: No models trained yet
2025-09-14 15:15:47,561 - anomaly - ERROR - Anomaly prediction failed: No models trained yet
2025-09-14 15:15:47,561 - anomaly - ERROR - Anomaly prediction failed: No models trained yet
2025-09-14 15:15:47,561 - anomaly - ERROR - Anomaly prediction failed: No models trained yet
2025-09-14 15:15:47,562 - anomaly - ERROR - Anomaly prediction failed: No models trained yet
2025-09-14 15:15:49,562 - anomaly - ERROR - Anomaly prediction failed: No models trained yet
2025-09-14 15:15:49,563 - anomaly - ERROR - Anomaly prediction failed: No models trained yet
2025-09-14 15:15:49,563 - anomaly - ERROR - Anomaly prediction failed: No models trained yet
2025-09-14 15:15:49,563 - anomaly - ERROR - Anomaly prediction failed: No models trained yet
2025-09-14 15:15:51,564 - anomaly - ERROR - Anomaly prediction failed: No models trained yet
2025-09-14 15:15:51,564 - anomaly - ERROR - Anomaly prediction failed: No models trained yet
2025-09-14 15:15:51,564 - anomaly - ERROR - Anomaly prediction failed: No models trained yet
2025-09-14 15:15:51,565 - anomaly - ERROR - Anomaly prediction failed: No models trained yet
2025-09-14 15:15:53,565 - anomaly - ERROR - Anomaly prediction failed: No models trained yet
2025-09-14 15:15:53,566 - anomaly - ERROR - Anomaly prediction failed: No models trained yet
2025-09-14 15:15:53,567 - anomaly - ERROR - Anomaly prediction failed: No models trained yet
2025-09-14 15:15:53,567 - anomaly - ERROR - Anomaly prediction failed: No models trained yet
2025-09-14 15:15:55,567 - anomaly - ERROR - Anomaly prediction failed: No models trained yet
2025-09-14 15:15:55,568 - anomaly - ERROR - Anomaly prediction failed: No models trained yet
2025-09-14 15:15:55,568 - anomaly - ERROR - Anomaly prediction failed: No models trained yet
2025-09-14 15:15:55,568 - anomaly - ERROR - Anomaly prediction failed: No models trained yet
2025-09-14 15:15:57,569 - anomaly - ERROR - Anomaly prediction failed: No models trained yet
2025-09-14 15:15:57,569 - anomaly - ERROR - Anomaly prediction failed: No models trained yet
2025-09-14 15:15:57,569 - anomaly - ERROR - Anomaly prediction failed: No models trained yet
2025-09-14 15:15:57,570 - anomaly - ERROR - Anomaly prediction failed: No models trained yet
2025-09-14 15:15:59,570 - anomaly - ERROR - Anomaly prediction failed: No models trained yet
2025-09-14 15:15:59,570 - anomaly - ERROR - Anomaly prediction failed: No models trained yet
2025-09-14 15:15:59,571 - anomaly - ERROR - Anomaly prediction failed: No models trained yet
2025-09-14 15:15:59,571 - anomaly - ERROR - Anomaly prediction failed: No models trained yet
2025-09-14 15:16:01,571 - anomaly - ERROR - Anomaly prediction failed: No models trained yet
2025-09-14 15:16:01,572 - anomaly - ERROR - Anomaly prediction failed: No models trained yet
2025-09-14 15:16:01,572 - anomaly - ERROR - Anomaly prediction failed: No models trained yet
2025-09-14 15:16:01,572 - anomaly - ERROR - Anomaly prediction failed: No models trained yet
2025-09-14 15:16:03,572 - anomaly - ERROR - Anomaly prediction failed: No models trained yet
2025-09-14 15:16:03,573 - anomaly - ERROR - Anomaly prediction failed: No models trained yet
2025-09-14 15:16:03,573 - anomaly - ERROR - Anomaly prediction failed: No models trained yet
2025-09-14 15:16:03,573 - anomaly - ERROR - Anomaly prediction failed: No models trained yet
2025-09-14 15:16:05,574 - anomaly - ERROR - Anomaly prediction failed: No models trained yet
2025-09-14 15:16:05,574 - anomaly - ERROR - Anomaly prediction failed: No models trained yet
2025-09-14 15:16:05,575 - anomaly - ERROR - Anomaly prediction failed: No models trained yet
2025-09-14 15:16:05,575 - anomaly - ERROR - Anomaly prediction failed: No models trained yet
2025-09-14 15:16:07,576 - anomaly - ERROR - Anomaly prediction failed: No models trained yet
2025-09-14 15:16:07,576 - anomaly - ERROR - Anomaly prediction failed: No models trained yet
2025-09-14 15:16:07,576 - anomaly - ERROR - Anomaly prediction failed: No models trained yet
2025-09-14 15:16:07,577 - anomaly - ERROR - Anomaly prediction failed: No models trained yet
2025-09-14 15:16:09,577 - anomaly - ERROR - Anomaly prediction failed: No models trained yet
2025-09-14 15:16:09,578 - anomaly - ERROR - Anomaly prediction failed: No models trained yet
2025-09-14 15:16:09,578 - anomaly - ERROR - Anomaly prediction failed: No models trained yet
2025-09-14 15:16:09,578 - anomaly - ERROR - Anomaly prediction failed: No models trained yet
2025-09-14 15:16:11,579 - anomaly - ERROR - Anomaly prediction failed: No models trained yet
2025-09-14 15:16:11,579 - anomaly - ERROR - Anomaly prediction failed: No models trained yet
2025-09-14 15:16:11,580 - anomaly - ERROR - Anomaly prediction failed: No models trained yet
2025-09-14 15:16:11,580 - anomaly - ERROR - Anomaly prediction failed: No models trained yet
2025-09-14 15:16:13,581 - anomaly - ERROR - Anomaly prediction failed: No models trained yet
2025-09-14 15:16:13,581 - anomaly - ERROR - Anomaly prediction failed: No models trained yet
2025-09-14 15:16:13,581 - anomaly - ERROR - Anomaly prediction failed: No models trained yet
2025-09-14 15:16:13,582 - anomaly - ERROR - Anomaly prediction failed: No models trained yet
2025-09-14 15:16:15,582 - anomaly - ERROR - Anomaly prediction failed: No models trained yet
2025-09-14 15:16:15,583 - anomaly - ERROR - Anomaly prediction failed: No models trained yet
2025-09-14 15:16:15,583 - anomaly - ERROR - Anomaly prediction failed: No models trained yet
2025-09-14 15:16:15,583 - anomaly - ERROR - Anomaly prediction failed: No models trained yet
2025-09-14 15:16:17,584 - anomaly - ERROR - Anomaly prediction failed: No models trained yet
2025-09-14 15:16:17,584 - anomaly - ERROR - Anomaly prediction failed: No models trained yet
2025-09-14 15:16:17,584 - anomaly - ERROR - Anomaly prediction failed: No models trained yet
2025-09-14 15:16:17,585 - anomaly - ERROR - Anomaly prediction failed: No models trained yet
2025-09-14 15:16:19,585 - anomaly - ERROR - Anomaly prediction failed: No models trained yet
2025-09-14 15:16:19,586 - anomaly - ERROR - Anomaly prediction failed: No models trained yet
2025-09-14 15:16:19,586 - anomaly - ERROR - Anomaly prediction failed: No models trained yet
2025-09-14 15:16:19,586 - anomaly - ERROR - Anomaly prediction failed: No models trained yet
2025-09-14 15:16:21,587 - anomaly - ERROR - Anomaly prediction failed: No models trained yet
2025-09-14 15:16:21,587 - anomaly - ERROR - Anomaly prediction failed: No models trained yet
2025-09-14 15:16:21,587 - anomaly - ERROR - Anomaly prediction failed: No models trained yet
2025-09-14 15:16:21,588 - anomaly - ERROR - Anomaly prediction failed: No models trained yet
2025-09-14 15:16:23,588 - anomaly - ERROR - Anomaly prediction failed: No models trained yet
2025-09-14 15:16:23,588 - anomaly - ERROR - Anomaly prediction failed: No models trained yet
2025-09-14 15:16:23,589 - anomaly - ERROR - Anomaly prediction failed: No models trained yet
2025-09-14 15:16:23,589 - anomaly - ERROR - Anomaly prediction failed: No models trained yet
2025-09-14 15:16:25,589 - anomaly - ERROR - Anomaly prediction failed: No models trained yet
2025-09-14 15:16:25,590 - anomaly - ERROR - Anomaly prediction failed: No models trained yet
2025-09-14 15:16:25,590 - anomaly - ERROR - Anomaly prediction failed: No models trained yet
2025-09-14 15:16:25,590 - anomaly - ERROR - Anomaly prediction failed: No models trained yet
2025-09-14 15:16:27,591 - anomaly - ERROR - Anomaly prediction failed: No models trained yet
2025-09-14 15:16:27,592 - anomaly - ERROR - Anomaly prediction failed: No models trained yet
2025-09-14 15:16:27,592 - anomaly - ERROR - Anomaly prediction failed: No models trained yet
2025-09-14 15:16:27,592 - anomaly - ERROR - Anomaly prediction failed: No models trained yet
2025-09-14 15:16:29,593 - anomaly - ERROR - Anomaly prediction failed: No models trained yet
2025-09-14 15:16:29,593 - anomaly - ERROR - Anomaly prediction failed: No models trained yet
2025-09-14 15:16:29,593 - anomaly - ERROR - Anomaly prediction failed: No models trained yet
2025-09-14 15:16:29,593 - anomaly - ERROR - Anomaly prediction failed: No models trained yet
2025-09-14 15:16:31,594 - anomaly - ERROR - Anomaly prediction failed: No models trained yet
2025-09-14 15:16:31,595 - anomaly - ERROR - Anomaly prediction failed: No models trained yet
2025-09-14 15:16:31,595 - anomaly - ERROR - Anomaly prediction failed: No models trained yet
2025-09-14 15:16:31,595 - anomaly - ERROR - Anomaly prediction failed: No models trained yet
2025-09-14 15:16:33,596 - anomaly - ERROR - Anomaly prediction failed: No models trained yet
2025-09-14 15:16:33,596 - anomaly - ERROR - Anomaly prediction failed: No models trained yet
2025-09-14 15:16:33,597 - anomaly - ERROR - Anomaly prediction failed: No models trained yet
2025-09-14 15:16:33,597 - anomaly - ERROR - Anomaly prediction failed: No models trained yet
2025-09-14 15:16:35,597 - anomaly - ERROR - Anomaly prediction failed: No models trained yet
2025-09-14 15:16:35,598 - anomaly - ERROR - Anomaly prediction failed: No models trained yet
2025-09-14 15:16:35,598 - anomaly - ERROR - Anomaly prediction failed: No models trained yet
2025-09-14 15:16:35,598 - anomaly - ERROR - Anomaly prediction failed: No models trained yet
2025-09-14 15:16:37,599 - anomaly - ERROR - Anomaly prediction failed: No models trained yet
2025-09-14 15:16:37,599 - anomaly - ERROR - Anomaly prediction failed: No models trained yet
2025-09-14 15:16:37,600 - anomaly - ERROR - Anomaly prediction failed: No models trained yet
2025-09-14 15:16:37,600 - anomaly - ERROR - Anomaly prediction failed: No models trained yet
2025-09-14 15:16:39,601 - anomaly - ERROR - Anomaly prediction failed: No models trained yet
2025-09-14 15:16:39,601 - anomaly - ERROR - Anomaly prediction failed: No models trained yet
2025-09-14 15:16:39,601 - anomaly - ERROR - Anomaly prediction failed: No models trained yet
2025-09-14 15:16:39,602 - anomaly - ERROR - Anomaly prediction failed: No models trained yet
2025-09-14 15:16:41,602 - anomaly - ERROR - Anomaly prediction failed: No models trained yet
2025-09-14 15:16:41,603 - anomaly - ERROR - Anomaly prediction failed: No models trained yet
2025-09-14 15:16:41,603 - anomaly - ERROR - Anomaly prediction failed: No models trained yet
2025-09-14 15:16:41,603 - anomaly - ERROR - Anomaly prediction failed: No models trained yet
2025-09-14 15:16:43,604 - anomaly - ERROR - Anomaly prediction failed: No models trained yet
2025-09-14 15:16:43,604 - anomaly - ERROR - Anomaly prediction failed: No models trained yet
2025-09-14 15:16:43,604 - anomaly - ERROR - Anomaly prediction failed: No models trained yet
2025-09-14 15:16:43,605 - anomaly - ERROR - Anomaly prediction failed: No models trained yet
2025-09-14 15:16:45,605 - anomaly - ERROR - Anomaly prediction failed: No models trained yet
2025-09-14 15:16:45,606 - anomaly - ERROR - Anomaly prediction failed: No models trained yet
2025-09-14 15:16:45,606 - anomaly - ERROR - Anomaly prediction failed: No models trained yet
2025-09-14 15:16:45,606 - anomaly - ERROR - Anomaly prediction failed: No models trained yet
2025-09-14 15:16:47,607 - anomaly - ERROR - Anomaly prediction failed: No models trained yet
2025-09-14 15:16:47,607 - anomaly - ERROR - Anomaly prediction failed: No models trained yet
2025-09-14 15:16:47,607 - anomaly - ERROR - Anomaly prediction failed: No models trained yet
2025-09-14 15:16:47,608 - anomaly - ERROR - Anomaly prediction failed: No models trained yet
2025-09-14 15:16:49,608 - anomaly - ERROR - Anomaly prediction failed: No models trained yet
2025-09-14 15:16:49,609 - anomaly - ERROR - Anomaly prediction failed: No models trained yet
2025-09-14 15:16:49,609 - anomaly - ERROR - Anomaly prediction failed: No models trained yet
2025-09-14 15:16:49,609 - anomaly - ERROR - Anomaly prediction failed: No models trained yet
2025-09-14 15:16:51,610 - anomaly - ERROR - Anomaly prediction failed: No models trained yet
2025-09-14 15:16:51,610 - anomaly - ERROR - Anomaly prediction failed: No models trained yet
2025-09-14 15:16:51,610 - anomaly - ERROR - Anomaly prediction failed: No models trained yet
2025-09-14 15:16:51,610 - anomaly - ERROR - Anomaly prediction failed: No models trained yet
2025-09-14 15:16:53,611 - anomaly - ERROR - Anomaly prediction failed: No models trained yet
2025-09-14 15:16:53,611 - anomaly - ERROR - Anomaly prediction failed: No models trained yet
2025-09-14 15:16:53,611 - anomaly - ERROR - Anomaly prediction failed: No models trained yet
2025-09-14 15:16:53,611 - anomaly - ERROR - Anomaly prediction failed: No models trained yet
2025-09-14 15:16:55,612 - anomaly - ERROR - Anomaly prediction failed: No models trained yet
2025-09-14 15:16:55,613 - anomaly - ERROR - Anomaly prediction failed: No models trained yet
2025-09-14 15:16:55,613 - anomaly - ERROR - Anomaly prediction failed: No models trained yet
2025-09-14 15:16:55,613 - anomaly - ERROR - Anomaly prediction failed: No models trained yet
2025-09-14 15:16:57,614 - anomaly - ERROR - Anomaly prediction failed: No models trained yet
2025-09-14 15:16:57,614 - anomaly - ERROR - Anomaly prediction failed: No models trained yet
2025-09-14 15:16:57,614 - anomaly - ERROR - Anomaly prediction failed: No models trained yet
2025-09-14 15:16:57,614 - anomaly - ERROR - Anomaly prediction failed: No models trained yet
2025-09-14 15:16:59,615 - anomaly - ERROR - Anomaly prediction failed: No models trained yet
2025-09-14 15:16:59,616 - anomaly - ERROR - Anomaly prediction failed: No models trained yet
2025-09-14 15:16:59,616 - anomaly - ERROR - Anomaly prediction failed: No models trained yet
2025-09-14 15:16:59,616 - anomaly - ERROR - Anomaly prediction failed: No models trained yet
2025-09-14 15:17:01,617 - anomaly - ERROR - Anomaly prediction failed: No models trained yet
2025-09-14 15:17:01,617 - anomaly - ERROR - Anomaly prediction failed: No models trained yet
2025-09-14 15:17:01,617 - anomaly - ERROR - Anomaly prediction failed: No models trained yet
2025-09-14 15:17:01,617 - anomaly - ERROR - Anomaly prediction failed: No models trained yet
2025-09-14 15:17:03,618 - anomaly - ERROR - Anomaly prediction failed: No models trained yet
2025-09-14 15:17:03,619 - anomaly - ERROR - Anomaly prediction failed: No models trained yet
2025-09-14 15:17:03,619 - anomaly - ERROR - Anomaly prediction failed: No models trained yet
2025-09-14 15:17:03,619 - anomaly - ERROR - Anomaly prediction failed: No models trained yet
2025-09-14 15:17:05,620 - anomaly - ERROR - Anomaly prediction failed: No models trained yet
2025-09-14 15:17:05,620 - anomaly - ERROR - Anomaly prediction failed: No models trained yet
2025-09-14 15:17:05,620 - anomaly - ERROR - Anomaly prediction failed: No models trained yet
2025-09-14 15:17:05,621 - anomaly - ERROR - Anomaly prediction failed: No models trained yet
2025-09-14 15:17:07,622 - anomaly - ERROR - Anomaly prediction failed: No models trained yet
2025-09-14 15:17:07,622 - anomaly - ERROR - Anomaly prediction failed: No models trained yet
2025-09-14 15:17:07,622 - anomaly - ERROR - Anomaly prediction failed: No models trained yet
2025-09-14 15:17:07,622 - anomaly - ERROR - Anomaly prediction failed: No models trained yet
2025-09-14 15:17:09,623 - anomaly - ERROR - Anomaly prediction failed: No models trained yet
2025-09-14 15:17:09,624 - anomaly - ERROR - Anomaly prediction failed: No models trained yet
2025-09-14 15:17:09,624 - anomaly - ERROR - Anomaly prediction failed: No models trained yet
2025-09-14 15:17:09,624 - anomaly - ERROR - Anomaly prediction failed: No models trained yet
2025-09-14 15:17:11,625 - anomaly - ERROR - Anomaly prediction failed: No models trained yet
2025-09-14 15:17:11,625 - anomaly - ERROR - Anomaly prediction failed: No models trained yet
2025-09-14 15:17:11,626 - anomaly - ERROR - Anomaly prediction failed: No models trained yet
2025-09-14 15:17:11,626 - anomaly - ERROR - Anomaly prediction failed: No models trained yet
2025-09-14 15:17:13,626 - anomaly - ERROR - Anomaly prediction failed: No models trained yet
2025-09-14 15:17:13,627 - anomaly - ERROR - Anomaly prediction failed: No models trained yet
2025-09-14 15:17:13,627 - anomaly - ERROR - Anomaly prediction failed: No models trained yet
2025-09-14 15:17:13,627 - anomaly - ERROR - Anomaly prediction failed: No models trained yet
2025-09-14 15:17:15,627 - anomaly - ERROR - Anomaly prediction failed: No models trained yet
2025-09-14 15:17:15,628 - anomaly - ERROR - Anomaly prediction failed: No models trained yet
2025-09-14 15:17:15,628 - anomaly - ERROR - Anomaly prediction failed: No models trained yet
2025-09-14 15:17:15,628 - anomaly - ERROR - Anomaly prediction failed: No models trained yet
2025-09-14 15:17:17,629 - anomaly - ERROR - Anomaly prediction failed: No models trained yet
2025-09-14 15:17:17,629 - anomaly - ERROR - Anomaly prediction failed: No models trained yet
2025-09-14 15:17:17,629 - anomaly - ERROR - Anomaly prediction failed: No models trained yet
2025-09-14 15:17:17,630 - anomaly - ERROR - Anomaly prediction failed: No models trained yet
2025-09-14 15:17:19,631 - anomaly - ERROR - Anomaly prediction failed: No models trained yet
2025-09-14 15:17:19,631 - anomaly - ERROR - Anomaly prediction failed: No models trained yet
2025-09-14 15:17:19,631 - anomaly - ERROR - Anomaly prediction failed: No models trained yet
2025-09-14 15:17:19,631 - anomaly - ERROR - Anomaly prediction failed: No models trained yet
2025-09-14 15:17:21,632 - anomaly - ERROR - Anomaly prediction failed: No models trained yet
2025-09-14 15:17:21,632 - anomaly - ERROR - Anomaly prediction failed: No models trained yet
2025-09-14 15:17:21,633 - anomaly - ERROR - Anomaly prediction failed: No models trained yet
2025-09-14 15:17:21,633 - anomaly - ERROR - Anomaly prediction failed: No models trained yet
2025-09-14 15:17:23,633 - anomaly - ERROR - Anomaly prediction failed: No models trained yet
2025-09-14 15:17:23,634 - anomaly - ERROR - Anomaly prediction failed: No models trained yet
2025-09-14 15:17:23,634 - anomaly - ERROR - Anomaly prediction failed: No models trained yet
2025-09-14 15:17:23,634 - anomaly - ERROR - Anomaly prediction failed: No models trained yet
2025-09-14 15:17:25,635 - anomaly - ERROR - Anomaly prediction failed: No models trained yet
2025-09-14 15:17:25,635 - anomaly - ERROR - Anomaly prediction failed: No models trained yet
2025-09-14 15:17:25,636 - anomaly - ERROR - Anomaly prediction failed: No models trained yet
2025-09-14 15:17:25,636 - anomaly - ERROR - Anomaly prediction failed: No models trained yet
2025-09-14 15:17:27,636 - anomaly - ERROR - Anomaly prediction failed: No models trained yet
2025-09-14 15:17:27,637 - anomaly - ERROR - Anomaly prediction failed: No models trained yet
2025-09-14 15:17:27,637 - anomaly - ERROR - Anomaly prediction failed: No models trained yet
2025-09-14 15:17:27,637 - anomaly - ERROR - Anomaly prediction failed: No models trained yet
2025-09-14 15:17:29,638 - anomaly - ERROR - Anomaly prediction failed: No models trained yet
2025-09-14 15:17:29,638 - anomaly - ERROR - Anomaly prediction failed: No models trained yet
2025-09-14 15:17:29,638 - anomaly - ERROR - Anomaly prediction failed: No models trained yet
2025-09-14 15:17:29,638 - anomaly - ERROR - Anomaly prediction failed: No models trained yet
2025-09-14 15:17:31,639 - anomaly - ERROR - Anomaly prediction failed: No models trained yet
2025-09-14 15:17:31,640 - anomaly - ERROR - Anomaly prediction failed: No models trained yet
2025-09-14 15:17:31,640 - anomaly - ERROR - Anomaly prediction failed: No models trained yet
2025-09-14 15:17:31,640 - anomaly - ERROR - Anomaly prediction failed: No models trained yet
2025-09-14 15:17:33,641 - anomaly - ERROR - Anomaly prediction failed: No models trained yet
2025-09-14 15:17:33,641 - anomaly - ERROR - Anomaly prediction failed: No models trained yet
2025-09-14 15:17:33,642 - anomaly - ERROR - Anomaly prediction failed: No models trained yet
2025-09-14 15:17:33,642 - anomaly - ERROR - Anomaly prediction failed: No models trained yet
2025-09-14 15:17:35,643 - anomaly - ERROR - Anomaly prediction failed: No models trained yet
2025-09-14 15:17:35,643 - anomaly - ERROR - Anomaly prediction failed: No models trained yet
2025-09-14 15:17:35,643 - anomaly - ERROR - Anomaly prediction failed: No models trained yet
2025-09-14 15:17:35,644 - anomaly - ERROR - Anomaly prediction failed: No models trained yet
2025-09-14 15:17:37,644 - anomaly - ERROR - Anomaly prediction failed: No models trained yet
2025-09-14 15:17:37,645 - anomaly - ERROR - Anomaly prediction failed: No models trained yet
2025-09-14 15:17:37,645 - anomaly - ERROR - Anomaly prediction failed: No models trained yet
2025-09-14 15:17:37,645 - anomaly - ERROR - Anomaly prediction failed: No models trained yet
2025-09-14 15:17:39,646 - anomaly - ERROR - Anomaly prediction failed: No models trained yet
2025-09-14 15:17:39,646 - anomaly - ERROR - Anomaly prediction failed: No models trained yet
2025-09-14 15:17:39,647 - anomaly - ERROR - Anomaly prediction failed: No models trained yet
2025-09-14 15:17:39,647 - anomaly - ERROR - Anomaly prediction failed: No models trained yet
2025-09-14 15:17:41,647 - anomaly - ERROR - Anomaly prediction failed: No models trained yet
2025-09-14 15:17:41,648 - anomaly - ERROR - Anomaly prediction failed: No models trained yet
2025-09-14 15:17:41,648 - anomaly - ERROR - Anomaly prediction failed: No models trained yet
2025-09-14 15:17:41,648 - anomaly - ERROR - Anomaly prediction failed: No models trained yet
2025-09-14 15:17:43,649 - anomaly - ERROR - Anomaly prediction failed: No models trained yet
2025-09-14 15:17:43,649 - anomaly - ERROR - Anomaly prediction failed: No models trained yet
2025-09-14 15:17:43,650 - anomaly - ERROR - Anomaly prediction failed: No models trained yet
2025-09-14 15:17:43,650 - anomaly - ERROR - Anomaly prediction failed: No models trained yet
2025-09-14 15:17:45,651 - anomaly - ERROR - Anomaly prediction failed: No models trained yet
2025-09-14 15:17:45,651 - anomaly - ERROR - Anomaly prediction failed: No models trained yet
2025-09-14 15:17:45,651 - anomaly - ERROR - Anomaly prediction failed: No models trained yet
2025-09-14 15:17:45,652 - anomaly - ERROR - Anomaly prediction failed: No models trained yet
2025-09-14 15:17:47,652 - anomaly - ERROR - Anomaly prediction failed: No models trained yet
2025-09-14 15:17:47,652 - anomaly - ERROR - Anomaly prediction failed: No models trained yet
2025-09-14 15:17:47,653 - anomaly - ERROR - Anomaly prediction failed: No models trained yet
2025-09-14 15:17:47,653 - anomaly - ERROR - Anomaly prediction failed: No models trained yet
2025-09-14 15:17:49,654 - anomaly - ERROR - Anomaly prediction failed: No models trained yet
2025-09-14 15:17:49,654 - anomaly - ERROR - Anomaly prediction failed: No models trained yet
2025-09-14 15:17:49,654 - anomaly - ERROR - Anomaly prediction failed: No models trained yet
2025-09-14 15:17:49,654 - anomaly - ERROR - Anomaly prediction failed: No models trained yet
2025-09-14 15:17:51,655 - anomaly - ERROR - Anomaly prediction failed: No models trained yet
2025-09-14 15:17:51,656 - anomaly - ERROR - Anomaly prediction failed: No models trained yet
2025-09-14 15:17:51,656 - anomaly - ERROR - Anomaly prediction failed: No models trained yet
2025-09-14 15:17:51,656 - anomaly - ERROR - Anomaly prediction failed: No models trained yet
2025-09-14 15:17:53,657 - anomaly - ERROR - Anomaly prediction failed: No models trained yet
2025-09-14 15:17:53,657 - anomaly - ERROR - Anomaly prediction failed: No models trained yet
2025-09-14 15:17:53,657 - anomaly - ERROR - Anomaly prediction failed: No models trained yet
2025-09-14 15:17:53,657 - anomaly - ERROR - Anomaly prediction failed: No models trained yet
2025-09-14 15:17:55,658 - anomaly - ERROR - Anomaly prediction failed: No models trained yet
2025-09-14 15:17:55,659 - anomaly - ERROR - Anomaly prediction failed: No models trained yet
2025-09-14 15:17:55,659 - anomaly - ERROR - Anomaly prediction failed: No models trained yet
2025-09-14 15:17:55,659 - anomaly - ERROR - Anomaly prediction failed: No models trained yet
2025-09-14 15:17:57,659 - anomaly - ERROR - Anomaly prediction failed: No models trained yet
2025-09-14 15:17:57,660 - anomaly - ERROR - Anomaly prediction failed: No models trained yet
2025-09-14 15:17:57,660 - anomaly - ERROR - Anomaly prediction failed: No models trained yet
2025-09-14 15:17:57,660 - anomaly - ERROR - Anomaly prediction failed: No models trained yet
2025-09-14 15:17:59,661 - anomaly - ERROR - Anomaly prediction failed: No models trained yet
2025-09-14 15:17:59,661 - anomaly - ERROR - Anomaly prediction failed: No models trained yet
2025-09-14 15:17:59,661 - anomaly - ERROR - Anomaly prediction failed: No models trained yet
2025-09-14 15:17:59,662 - anomaly - ERROR - Anomaly prediction failed: No models trained yet
2025-09-14 15:18:01,662 - anomaly - ERROR - Anomaly prediction failed: No models trained yet
2025-09-14 15:18:01,663 - anomaly - ERROR - Anomaly prediction failed: No models trained yet
2025-09-14 15:18:01,663 - anomaly - ERROR - Anomaly prediction failed: No models trained yet
2025-09-14 15:18:01,663 - anomaly - ERROR - Anomaly prediction failed: No models trained yet
2025-09-14 15:18:03,664 - anomaly - ERROR - Anomaly prediction failed: No models trained yet
2025-09-14 15:18:03,665 - anomaly - ERROR - Anomaly prediction failed: No models trained yet
2025-09-14 15:18:03,665 - anomaly - ERROR - Anomaly prediction failed: No models trained yet
2025-09-14 15:18:03,665 - anomaly - ERROR - Anomaly prediction failed: No models trained yet
2025-09-14 15:18:05,665 - anomaly - ERROR - Anomaly prediction failed: No models trained yet
2025-09-14 15:18:05,666 - anomaly - ERROR - Anomaly prediction failed: No models trained yet
2025-09-14 15:18:05,666 - anomaly - ERROR - Anomaly prediction failed: No models trained yet
2025-09-14 15:18:05,666 - anomaly - ERROR - Anomaly prediction failed: No models trained yet
2025-09-14 15:18:07,667 - anomaly - ERROR - Anomaly prediction failed: No models trained yet
2025-09-14 15:18:07,667 - anomaly - ERROR - Anomaly prediction failed: No models trained yet
2025-09-14 15:18:07,668 - anomaly - ERROR - Anomaly prediction failed: No models trained yet
2025-09-14 15:18:07,668 - anomaly - ERROR - Anomaly prediction failed: No models trained yet
2025-09-14 15:18:09,668 - anomaly - ERROR - Anomaly prediction failed: No models trained yet
2025-09-14 15:18:09,669 - anomaly - ERROR - Anomaly prediction failed: No models trained yet
2025-09-14 15:18:09,669 - anomaly - ERROR - Anomaly prediction failed: No models trained yet
2025-09-14 15:18:09,669 - anomaly - ERROR - Anomaly prediction failed: No models trained yet
2025-09-14 15:18:11,670 - anomaly - ERROR - Anomaly prediction failed: No models trained yet
2025-09-14 15:18:11,670 - anomaly - ERROR - Anomaly prediction failed: No models trained yet
2025-09-14 15:18:11,671 - anomaly - ERROR - Anomaly prediction failed: No models trained yet
2025-09-14 15:18:11,671 - anomaly - ERROR - Anomaly prediction failed: No models trained yet
2025-09-14 15:18:13,671 - anomaly - ERROR - Anomaly prediction failed: No models trained yet
2025-09-14 15:18:13,672 - anomaly - ERROR - Anomaly prediction failed: No models trained yet
2025-09-14 15:18:13,672 - anomaly - ERROR - Anomaly prediction failed: No models trained yet
2025-09-14 15:18:13,672 - anomaly - ERROR - Anomaly prediction failed: No models trained yet
2025-09-14 15:18:15,673 - anomaly - ERROR - Anomaly prediction failed: No models trained yet
2025-09-14 15:18:15,673 - anomaly - ERROR - Anomaly prediction failed: No models trained yet
2025-09-14 15:18:15,673 - anomaly - ERROR - Anomaly prediction failed: No models trained yet
2025-09-14 15:18:15,674 - anomaly - ERROR - Anomaly prediction failed: No models trained yet
2025-09-14 15:18:17,674 - anomaly - ERROR - Anomaly prediction failed: No models trained yet
2025-09-14 15:18:17,675 - anomaly - ERROR - Anomaly prediction failed: No models trained yet
2025-09-14 15:18:17,675 - anomaly - ERROR - Anomaly prediction failed: No models trained yet
2025-09-14 15:18:17,675 - anomaly - ERROR - Anomaly prediction failed: No models trained yet
2025-09-14 15:18:19,676 - anomaly - ERROR - Anomaly prediction failed: No models trained yet
2025-09-14 15:18:19,676 - anomaly - ERROR - Anomaly prediction failed: No models trained yet
2025-09-14 15:18:19,677 - anomaly - ERROR - Anomaly prediction failed: No models trained yet
2025-09-14 15:18:19,677 - anomaly - ERROR - Anomaly prediction failed: No models trained yet
2025-09-14 15:18:21,678 - anomaly - ERROR - Anomaly prediction failed: No models trained yet
2025-09-14 15:18:21,678 - anomaly - ERROR - Anomaly prediction failed: No models trained yet
2025-09-14 15:18:21,678 - anomaly - ERROR - Anomaly prediction failed: No models trained yet
2025-09-14 15:18:21,678 - anomaly - ERROR - Anomaly prediction failed: No models trained yet
2025-09-14 15:18:23,679 - anomaly - ERROR - Anomaly prediction failed: No models trained yet
2025-09-14 15:18:23,680 - anomaly - ERROR - Anomaly prediction failed: No models trained yet
2025-09-14 15:18:23,680 - anomaly - ERROR - Anomaly prediction failed: No models trained yet
2025-09-14 15:18:23,680 - anomaly - ERROR - Anomaly prediction failed: No models trained yet
2025-09-14 15:18:25,681 - anomaly - ERROR - Anomaly prediction failed: No models trained yet
2025-09-14 15:18:25,681 - anomaly - ERROR - Anomaly prediction failed: No models trained yet
2025-09-14 15:18:25,682 - anomaly - ERROR - Anomaly prediction failed: No models trained yet
2025-09-14 15:18:25,682 - anomaly - ERROR - Anomaly prediction failed: No models trained yet
2025-09-14 15:18:27,683 - anomaly - ERROR - Anomaly prediction failed: No models trained yet
2025-09-14 15:18:27,683 - anomaly - ERROR - Anomaly prediction failed: No models trained yet
2025-09-14 15:18:27,683 - anomaly - ERROR - Anomaly prediction failed: No models trained yet
2025-09-14 15:18:27,683 - anomaly - ERROR - Anomaly prediction failed: No models trained yet
2025-09-14 15:18:29,684 - anomaly - ERROR - Anomaly prediction failed: No models trained yet
2025-09-14 15:18:29,684 - anomaly - ERROR - Anomaly prediction failed: No models trained yet
2025-09-14 15:18:29,684 - anomaly - ERROR - Anomaly prediction failed: No models trained yet
2025-09-14 15:18:29,685 - anomaly - ERROR - Anomaly prediction failed: No models trained yet
2025-09-14 15:18:31,685 - anomaly - ERROR - Anomaly prediction failed: No models trained yet
2025-09-14 15:18:31,686 - anomaly - ERROR - Anomaly prediction failed: No models trained yet
2025-09-14 15:18:31,686 - anomaly - ERROR - Anomaly prediction failed: No models trained yet
2025-09-14 15:18:31,686 - anomaly - ERROR - Anomaly prediction failed: No models trained yet
2025-09-14 15:18:33,687 - anomaly - ERROR - Anomaly prediction failed: No models trained yet
2025-09-14 15:18:33,687 - anomaly - ERROR - Anomaly prediction failed: No models trained yet
2025-09-14 15:18:33,687 - anomaly - ERROR - Anomaly prediction failed: No models trained yet
2025-09-14 15:18:33,688 - anomaly - ERROR - Anomaly prediction failed: No models trained yet
2025-09-14 15:18:35,688 - anomaly - ERROR - Anomaly prediction failed: No models trained yet
2025-09-14 15:18:35,689 - anomaly - ERROR - Anomaly prediction failed: No models trained yet
2025-09-14 15:18:35,689 - anomaly - ERROR - Anomaly prediction failed: No models trained yet
2025-09-14 15:18:35,689 - anomaly - ERROR - Anomaly prediction failed: No models trained yet
2025-09-14 15:18:37,690 - anomaly - ERROR - Anomaly prediction failed: No models trained yet
2025-09-14 15:18:37,690 - anomaly - ERROR - Anomaly prediction failed: No models trained yet
2025-09-14 15:18:37,690 - anomaly - ERROR - Anomaly prediction failed: No models trained yet
2025-09-14 15:18:37,690 - anomaly - ERROR - Anomaly prediction failed: No models trained yet
2025-09-14 15:18:39,691 - anomaly - ERROR - Anomaly prediction failed: No models trained yet
2025-09-14 15:18:39,691 - anomaly - ERROR - Anomaly prediction failed: No models trained yet
2025-09-14 15:18:39,692 - anomaly - ERROR - Anomaly prediction failed: No models trained yet
2025-09-14 15:18:39,692 - anomaly - ERROR - Anomaly prediction failed: No models trained yet
2025-09-14 15:18:41,692 - anomaly - ERROR - Anomaly prediction failed: No models trained yet
2025-09-14 15:18:41,693 - anomaly - ERROR - Anomaly prediction failed: No models trained yet
2025-09-14 15:18:41,693 - anomaly - ERROR - Anomaly prediction failed: No models trained yet
2025-09-14 15:18:41,693 - anomaly - ERROR - Anomaly prediction failed: No models trained yet
2025-09-14 15:18:43,694 - anomaly - ERROR - Anomaly prediction failed: No models trained yet
2025-09-14 15:18:43,695 - anomaly - ERROR - Anomaly prediction failed: No models trained yet
2025-09-14 15:18:43,695 - anomaly - ERROR - Anomaly prediction failed: No models trained yet
2025-09-14 15:18:43,695 - anomaly - ERROR - Anomaly prediction failed: No models trained yet
2025-09-14 15:18:45,696 - anomaly - ERROR - Anomaly prediction failed: No models trained yet
2025-09-14 15:18:45,696 - anomaly - ERROR - Anomaly prediction failed: No models trained yet
2025-09-14 15:18:45,696 - anomaly - ERROR - Anomaly prediction failed: No models trained yet
2025-09-14 15:18:45,697 - anomaly - ERROR - Anomaly prediction failed: No models trained yet
2025-09-14 15:18:47,697 - anomaly - ERROR - Anomaly prediction failed: No models trained yet
2025-09-14 15:18:47,697 - anomaly - ERROR - Anomaly prediction failed: No models trained yet
2025-09-14 15:18:47,698 - anomaly - ERROR - Anomaly prediction failed: No models trained yet
2025-09-14 15:18:47,698 - anomaly - ERROR - Anomaly prediction failed: No models trained yet
2025-09-14 15:18:49,698 - anomaly - ERROR - Anomaly prediction failed: No models trained yet
2025-09-14 15:18:49,699 - anomaly - ERROR - Anomaly prediction failed: No models trained yet
2025-09-14 15:18:49,699 - anomaly - ERROR - Anomaly prediction failed: No models trained yet
2025-09-14 15:18:49,699 - anomaly - ERROR - Anomaly prediction failed: No models trained yet
2025-09-14 15:18:51,700 - anomaly - ERROR - Anomaly prediction failed: No models trained yet
2025-09-14 15:18:51,700 - anomaly - ERROR - Anomaly prediction failed: No models trained yet
2025-09-14 15:18:51,701 - anomaly - ERROR - Anomaly prediction failed: No models trained yet
2025-09-14 15:18:51,701 - anomaly - ERROR - Anomaly prediction failed: No models trained yet
2025-09-14 15:18:53,701 - anomaly - ERROR - Anomaly prediction failed: No models trained yet
2025-09-14 15:18:53,702 - anomaly - ERROR - Anomaly prediction failed: No models trained yet
2025-09-14 15:18:53,702 - anomaly - ERROR - Anomaly prediction failed: No models trained yet
2025-09-14 15:18:53,702 - anomaly - ERROR - Anomaly prediction failed: No models trained yet
2025-09-14 15:18:55,713 - anomaly - ERROR - Anomaly prediction failed: No models trained yet
2025-09-14 15:18:55,734 - anomaly - ERROR - Anomaly prediction failed: No models trained yet
2025-09-14 15:18:55,761 - anomaly - ERROR - Anomaly prediction failed: No models trained yet
2025-09-14 15:18:55,804 - anomaly - ERROR - Anomaly prediction failed: No models trained yet
2025-09-14 15:18:57,842 - anomaly - ERROR - Anomaly prediction failed: No models trained yet
2025-09-14 15:18:57,842 - anomaly - ERROR - Anomaly prediction failed: No models trained yet
2025-09-14 15:18:57,843 - anomaly - ERROR - Anomaly prediction failed: No models trained yet
2025-09-14 15:18:57,843 - anomaly - ERROR - Anomaly prediction failed: No models trained yet
2025-09-14 15:18:59,844 - anomaly - ERROR - Anomaly prediction failed: No models trained yet
2025-09-14 15:18:59,844 - anomaly - ERROR - Anomaly prediction failed: No models trained yet
2025-09-14 15:18:59,845 - anomaly - ERROR - Anomaly prediction failed: No models trained yet
2025-09-14 15:18:59,845 - anomaly - ERROR - Anomaly prediction failed: No models trained yet
2025-09-14 15:19:01,846 - anomaly - ERROR - Anomaly prediction failed: No models trained yet
2025-09-14 15:19:01,846 - anomaly - ERROR - Anomaly prediction failed: No models trained yet
2025-09-14 15:19:01,847 - anomaly - ERROR - Anomaly prediction failed: No models trained yet
2025-09-14 15:19:01,847 - anomaly - ERROR - Anomaly prediction failed: No models trained yet
2025-09-14 15:19:03,848 - anomaly - ERROR - Anomaly prediction failed: No models trained yet
2025-09-14 15:19:03,848 - anomaly - ERROR - Anomaly prediction failed: No models trained yet
2025-09-14 15:19:03,849 - anomaly - ERROR - Anomaly prediction failed: No models trained yet
2025-09-14 15:19:03,849 - anomaly - ERROR - Anomaly prediction failed: No models trained yet
2025-09-14 15:19:05,850 - anomaly - ERROR - Anomaly prediction failed: No models trained yet
2025-09-14 15:19:05,851 - anomaly - ERROR - Anomaly prediction failed: No models trained yet
2025-09-14 15:19:05,851 - anomaly - ERROR - Anomaly prediction failed: No models trained yet
2025-09-14 15:19:05,851 - anomaly - ERROR - Anomaly prediction failed: No models trained yet
2025-09-14 15:19:07,853 - anomaly - ERROR - Anomaly prediction failed: No models trained yet
2025-09-14 15:19:07,854 - anomaly - ERROR - Anomaly prediction failed: No models trained yet
2025-09-14 15:19:07,854 - anomaly - ERROR - Anomaly prediction failed: No models trained yet
2025-09-14 15:19:07,854 - anomaly - ERROR - Anomaly prediction failed: No models trained yet
2025-09-14 15:19:09,855 - anomaly - ERROR - Anomaly prediction failed: No models trained yet
2025-09-14 15:19:09,856 - anomaly - ERROR - Anomaly prediction failed: No models trained yet
2025-09-14 15:19:09,856 - anomaly - ERROR - Anomaly prediction failed: No models trained yet
2025-09-14 15:19:09,856 - anomaly - ERROR - Anomaly prediction failed: No models trained yet
2025-09-14 15:19:11,857 - anomaly - ERROR - Anomaly prediction failed: No models trained yet
2025-09-14 15:19:11,858 - anomaly - ERROR - Anomaly prediction failed: No models trained yet
2025-09-14 15:19:11,858 - anomaly - ERROR - Anomaly prediction failed: No models trained yet
2025-09-14 15:19:11,859 - anomaly - ERROR - Anomaly prediction failed: No models trained yet
2025-09-14 15:19:13,859 - anomaly - ERROR - Anomaly prediction failed: No models trained yet
2025-09-14 15:19:13,860 - anomaly - ERROR - Anomaly prediction failed: No models trained yet
2025-09-14 15:19:13,860 - anomaly - ERROR - Anomaly prediction failed: No models trained yet
2025-09-14 15:19:13,860 - anomaly - ERROR - Anomaly prediction failed: No models trained yet
2025-09-14 15:19:15,862 - anomaly - ERROR - Anomaly prediction failed: No models trained yet
2025-09-14 15:19:15,862 - anomaly - ERROR - Anomaly prediction failed: No models trained yet
2025-09-14 15:19:15,863 - anomaly - ERROR - Anomaly prediction failed: No models trained yet
2025-09-14 15:19:15,863 - anomaly - ERROR - Anomaly prediction failed: No models trained yet
2025-09-14 15:19:17,863 - anomaly - ERROR - Anomaly prediction failed: No models trained yet
2025-09-14 15:19:17,864 - anomaly - ERROR - Anomaly prediction failed: No models trained yet
2025-09-14 15:19:17,864 - anomaly - ERROR - Anomaly prediction failed: No models trained yet
2025-09-14 15:19:17,864 - anomaly - ERROR - Anomaly prediction failed: No models trained yet
2025-09-14 15:19:19,865 - anomaly - ERROR - Anomaly prediction failed: No models trained yet
2025-09-14 15:19:19,866 - anomaly - ERROR - Anomaly prediction failed: No models trained yet
2025-09-14 15:19:19,866 - anomaly - ERROR - Anomaly prediction failed: No models trained yet
2025-09-14 15:19:19,867 - anomaly - ERROR - Anomaly prediction failed: No models trained yet
2025-09-14 15:19:21,868 - anomaly - ERROR - Anomaly prediction failed: No models trained yet
2025-09-14 15:19:21,869 - anomaly - ERROR - Anomaly prediction failed: No models trained yet
2025-09-14 15:19:21,869 - anomaly - ERROR - Anomaly prediction failed: No models trained yet
2025-09-14 15:19:21,870 - anomaly - ERROR - Anomaly prediction failed: No models trained yet
2025-09-14 15:19:23,870 - anomaly - ERROR - Anomaly prediction failed: No models trained yet
2025-09-14 15:19:23,871 - anomaly - ERROR - Anomaly prediction failed: No models trained yet
2025-09-14 15:19:23,872 - anomaly - ERROR - Anomaly prediction failed: No models trained yet
2025-09-14 15:19:23,873 - anomaly - ERROR - Anomaly prediction failed: No models trained yet
2025-09-14 15:19:25,875 - anomaly - ERROR - Anomaly prediction failed: No models trained yet
2025-09-14 15:19:25,875 - anomaly - ERROR - Anomaly prediction failed: No models trained yet
2025-09-14 15:19:25,876 - anomaly - ERROR - Anomaly prediction failed: No models trained yet
2025-09-14 15:19:25,876 - anomaly - ERROR - Anomaly prediction failed: No models trained yet
2025-09-14 15:19:27,876 - anomaly - ERROR - Anomaly prediction failed: No models trained yet
2025-09-14 15:19:27,878 - anomaly - ERROR - Anomaly prediction failed: No models trained yet
2025-09-14 15:19:27,879 - anomaly - ERROR - Anomaly prediction failed: No models trained yet
2025-09-14 15:19:27,879 - anomaly - ERROR - Anomaly prediction failed: No models trained yet
2025-09-14 15:19:29,881 - anomaly - ERROR - Anomaly prediction failed: No models trained yet
2025-09-14 15:19:29,881 - anomaly - ERROR - Anomaly prediction failed: No models trained yet
2025-09-14 15:19:29,881 - anomaly - ERROR - Anomaly prediction failed: No models trained yet
2025-09-14 15:19:29,882 - anomaly - ERROR - Anomaly prediction failed: No models trained yet
2025-09-14 15:19:31,882 - anomaly - ERROR - Anomaly prediction failed: No models trained yet
2025-09-14 15:19:31,883 - anomaly - ERROR - Anomaly prediction failed: No models trained yet
2025-09-14 15:19:31,883 - anomaly - ERROR - Anomaly prediction failed: No models trained yet
2025-09-14 15:19:31,883 - anomaly - ERROR - Anomaly prediction failed: No models trained yet
2025-09-14 15:19:33,884 - anomaly - ERROR - Anomaly prediction failed: No models trained yet
2025-09-14 15:19:33,885 - anomaly - ERROR - Anomaly prediction failed: No models trained yet
2025-09-14 15:19:33,885 - anomaly - ERROR - Anomaly prediction failed: No models trained yet
2025-09-14 15:19:33,886 - anomaly - ERROR - Anomaly prediction failed: No models trained yet
2025-09-14 15:19:35,887 - anomaly - ERROR - Anomaly prediction failed: No models trained yet
2025-09-14 15:19:35,888 - anomaly - ERROR - Anomaly prediction failed: No models trained yet
2025-09-14 15:19:35,888 - anomaly - ERROR - Anomaly prediction failed: No models trained yet
2025-09-14 15:19:35,889 - anomaly - ERROR - Anomaly prediction failed: No models trained yet
2025-09-14 15:19:37,890 - anomaly - ERROR - Anomaly prediction failed: No models trained yet
2025-09-14 15:19:37,890 - anomaly - ERROR - Anomaly prediction failed: No models trained yet
2025-09-14 15:19:37,891 - anomaly - ERROR - Anomaly prediction failed: No models trained yet
2025-09-14 15:19:37,891 - anomaly - ERROR - Anomaly prediction failed: No models trained yet
2025-09-14 15:19:39,892 - anomaly - ERROR - Anomaly prediction failed: No models trained yet
2025-09-14 15:19:39,893 - anomaly - ERROR - Anomaly prediction failed: No models trained yet
2025-09-14 15:19:39,894 - anomaly - ERROR - Anomaly prediction failed: No models trained yet
2025-09-14 15:19:39,894 - anomaly - ERROR - Anomaly prediction failed: No models trained yet
2025-09-14 15:19:41,895 - anomaly - ERROR - Anomaly prediction failed: No models trained yet
2025-09-14 15:19:41,895 - anomaly - ERROR - Anomaly prediction failed: No models trained yet
2025-09-14 15:19:41,896 - anomaly - ERROR - Anomaly prediction failed: No models trained yet
2025-09-14 15:19:41,896 - anomaly - ERROR - Anomaly prediction failed: No models trained yet
2025-09-14 15:19:43,897 - anomaly - ERROR - Anomaly prediction failed: No models trained yet
2025-09-14 15:19:43,898 - anomaly - ERROR - Anomaly prediction failed: No models trained yet
2025-09-14 15:19:43,899 - anomaly - ERROR - Anomaly prediction failed: No models trained yet
2025-09-14 15:19:43,899 - anomaly - ERROR - Anomaly prediction failed: No models trained yet
2025-09-14 15:19:45,900 - anomaly - ERROR - Anomaly prediction failed: No models trained yet
2025-09-14 15:19:45,901 - anomaly - ERROR - Anomaly prediction failed: No models trained yet
2025-09-14 15:19:45,901 - anomaly - ERROR - Anomaly prediction failed: No models trained yet
2025-09-14 15:19:45,901 - anomaly - ERROR - Anomaly prediction failed: No models trained yet
2025-09-14 15:19:47,903 - anomaly - ERROR - Anomaly prediction failed: No models trained yet
2025-09-14 15:19:47,903 - anomaly - ERROR - Anomaly prediction failed: No models trained yet
2025-09-14 15:19:47,904 - anomaly - ERROR - Anomaly prediction failed: No models trained yet
2025-09-14 15:19:47,904 - anomaly - ERROR - Anomaly prediction failed: No models trained yet
2025-09-14 15:19:49,905 - anomaly - ERROR - Anomaly prediction failed: No models trained yet
2025-09-14 15:19:49,905 - anomaly - ERROR - Anomaly prediction failed: No models trained yet
2025-09-14 15:19:49,906 - anomaly - ERROR - Anomaly prediction failed: No models trained yet
2025-09-14 15:19:49,906 - anomaly - ERROR - Anomaly prediction failed: No models trained yet
2025-09-14 15:19:51,907 - anomaly - ERROR - Anomaly prediction failed: No models trained yet
2025-09-14 15:19:51,907 - anomaly - ERROR - Anomaly prediction failed: No models trained yet
2025-09-14 15:19:51,908 - anomaly - ERROR - Anomaly prediction failed: No models trained yet
2025-09-14 15:19:51,908 - anomaly - ERROR - Anomaly prediction failed: No models trained yet
2025-09-14 15:19:53,909 - anomaly - ERROR - Anomaly prediction failed: No models trained yet
2025-09-14 15:19:53,910 - anomaly - ERROR - Anomaly prediction failed: No models trained yet
2025-09-14 15:19:53,910 - anomaly - ERROR - Anomaly prediction failed: No models trained yet
2025-09-14 15:19:53,910 - anomaly - ERROR - Anomaly prediction failed: No models trained yet
2025-09-14 15:19:55,911 - anomaly - ERROR - Anomaly prediction failed: No models trained yet
2025-09-14 15:19:55,912 - anomaly - ERROR - Anomaly prediction failed: No models trained yet
2025-09-14 15:19:55,912 - anomaly - ERROR - Anomaly prediction failed: No models trained yet
2025-09-14 15:19:55,912 - anomaly - ERROR - Anomaly prediction failed: No models trained yet
2025-09-14 15:19:57,913 - anomaly - ERROR - Anomaly prediction failed: No models trained yet
2025-09-14 15:19:57,914 - anomaly - ERROR - Anomaly prediction failed: No models trained yet
2025-09-14 15:19:57,915 - anomaly - ERROR - Anomaly prediction failed: No models trained yet
2025-09-14 15:19:57,915 - anomaly - ERROR - Anomaly prediction failed: No models trained yet
2025-09-14 15:19:59,916 - anomaly - ERROR - Anomaly prediction failed: No models trained yet
2025-09-14 15:19:59,916 - anomaly - ERROR - Anomaly prediction failed: No models trained yet
2025-09-14 15:19:59,917 - anomaly - ERROR - Anomaly prediction failed: No models trained yet
2025-09-14 15:19:59,917 - anomaly - ERROR - Anomaly prediction failed: No models trained yet
2025-09-14 15:20:01,918 - anomaly - ERROR - Anomaly prediction failed: No models trained yet
2025-09-14 15:20:01,919 - anomaly - ERROR - Anomaly prediction failed: No models trained yet
2025-09-14 15:20:01,919 - anomaly - ERROR - Anomaly prediction failed: No models trained yet
2025-09-14 15:20:01,920 - anomaly - ERROR - Anomaly prediction failed: No models trained yet
2025-09-14 15:20:03,921 - anomaly - ERROR - Anomaly prediction failed: No models trained yet
2025-09-14 15:20:03,922 - anomaly - ERROR - Anomaly prediction failed: No models trained yet
2025-09-14 15:20:03,923 - anomaly - ERROR - Anomaly prediction failed: No models trained yet
2025-09-14 15:20:03,923 - anomaly - ERROR - Anomaly prediction failed: No models trained yet
2025-09-14 15:20:05,924 - anomaly - ERROR - Anomaly prediction failed: No models trained yet
2025-09-14 15:20:05,925 - anomaly - ERROR - Anomaly prediction failed: No models trained yet
2025-09-14 15:20:05,925 - anomaly - ERROR - Anomaly prediction failed: No models trained yet
2025-09-14 15:20:05,926 - anomaly - ERROR - Anomaly prediction failed: No models trained yet
2025-09-14 15:20:07,927 - anomaly - ERROR - Anomaly prediction failed: No models trained yet
2025-09-14 15:20:07,927 - anomaly - ERROR - Anomaly prediction failed: No models trained yet
2025-09-14 15:20:07,928 - anomaly - ERROR - Anomaly prediction failed: No models trained yet
2025-09-14 15:20:07,928 - anomaly - ERROR - Anomaly prediction failed: No models trained yet
2025-09-14 15:20:09,929 - anomaly - ERROR - Anomaly prediction failed: No models trained yet
2025-09-14 15:20:09,930 - anomaly - ERROR - Anomaly prediction failed: No models trained yet
2025-09-14 15:20:09,930 - anomaly - ERROR - Anomaly prediction failed: No models trained yet
2025-09-14 15:20:09,931 - anomaly - ERROR - Anomaly prediction failed: No models trained yet
2025-09-14 15:20:11,932 - anomaly - ERROR - Anomaly prediction failed: No models trained yet
2025-09-14 15:20:11,933 - anomaly - ERROR - Anomaly prediction failed: No models trained yet
2025-09-14 15:20:11,933 - anomaly - ERROR - Anomaly prediction failed: No models trained yet
2025-09-14 15:20:11,934 - anomaly - ERROR - Anomaly prediction failed: No models trained yet
2025-09-14 15:20:13,935 - anomaly - ERROR - Anomaly prediction failed: No models trained yet
2025-09-14 15:20:13,936 - anomaly - ERROR - Anomaly prediction failed: No models trained yet
2025-09-14 15:20:13,937 - anomaly - ERROR - Anomaly prediction failed: No models trained yet
2025-09-14 15:20:13,937 - anomaly - ERROR - Anomaly prediction failed: No models trained yet
2025-09-14 15:20:15,938 - anomaly - ERROR - Anomaly prediction failed: No models trained yet
2025-09-14 15:20:15,938 - anomaly - ERROR - Anomaly prediction failed: No models trained yet
2025-09-14 15:20:15,939 - anomaly - ERROR - Anomaly prediction failed: No models trained yet
2025-09-14 15:20:15,939 - anomaly - ERROR - Anomaly prediction failed: No models trained yet
2025-09-14 15:20:17,940 - anomaly - ERROR - Anomaly prediction failed: No models trained yet
2025-09-14 15:20:17,940 - anomaly - ERROR - Anomaly prediction failed: No models trained yet
2025-09-14 15:20:17,941 - anomaly - ERROR - Anomaly prediction failed: No models trained yet
2025-09-14 15:20:17,941 - anomaly - ERROR - Anomaly prediction failed: No models trained yet
2025-09-14 15:20:19,942 - anomaly - ERROR - Anomaly prediction failed: No models trained yet
2025-09-14 15:20:19,943 - anomaly - ERROR - Anomaly prediction failed: No models trained yet
2025-09-14 15:20:19,943 - anomaly - ERROR - Anomaly prediction failed: No models trained yet
2025-09-14 15:20:19,943 - anomaly - ERROR - Anomaly prediction failed: No models trained yet
2025-09-14 15:20:21,944 - anomaly - ERROR - Anomaly prediction failed: No models trained yet
2025-09-14 15:20:21,945 - anomaly - ERROR - Anomaly prediction failed: No models trained yet
2025-09-14 15:20:21,945 - anomaly - ERROR - Anomaly prediction failed: No models trained yet
2025-09-14 15:20:21,946 - anomaly - ERROR - Anomaly prediction failed: No models trained yet
2025-09-14 15:20:23,947 - anomaly - ERROR - Anomaly prediction failed: No models trained yet
2025-09-14 15:20:23,947 - anomaly - ERROR - Anomaly prediction failed: No models trained yet
2025-09-14 15:20:23,948 - anomaly - ERROR - Anomaly prediction failed: No models trained yet
2025-09-14 15:20:23,948 - anomaly - ERROR - Anomaly prediction failed: No models trained yet
2025-09-14 15:20:25,948 - anomaly - ERROR - Anomaly prediction failed: No models trained yet
2025-09-14 15:20:25,949 - anomaly - ERROR - Anomaly prediction failed: No models trained yet
2025-09-14 15:20:25,950 - anomaly - ERROR - Anomaly prediction failed: No models trained yet
2025-09-14 15:20:25,950 - anomaly - ERROR - Anomaly prediction failed: No models trained yet
2025-09-14 15:20:27,951 - anomaly - ERROR - Anomaly prediction failed: No models trained yet
2025-09-14 15:20:27,952 - anomaly - ERROR - Anomaly prediction failed: No models trained yet
2025-09-14 15:20:27,952 - anomaly - ERROR - Anomaly prediction failed: No models trained yet
2025-09-14 15:20:27,952 - anomaly - ERROR - Anomaly prediction failed: No models trained yet
2025-09-14 15:20:29,953 - anomaly - ERROR - Anomaly prediction failed: No models trained yet
2025-09-14 15:20:29,953 - anomaly - ERROR - Anomaly prediction failed: No models trained yet
2025-09-14 15:20:29,954 - anomaly - ERROR - Anomaly prediction failed: No models trained yet
2025-09-14 15:20:29,955 - anomaly - ERROR - Anomaly prediction failed: No models trained yet
2025-09-14 15:20:31,955 - anomaly - ERROR - Anomaly prediction failed: No models trained yet
2025-09-14 15:20:31,956 - anomaly - ERROR - Anomaly prediction failed: No models trained yet
2025-09-14 15:20:31,956 - anomaly - ERROR - Anomaly prediction failed: No models trained yet
2025-09-14 15:20:31,957 - anomaly - ERROR - Anomaly prediction failed: No models trained yet
2025-09-14 15:20:33,958 - anomaly - ERROR - Anomaly prediction failed: No models trained yet
2025-09-14 15:20:33,958 - anomaly - ERROR - Anomaly prediction failed: No models trained yet
2025-09-14 15:20:33,959 - anomaly - ERROR - Anomaly prediction failed: No models trained yet
2025-09-14 15:20:33,959 - anomaly - ERROR - Anomaly prediction failed: No models trained yet
2025-09-14 15:20:35,959 - anomaly - ERROR - Anomaly prediction failed: No models trained yet
2025-09-14 15:20:35,960 - anomaly - ERROR - Anomaly prediction failed: No models trained yet
2025-09-14 15:20:35,960 - anomaly - ERROR - Anomaly prediction failed: No models trained yet
2025-09-14 15:20:35,961 - anomaly - ERROR - Anomaly prediction failed: No models trained yet
2025-09-14 15:20:37,962 - anomaly - ERROR - Anomaly prediction failed: No models trained yet
2025-09-14 15:20:37,962 - anomaly - ERROR - Anomaly prediction failed: No models trained yet
2025-09-14 15:20:37,963 - anomaly - ERROR - Anomaly prediction failed: No models trained yet
2025-09-14 15:20:37,963 - anomaly - ERROR - Anomaly prediction failed: No models trained yet
2025-09-14 15:20:39,964 - anomaly - ERROR - Anomaly prediction failed: No models trained yet
2025-09-14 15:20:39,964 - anomaly - ERROR - Anomaly prediction failed: No models trained yet
2025-09-14 15:20:39,965 - anomaly - ERROR - Anomaly prediction failed: No models trained yet
2025-09-14 15:20:39,965 - anomaly - ERROR - Anomaly prediction failed: No models trained yet
2025-09-14 15:20:41,966 - anomaly - ERROR - Anomaly prediction failed: No models trained yet
2025-09-14 15:20:41,967 - anomaly - ERROR - Anomaly prediction failed: No models trained yet
2025-09-14 15:20:41,967 - anomaly - ERROR - Anomaly prediction failed: No models trained yet
2025-09-14 15:20:41,968 - anomaly - ERROR - Anomaly prediction failed: No models trained yet
2025-09-14 15:20:43,969 - anomaly - ERROR - Anomaly prediction failed: No models trained yet
2025-09-14 15:20:43,969 - anomaly - ERROR - Anomaly prediction failed: No models trained yet
2025-09-14 15:20:43,970 - anomaly - ERROR - Anomaly prediction failed: No models trained yet
2025-09-14 15:20:43,970 - anomaly - ERROR - Anomaly prediction failed: No models trained yet
2025-09-14 15:20:45,971 - anomaly - ERROR - Anomaly prediction failed: No models trained yet
2025-09-14 15:20:45,972 - anomaly - ERROR - Anomaly prediction failed: No models trained yet
2025-09-14 15:20:45,972 - anomaly - ERROR - Anomaly prediction failed: No models trained yet
2025-09-14 15:20:45,973 - anomaly - ERROR - Anomaly prediction failed: No models trained yet
2025-09-14 15:20:47,974 - anomaly - ERROR - Anomaly prediction failed: No models trained yet
2025-09-14 15:20:47,975 - anomaly - ERROR - Anomaly prediction failed: No models trained yet
2025-09-14 15:20:47,975 - anomaly - ERROR - Anomaly prediction failed: No models trained yet
2025-09-14 15:20:47,976 - anomaly - ERROR - Anomaly prediction failed: No models trained yet
2025-09-14 15:20:49,977 - anomaly - ERROR - Anomaly prediction failed: No models trained yet
2025-09-14 15:20:49,977 - anomaly - ERROR - Anomaly prediction failed: No models trained yet
2025-09-14 15:20:49,978 - anomaly - ERROR - Anomaly prediction failed: No models trained yet
2025-09-14 15:20:49,978 - anomaly - ERROR - Anomaly prediction failed: No models trained yet
2025-09-14 15:20:51,979 - anomaly - ERROR - Anomaly prediction failed: No models trained yet
2025-09-14 15:20:51,980 - anomaly - ERROR - Anomaly prediction failed: No models trained yet
2025-09-14 15:20:51,981 - anomaly - ERROR - Anomaly prediction failed: No models trained yet
2025-09-14 15:20:51,981 - anomaly - ERROR - Anomaly prediction failed: No models trained yet
2025-09-14 15:20:53,982 - anomaly - ERROR - Anomaly prediction failed: No models trained yet
2025-09-14 15:20:53,983 - anomaly - ERROR - Anomaly prediction failed: No models trained yet
2025-09-14 15:20:53,983 - anomaly - ERROR - Anomaly prediction failed: No models trained yet
2025-09-14 15:20:53,983 - anomaly - ERROR - Anomaly prediction failed: No models trained yet
2025-09-14 15:20:55,984 - anomaly - ERROR - Anomaly prediction failed: No models trained yet
2025-09-14 15:20:55,985 - anomaly - ERROR - Anomaly prediction failed: No models trained yet
2025-09-14 15:20:55,985 - anomaly - ERROR - Anomaly prediction failed: No models trained yet
2025-09-14 15:20:55,985 - anomaly - ERROR - Anomaly prediction failed: No models trained yet
2025-09-14 15:20:57,986 - anomaly - ERROR - Anomaly prediction failed: No models trained yet
2025-09-14 15:20:57,986 - anomaly - ERROR - Anomaly prediction failed: No models trained yet
2025-09-14 15:20:57,987 - anomaly - ERROR - Anomaly prediction failed: No models trained yet
2025-09-14 15:20:57,987 - anomaly - ERROR - Anomaly prediction failed: No models trained yet
2025-09-14 15:20:59,988 - anomaly - ERROR - Anomaly prediction failed: No models trained yet
2025-09-14 15:20:59,989 - anomaly - ERROR - Anomaly prediction failed: No models trained yet
2025-09-14 15:20:59,989 - anomaly - ERROR - Anomaly prediction failed: No models trained yet
2025-09-14 15:20:59,990 - anomaly - ERROR - Anomaly prediction failed: No models trained yet
2025-09-14 15:21:01,991 - anomaly - ERROR - Anomaly prediction failed: No models trained yet
2025-09-14 15:21:01,992 - anomaly - ERROR - Anomaly prediction failed: No models trained yet
2025-09-14 15:21:01,992 - anomaly - ERROR - Anomaly prediction failed: No models trained yet
2025-09-14 15:21:01,992 - anomaly - ERROR - Anomaly prediction failed: No models trained yet
2025-09-14 15:21:03,994 - anomaly - ERROR - Anomaly prediction failed: No models trained yet
2025-09-14 15:21:03,994 - anomaly - ERROR - Anomaly prediction failed: No models trained yet
2025-09-14 15:21:03,995 - anomaly - ERROR - Anomaly prediction failed: No models trained yet
2025-09-14 15:21:03,995 - anomaly - ERROR - Anomaly prediction failed: No models trained yet
2025-09-14 15:21:05,996 - anomaly - ERROR - Anomaly prediction failed: No models trained yet
2025-09-14 15:21:05,996 - anomaly - ERROR - Anomaly prediction failed: No models trained yet
2025-09-14 15:21:05,997 - anomaly - ERROR - Anomaly prediction failed: No models trained yet
2025-09-14 15:21:05,997 - anomaly - ERROR - Anomaly prediction failed: No models trained yet
2025-09-14 15:21:07,998 - anomaly - ERROR - Anomaly prediction failed: No models trained yet
2025-09-14 15:21:07,999 - anomaly - ERROR - Anomaly prediction failed: No models trained yet
2025-09-14 15:21:07,999 - anomaly - ERROR - Anomaly prediction failed: No models trained yet
2025-09-14 15:21:08,000 - anomaly - ERROR - Anomaly prediction failed: No models trained yet
2025-09-14 15:21:10,000 - anomaly - ERROR - Anomaly prediction failed: No models trained yet
2025-09-14 15:21:10,002 - anomaly - ERROR - Anomaly prediction failed: No models trained yet
2025-09-14 15:21:10,002 - anomaly - ERROR - Anomaly prediction failed: No models trained yet
2025-09-14 15:21:10,002 - anomaly - ERROR - Anomaly prediction failed: No models trained yet
2025-09-14 15:21:12,003 - anomaly - ERROR - Anomaly prediction failed: No models trained yet
2025-09-14 15:21:12,004 - anomaly - ERROR - Anomaly prediction failed: No models trained yet
2025-09-14 15:21:12,004 - anomaly - ERROR - Anomaly prediction failed: No models trained yet
2025-09-14 15:21:12,005 - anomaly - ERROR - Anomaly prediction failed: No models trained yet
2025-09-14 15:21:14,006 - anomaly - ERROR - Anomaly prediction failed: No models trained yet
2025-09-14 15:21:14,007 - anomaly - ERROR - Anomaly prediction failed: No models trained yet
2025-09-14 15:21:14,008 - anomaly - ERROR - Anomaly prediction failed: No models trained yet
2025-09-14 15:21:14,008 - anomaly - ERROR - Anomaly prediction failed: No models trained yet
2025-09-14 15:21:16,009 - anomaly - ERROR - Anomaly prediction failed: No models trained yet
2025-09-14 15:21:16,009 - anomaly - ERROR - Anomaly prediction failed: No models trained yet
2025-09-14 15:21:16,010 - anomaly - ERROR - Anomaly prediction failed: No models trained yet
2025-09-14 15:21:16,011 - anomaly - ERROR - Anomaly prediction failed: No models trained yet
2025-09-14 15:21:18,011 - anomaly - ERROR - Anomaly prediction failed: No models trained yet
2025-09-14 15:21:18,012 - anomaly - ERROR - Anomaly prediction failed: No models trained yet
2025-09-14 15:21:18,013 - anomaly - ERROR - Anomaly prediction failed: No models trained yet
2025-09-14 15:21:18,013 - anomaly - ERROR - Anomaly prediction failed: No models trained yet
2025-09-14 15:21:20,014 - anomaly - ERROR - Anomaly prediction failed: No models trained yet
2025-09-14 15:21:20,015 - anomaly - ERROR - Anomaly prediction failed: No models trained yet
2025-09-14 15:21:20,015 - anomaly - ERROR - Anomaly prediction failed: No models trained yet
2025-09-14 15:21:20,016 - anomaly - ERROR - Anomaly prediction failed: No models trained yet
2025-09-14 15:21:22,017 - anomaly - ERROR - Anomaly prediction failed: No models trained yet
2025-09-14 15:21:22,017 - anomaly - ERROR - Anomaly prediction failed: No models trained yet
2025-09-14 15:21:22,018 - anomaly - ERROR - Anomaly prediction failed: No models trained yet
2025-09-14 15:21:22,018 - anomaly - ERROR - Anomaly prediction failed: No models trained yet
2025-09-14 15:21:24,019 - anomaly - ERROR - Anomaly prediction failed: No models trained yet
2025-09-14 15:21:24,020 - anomaly - ERROR - Anomaly prediction failed: No models trained yet
2025-09-14 15:21:24,020 - anomaly - ERROR - Anomaly prediction failed: No models trained yet
2025-09-14 15:21:24,021 - anomaly - ERROR - Anomaly prediction failed: No models trained yet
2025-09-14 15:21:26,021 - anomaly - ERROR - Anomaly prediction failed: No models trained yet
2025-09-14 15:21:26,022 - anomaly - ERROR - Anomaly prediction failed: No models trained yet
2025-09-14 15:21:26,023 - anomaly - ERROR - Anomaly prediction failed: No models trained yet
2025-09-14 15:21:26,023 - anomaly - ERROR - Anomaly prediction failed: No models trained yet
2025-09-14 15:21:28,024 - anomaly - ERROR - Anomaly prediction failed: No models trained yet
2025-09-14 15:21:28,025 - anomaly - ERROR - Anomaly prediction failed: No models trained yet
2025-09-14 15:21:28,026 - anomaly - ERROR - Anomaly prediction failed: No models trained yet
2025-09-14 15:21:28,026 - anomaly - ERROR - Anomaly prediction failed: No models trained yet
2025-09-14 15:21:30,027 - anomaly - ERROR - Anomaly prediction failed: No models trained yet
2025-09-14 15:21:30,028 - anomaly - ERROR - Anomaly prediction failed: No models trained yet
2025-09-14 15:21:30,028 - anomaly - ERROR - Anomaly prediction failed: No models trained yet
2025-09-14 15:21:30,029 - anomaly - ERROR - Anomaly prediction failed: No models trained yet
2025-09-14 15:21:32,030 - anomaly - ERROR - Anomaly prediction failed: No models trained yet
2025-09-14 15:21:32,030 - anomaly - ERROR - Anomaly prediction failed: No models trained yet
2025-09-14 15:21:32,031 - anomaly - ERROR - Anomaly prediction failed: No models trained yet
2025-09-14 15:21:32,031 - anomaly - ERROR - Anomaly prediction failed: No models trained yet
2025-09-14 15:21:34,032 - anomaly - ERROR - Anomaly prediction failed: No models trained yet
2025-09-14 15:21:34,033 - anomaly - ERROR - Anomaly prediction failed: No models trained yet
2025-09-14 15:21:34,033 - anomaly - ERROR - Anomaly prediction failed: No models trained yet
2025-09-14 15:21:34,034 - anomaly - ERROR - Anomaly prediction failed: No models trained yet
2025-09-14 15:21:36,034 - anomaly - ERROR - Anomaly prediction failed: No models trained yet
2025-09-14 15:21:36,035 - anomaly - ERROR - Anomaly prediction failed: No models trained yet
2025-09-14 15:21:36,035 - anomaly - ERROR - Anomaly prediction failed: No models trained yet
2025-09-14 15:21:36,035 - anomaly - ERROR - Anomaly prediction failed: No models trained yet
2025-09-14 15:21:38,037 - anomaly - ERROR - Anomaly prediction failed: No models trained yet
2025-09-14 15:21:38,038 - anomaly - ERROR - Anomaly prediction failed: No models trained yet
2025-09-14 15:21:38,038 - anomaly - ERROR - Anomaly prediction failed: No models trained yet
2025-09-14 15:21:38,038 - anomaly - ERROR - Anomaly prediction failed: No models trained yet
2025-09-14 15:21:40,039 - anomaly - ERROR - Anomaly prediction failed: No models trained yet
2025-09-14 15:21:40,040 - anomaly - ERROR - Anomaly prediction failed: No models trained yet
2025-09-14 15:21:40,040 - anomaly - ERROR - Anomaly prediction failed: No models trained yet
2025-09-14 15:21:40,041 - anomaly - ERROR - Anomaly prediction failed: No models trained yet
2025-09-14 15:21:42,042 - anomaly - ERROR - Anomaly prediction failed: No models trained yet
2025-09-14 15:21:42,043 - anomaly - ERROR - Anomaly prediction failed: No models trained yet
2025-09-14 15:21:42,044 - anomaly - ERROR - Anomaly prediction failed: No models trained yet
2025-09-14 15:21:42,044 - anomaly - ERROR - Anomaly prediction failed: No models trained yet
2025-09-14 15:21:44,045 - anomaly - ERROR - Anomaly prediction failed: No models trained yet
2025-09-14 15:21:44,046 - anomaly - ERROR - Anomaly prediction failed: No models trained yet
2025-09-14 15:21:44,046 - anomaly - ERROR - Anomaly prediction failed: No models trained yet
2025-09-14 15:21:44,047 - anomaly - ERROR - Anomaly prediction failed: No models trained yet
2025-09-14 15:21:46,048 - anomaly - ERROR - Anomaly prediction failed: No models trained yet
2025-09-14 15:21:46,048 - anomaly - ERROR - Anomaly prediction failed: No models trained yet
2025-09-14 15:21:46,049 - anomaly - ERROR - Anomaly prediction failed: No models trained yet
2025-09-14 15:21:46,049 - anomaly - ERROR - Anomaly prediction failed: No models trained yet
2025-09-14 15:21:48,050 - anomaly - ERROR - Anomaly prediction failed: No models trained yet
2025-09-14 15:21:48,051 - anomaly - ERROR - Anomaly prediction failed: No models trained yet
2025-09-14 15:21:48,052 - anomaly - ERROR - Anomaly prediction failed: No models trained yet
2025-09-14 15:21:48,052 - anomaly - ERROR - Anomaly prediction failed: No models trained yet
2025-09-14 15:21:50,057 - anomaly - ERROR - Anomaly prediction failed: No models trained yet
2025-09-14 15:21:50,058 - anomaly - ERROR - Anomaly prediction failed: No models trained yet
2025-09-14 15:21:50,058 - anomaly - ERROR - Anomaly prediction failed: No models trained yet
2025-09-14 15:21:50,059 - anomaly - ERROR - Anomaly prediction failed: No models trained yet
2025-09-14 15:21:52,059 - anomaly - ERROR - Anomaly prediction failed: No models trained yet
2025-09-14 15:21:52,060 - anomaly - ERROR - Anomaly prediction failed: No models trained yet
2025-09-14 15:21:52,060 - anomaly - ERROR - Anomaly prediction failed: No models trained yet
2025-09-14 15:21:52,061 - anomaly - ERROR - Anomaly prediction failed: No models trained yet
2025-09-14 15:21:54,062 - anomaly - ERROR - Anomaly prediction failed: No models trained yet
2025-09-14 15:21:54,062 - anomaly - ERROR - Anomaly prediction failed: No models trained yet
2025-09-14 15:21:54,063 - anomaly - ERROR - Anomaly prediction failed: No models trained yet
2025-09-14 15:21:54,063 - anomaly - ERROR - Anomaly prediction failed: No models trained yet
2025-09-14 15:21:56,064 - anomaly - ERROR - Anomaly prediction failed: No models trained yet
2025-09-14 15:21:56,065 - anomaly - ERROR - Anomaly prediction failed: No models trained yet
2025-09-14 15:21:56,065 - anomaly - ERROR - Anomaly prediction failed: No models trained yet
2025-09-14 15:21:56,066 - anomaly - ERROR - Anomaly prediction failed: No models trained yet
2025-09-14 15:21:58,067 - anomaly - ERROR - Anomaly prediction failed: No models trained yet
2025-09-14 15:21:58,067 - anomaly - ERROR - Anomaly prediction failed: No models trained yet
2025-09-14 15:21:58,068 - anomaly - ERROR - Anomaly prediction failed: No models trained yet
2025-09-14 15:21:58,068 - anomaly - ERROR - Anomaly prediction failed: No models trained yet
2025-09-14 15:22:00,069 - anomaly - ERROR - Anomaly prediction failed: No models trained yet
2025-09-14 15:22:00,070 - anomaly - ERROR - Anomaly prediction failed: No models trained yet
2025-09-14 15:22:00,070 - anomaly - ERROR - Anomaly prediction failed: No models trained yet
2025-09-14 15:22:00,070 - anomaly - ERROR - Anomaly prediction failed: No models trained yet
2025-09-14 15:22:02,071 - anomaly - ERROR - Anomaly prediction failed: No models trained yet
2025-09-14 15:22:02,072 - anomaly - ERROR - Anomaly prediction failed: No models trained yet
2025-09-14 15:22:02,078 - anomaly - ERROR - Anomaly prediction failed: No models trained yet
2025-09-14 15:22:02,079 - anomaly - ERROR - Anomaly prediction failed: No models trained yet
2025-09-14 15:22:04,082 - anomaly - ERROR - Anomaly prediction failed: No models trained yet
2025-09-14 15:22:04,083 - anomaly - ERROR - Anomaly prediction failed: No models trained yet
2025-09-14 15:22:04,083 - anomaly - ERROR - Anomaly prediction failed: No models trained yet
2025-09-14 15:22:04,084 - anomaly - ERROR - Anomaly prediction failed: No models trained yet
2025-09-14 15:22:06,085 - anomaly - ERROR - Anomaly prediction failed: No models trained yet
2025-09-14 15:22:06,086 - anomaly - ERROR - Anomaly prediction failed: No models trained yet
2025-09-14 15:22:06,087 - anomaly - ERROR - Anomaly prediction failed: No models trained yet
2025-09-14 15:22:06,087 - anomaly - ERROR - Anomaly prediction failed: No models trained yet
2025-09-14 15:22:08,088 - anomaly - ERROR - Anomaly prediction failed: No models trained yet
2025-09-14 15:22:08,089 - anomaly - ERROR - Anomaly prediction failed: No models trained yet
2025-09-14 15:22:08,090 - anomaly - ERROR - Anomaly prediction failed: No models trained yet
2025-09-14 15:22:08,090 - anomaly - ERROR - Anomaly prediction failed: No models trained yet
2025-09-14 15:22:10,091 - anomaly - ERROR - Anomaly prediction failed: No models trained yet
2025-09-14 15:22:10,092 - anomaly - ERROR - Anomaly prediction failed: No models trained yet
2025-09-14 15:22:10,092 - anomaly - ERROR - Anomaly prediction failed: No models trained yet
2025-09-14 15:22:10,092 - anomaly - ERROR - Anomaly prediction failed: No models trained yet
2025-09-14 15:22:12,093 - anomaly - ERROR - Anomaly prediction failed: No models trained yet
2025-09-14 15:22:12,094 - anomaly - ERROR - Anomaly prediction failed: No models trained yet
2025-09-14 15:22:12,094 - anomaly - ERROR - Anomaly prediction failed: No models trained yet
2025-09-14 15:22:12,095 - anomaly - ERROR - Anomaly prediction failed: No models trained yet
2025-09-14 15:22:14,096 - anomaly - ERROR - Anomaly prediction failed: No models trained yet
2025-09-14 15:22:14,096 - anomaly - ERROR - Anomaly prediction failed: No models trained yet
2025-09-14 15:22:14,097 - anomaly - ERROR - Anomaly prediction failed: No models trained yet
2025-09-14 15:22:14,097 - anomaly - ERROR - Anomaly prediction failed: No models trained yet
2025-09-14 15:22:16,098 - anomaly - ERROR - Anomaly prediction failed: No models trained yet
2025-09-14 15:22:16,100 - anomaly - ERROR - Anomaly prediction failed: No models trained yet
2025-09-14 15:22:16,100 - anomaly - ERROR - Anomaly prediction failed: No models trained yet
2025-09-14 15:22:16,100 - anomaly - ERROR - Anomaly prediction failed: No models trained yet
2025-09-14 15:22:18,101 - anomaly - ERROR - Anomaly prediction failed: No models trained yet
2025-09-14 15:22:18,101 - anomaly - ERROR - Anomaly prediction failed: No models trained yet
2025-09-14 15:22:18,102 - anomaly - ERROR - Anomaly prediction failed: No models trained yet
2025-09-14 15:22:18,102 - anomaly - ERROR - Anomaly prediction failed: No models trained yet
2025-09-14 15:22:20,103 - anomaly - ERROR - Anomaly prediction failed: No models trained yet
2025-09-14 15:22:20,104 - anomaly - ERROR - Anomaly prediction failed: No models trained yet
2025-09-14 15:22:20,104 - anomaly - ERROR - Anomaly prediction failed: No models trained yet
2025-09-14 15:22:20,104 - anomaly - ERROR - Anomaly prediction failed: No models trained yet
2025-09-14 15:22:22,105 - anomaly - ERROR - Anomaly prediction failed: No models trained yet
2025-09-14 15:22:22,105 - anomaly - ERROR - Anomaly prediction failed: No models trained yet
2025-09-14 15:22:22,106 - anomaly - ERROR - Anomaly prediction failed: No models trained yet
2025-09-14 15:22:22,106 - anomaly - ERROR - Anomaly prediction failed: No models trained yet
2025-09-14 15:22:24,107 - anomaly - ERROR - Anomaly prediction failed: No models trained yet
2025-09-14 15:22:24,108 - anomaly - ERROR - Anomaly prediction failed: No models trained yet
2025-09-14 15:22:24,108 - anomaly - ERROR - Anomaly prediction failed: No models trained yet
2025-09-14 15:22:24,109 - anomaly - ERROR - Anomaly prediction failed: No models trained yet
2025-09-14 15:22:26,110 - anomaly - ERROR - Anomaly prediction failed: No models trained yet
2025-09-14 15:22:26,111 - anomaly - ERROR - Anomaly prediction failed: No models trained yet
2025-09-14 15:22:26,111 - anomaly - ERROR - Anomaly prediction failed: No models trained yet
2025-09-14 15:22:26,112 - anomaly - ERROR - Anomaly prediction failed: No models trained yet
2025-09-14 15:22:28,113 - anomaly - ERROR - Anomaly prediction failed: No models trained yet
2025-09-14 15:22:28,114 - anomaly - ERROR - Anomaly prediction failed: No models trained yet
2025-09-14 15:22:28,114 - anomaly - ERROR - Anomaly prediction failed: No models trained yet
2025-09-14 15:22:28,115 - anomaly - ERROR - Anomaly prediction failed: No models trained yet
2025-09-14 15:22:30,115 - anomaly - ERROR - Anomaly prediction failed: No models trained yet
2025-09-14 15:22:30,116 - anomaly - ERROR - Anomaly prediction failed: No models trained yet
2025-09-14 15:22:30,116 - anomaly - ERROR - Anomaly prediction failed: No models trained yet
2025-09-14 15:22:30,117 - anomaly - ERROR - Anomaly prediction failed: No models trained yet
2025-09-14 15:22:32,118 - anomaly - ERROR - Anomaly prediction failed: No models trained yet
2025-09-14 15:22:32,119 - anomaly - ERROR - Anomaly prediction failed: No models trained yet
2025-09-14 15:22:32,120 - anomaly - ERROR - Anomaly prediction failed: No models trained yet
2025-09-14 15:22:32,120 - anomaly - ERROR - Anomaly prediction failed: No models trained yet
2025-09-14 15:22:34,121 - anomaly - ERROR - Anomaly prediction failed: No models trained yet
2025-09-14 15:22:34,122 - anomaly - ERROR - Anomaly prediction failed: No models trained yet
2025-09-14 15:22:34,122 - anomaly - ERROR - Anomaly prediction failed: No models trained yet
2025-09-14 15:22:34,123 - anomaly - ERROR - Anomaly prediction failed: No models trained yet
2025-09-14 15:22:36,124 - anomaly - ERROR - Anomaly prediction failed: No models trained yet
2025-09-14 15:22:36,124 - anomaly - ERROR - Anomaly prediction failed: No models trained yet
2025-09-14 15:22:36,125 - anomaly - ERROR - Anomaly prediction failed: No models trained yet
2025-09-14 15:22:36,125 - anomaly - ERROR - Anomaly prediction failed: No models trained yet
2025-09-14 15:22:38,126 - anomaly - ERROR - Anomaly prediction failed: No models trained yet
2025-09-14 15:22:38,127 - anomaly - ERROR - Anomaly prediction failed: No models trained yet
2025-09-14 15:22:38,127 - anomaly - ERROR - Anomaly prediction failed: No models trained yet
2025-09-14 15:22:38,128 - anomaly - ERROR - Anomaly prediction failed: No models trained yet
2025-09-14 15:22:40,129 - anomaly - ERROR - Anomaly prediction failed: No models trained yet
2025-09-14 15:22:40,130 - anomaly - ERROR - Anomaly prediction failed: No models trained yet
2025-09-14 15:22:40,131 - anomaly - ERROR - Anomaly prediction failed: No models trained yet
2025-09-14 15:22:40,131 - anomaly - ERROR - Anomaly prediction failed: No models trained yet
2025-09-14 15:22:42,132 - anomaly - ERROR - Anomaly prediction failed: No models trained yet
2025-09-14 15:22:42,133 - anomaly - ERROR - Anomaly prediction failed: No models trained yet
2025-09-14 15:22:42,133 - anomaly - ERROR - Anomaly prediction failed: No models trained yet
2025-09-14 15:22:42,134 - anomaly - ERROR - Anomaly prediction failed: No models trained yet
2025-09-14 15:22:44,135 - anomaly - ERROR - Anomaly prediction failed: No models trained yet
2025-09-14 15:22:44,135 - anomaly - ERROR - Anomaly prediction failed: No models trained yet
2025-09-14 15:22:44,136 - anomaly - ERROR - Anomaly prediction failed: No models trained yet
2025-09-14 15:22:44,136 - anomaly - ERROR - Anomaly prediction failed: No models trained yet
2025-09-14 15:22:46,137 - anomaly - ERROR - Anomaly prediction failed: No models trained yet
2025-09-14 15:22:46,138 - anomaly - ERROR - Anomaly prediction failed: No models trained yet
2025-09-14 15:22:46,138 - anomaly - ERROR - Anomaly prediction failed: No models trained yet
2025-09-14 15:22:46,138 - anomaly - ERROR - Anomaly prediction failed: No models trained yet
2025-09-14 15:22:48,139 - anomaly - ERROR - Anomaly prediction failed: No models trained yet
2025-09-14 15:22:48,140 - anomaly - ERROR - Anomaly prediction failed: No models trained yet
2025-09-14 15:22:48,140 - anomaly - ERROR - Anomaly prediction failed: No models trained yet
2025-09-14 15:22:48,141 - anomaly - ERROR - Anomaly prediction failed: No models trained yet
2025-09-14 15:22:50,141 - anomaly - ERROR - Anomaly prediction failed: No models trained yet
2025-09-14 15:22:50,142 - anomaly - ERROR - Anomaly prediction failed: No models trained yet
2025-09-14 15:22:50,143 - anomaly - ERROR - Anomaly prediction failed: No models trained yet
2025-09-14 15:22:50,143 - anomaly - ERROR - Anomaly prediction failed: No models trained yet
2025-09-14 15:22:52,145 - anomaly - ERROR - Anomaly prediction failed: No models trained yet
2025-09-14 15:22:52,145 - anomaly - ERROR - Anomaly prediction failed: No models trained yet
2025-09-14 15:22:52,146 - anomaly - ERROR - Anomaly prediction failed: No models trained yet
2025-09-14 15:22:52,146 - anomaly - ERROR - Anomaly prediction failed: No models trained yet
2025-09-14 15:22:54,147 - anomaly - ERROR - Anomaly prediction failed: No models trained yet
2025-09-14 15:22:54,148 - anomaly - ERROR - Anomaly prediction failed: No models trained yet
2025-09-14 15:22:54,148 - anomaly - ERROR - Anomaly prediction failed: No models trained yet
2025-09-14 15:22:54,149 - anomaly - ERROR - Anomaly prediction failed: No models trained yet
2025-09-14 15:22:56,150 - anomaly - ERROR - Anomaly prediction failed: No models trained yet
2025-09-14 15:22:56,151 - anomaly - ERROR - Anomaly prediction failed: No models trained yet
2025-09-14 15:22:56,152 - anomaly - ERROR - Anomaly prediction failed: No models trained yet
2025-09-14 15:22:56,152 - anomaly - ERROR - Anomaly prediction failed: No models trained yet
2025-09-14 15:22:58,153 - anomaly - ERROR - Anomaly prediction failed: No models trained yet
2025-09-14 15:22:58,154 - anomaly - ERROR - Anomaly prediction failed: No models trained yet
2025-09-14 15:22:58,155 - anomaly - ERROR - Anomaly prediction failed: No models trained yet
2025-09-14 15:22:58,155 - anomaly - ERROR - Anomaly prediction failed: No models trained yet
2025-09-14 15:23:00,156 - anomaly - ERROR - Anomaly prediction failed: No models trained yet
2025-09-14 15:23:00,157 - anomaly - ERROR - Anomaly prediction failed: No models trained yet
2025-09-14 15:23:00,157 - anomaly - ERROR - Anomaly prediction failed: No models trained yet
2025-09-14 15:23:00,158 - anomaly - ERROR - Anomaly prediction failed: No models trained yet
2025-09-14 15:23:02,159 - anomaly - ERROR - Anomaly prediction failed: No models trained yet
2025-09-14 15:23:02,160 - anomaly - ERROR - Anomaly prediction failed: No models trained yet
2025-09-14 15:23:02,160 - anomaly - ERROR - Anomaly prediction failed: No models trained yet
2025-09-14 15:23:02,161 - anomaly - ERROR - Anomaly prediction failed: No models trained yet
2025-09-14 15:23:04,163 - anomaly - ERROR - Anomaly prediction failed: No models trained yet
2025-09-14 15:23:04,163 - anomaly - ERROR - Anomaly prediction failed: No models trained yet
2025-09-14 15:23:04,164 - anomaly - ERROR - Anomaly prediction failed: No models trained yet
2025-09-14 15:23:04,164 - anomaly - ERROR - Anomaly prediction failed: No models trained yet
2025-09-14 15:23:06,166 - anomaly - ERROR - Anomaly prediction failed: No models trained yet
2025-09-14 15:23:06,166 - anomaly - ERROR - Anomaly prediction failed: No models trained yet
2025-09-14 15:23:06,167 - anomaly - ERROR - Anomaly prediction failed: No models trained yet
2025-09-14 15:23:06,167 - anomaly - ERROR - Anomaly prediction failed: No models trained yet
2025-09-14 15:23:08,168 - anomaly - ERROR - Anomaly prediction failed: No models trained yet
2025-09-14 15:23:08,169 - anomaly - ERROR - Anomaly prediction failed: No models trained yet
2025-09-14 15:23:08,169 - anomaly - ERROR - Anomaly prediction failed: No models trained yet
2025-09-14 15:23:08,170 - anomaly - ERROR - Anomaly prediction failed: No models trained yet
2025-09-14 15:23:10,171 - anomaly - ERROR - Anomaly prediction failed: No models trained yet
2025-09-14 15:23:10,172 - anomaly - ERROR - Anomaly prediction failed: No models trained yet
2025-09-14 15:23:10,172 - anomaly - ERROR - Anomaly prediction failed: No models trained yet
2025-09-14 15:23:10,172 - anomaly - ERROR - Anomaly prediction failed: No models trained yet
2025-09-14 15:23:12,173 - anomaly - ERROR - Anomaly prediction failed: No models trained yet
2025-09-14 15:23:12,174 - anomaly - ERROR - Anomaly prediction failed: No models trained yet
2025-09-14 15:23:12,174 - anomaly - ERROR - Anomaly prediction failed: No models trained yet
2025-09-14 15:23:12,174 - anomaly - ERROR - Anomaly prediction failed: No models trained yet
2025-09-14 15:23:14,175 - anomaly - ERROR - Anomaly prediction failed: No models trained yet
2025-09-14 15:23:14,176 - anomaly - ERROR - Anomaly prediction failed: No models trained yet
2025-09-14 15:23:14,176 - anomaly - ERROR - Anomaly prediction failed: No models trained yet
2025-09-14 15:23:14,177 - anomaly - ERROR - Anomaly prediction failed: No models trained yet
2025-09-14 15:23:16,177 - anomaly - ERROR - Anomaly prediction failed: No models trained yet
2025-09-14 15:23:16,178 - anomaly - ERROR - Anomaly prediction failed: No models trained yet
2025-09-14 15:23:16,178 - anomaly - ERROR - Anomaly prediction failed: No models trained yet
2025-09-14 15:23:16,178 - anomaly - ERROR - Anomaly prediction failed: No models trained yet
2025-09-14 15:23:18,179 - anomaly - ERROR - Anomaly prediction failed: No models trained yet
2025-09-14 15:23:18,179 - anomaly - ERROR - Anomaly prediction failed: No models trained yet
2025-09-14 15:23:18,179 - anomaly - ERROR - Anomaly prediction failed: No models trained yet
2025-09-14 15:23:18,180 - anomaly - ERROR - Anomaly prediction failed: No models trained yet
2025-09-14 15:23:20,180 - anomaly - ERROR - Anomaly prediction failed: No models trained yet
2025-09-14 15:23:20,181 - anomaly - ERROR - Anomaly prediction failed: No models trained yet
2025-09-14 15:23:20,181 - anomaly - ERROR - Anomaly prediction failed: No models trained yet
2025-09-14 15:23:20,182 - anomaly - ERROR - Anomaly prediction failed: No models trained yet
2025-09-14 15:23:22,183 - anomaly - ERROR - Anomaly prediction failed: No models trained yet
2025-09-14 15:23:22,184 - anomaly - ERROR - Anomaly prediction failed: No models trained yet
2025-09-14 15:23:22,185 - anomaly - ERROR - Anomaly prediction failed: No models trained yet
2025-09-14 15:23:22,185 - anomaly - ERROR - Anomaly prediction failed: No models trained yet
2025-09-14 15:23:24,186 - anomaly - ERROR - Anomaly prediction failed: No models trained yet
2025-09-14 15:23:24,187 - anomaly - ERROR - Anomaly prediction failed: No models trained yet
2025-09-14 15:23:24,187 - anomaly - ERROR - Anomaly prediction failed: No models trained yet
2025-09-14 15:23:24,188 - anomaly - ERROR - Anomaly prediction failed: No models trained yet
2025-09-14 15:23:26,189 - anomaly - ERROR - Anomaly prediction failed: No models trained yet
2025-09-14 15:23:26,190 - anomaly - ERROR - Anomaly prediction failed: No models trained yet
2025-09-14 15:23:26,190 - anomaly - ERROR - Anomaly prediction failed: No models trained yet
2025-09-14 15:23:26,191 - anomaly - ERROR - Anomaly prediction failed: No models trained yet
2025-09-14 15:23:28,192 - anomaly - ERROR - Anomaly prediction failed: No models trained yet
2025-09-14 15:23:28,193 - anomaly - ERROR - Anomaly prediction failed: No models trained yet
2025-09-14 15:23:28,193 - anomaly - ERROR - Anomaly prediction failed: No models trained yet
2025-09-14 15:23:28,194 - anomaly - ERROR - Anomaly prediction failed: No models trained yet
2025-09-14 15:23:30,195 - anomaly - ERROR - Anomaly prediction failed: No models trained yet
2025-09-14 15:23:30,196 - anomaly - ERROR - Anomaly prediction failed: No models trained yet
2025-09-14 15:23:30,197 - anomaly - ERROR - Anomaly prediction failed: No models trained yet
2025-09-14 15:23:30,197 - anomaly - ERROR - Anomaly prediction failed: No models trained yet
2025-09-14 15:23:32,198 - anomaly - ERROR - Anomaly prediction failed: No models trained yet
2025-09-14 15:23:32,199 - anomaly - ERROR - Anomaly prediction failed: No models trained yet
2025-09-14 15:23:32,200 - anomaly - ERROR - Anomaly prediction failed: No models trained yet
2025-09-14 15:23:32,200 - anomaly - ERROR - Anomaly prediction failed: No models trained yet
2025-09-14 15:23:34,202 - anomaly - ERROR - Anomaly prediction failed: No models trained yet
2025-09-14 15:23:34,203 - anomaly - ERROR - Anomaly prediction failed: No models trained yet
2025-09-14 15:23:34,203 - anomaly - ERROR - Anomaly prediction failed: No models trained yet
2025-09-14 15:23:34,204 - anomaly - ERROR - Anomaly prediction failed: No models trained yet
2025-09-14 15:23:36,205 - anomaly - ERROR - Anomaly prediction failed: No models trained yet
2025-09-14 15:23:36,205 - anomaly - ERROR - Anomaly prediction failed: No models trained yet
2025-09-14 15:23:36,206 - anomaly - ERROR - Anomaly prediction failed: No models trained yet
2025-09-14 15:23:36,207 - anomaly - ERROR - Anomaly prediction failed: No models trained yet
2025-09-14 15:23:38,208 - anomaly - ERROR - Anomaly prediction failed: No models trained yet
2025-09-14 15:23:38,209 - anomaly - ERROR - Anomaly prediction failed: No models trained yet
2025-09-14 15:23:38,209 - anomaly - ERROR - Anomaly prediction failed: No models trained yet
2025-09-14 15:23:38,210 - anomaly - ERROR - Anomaly prediction failed: No models trained yet
2025-09-14 15:23:40,211 - anomaly - ERROR - Anomaly prediction failed: No models trained yet
2025-09-14 15:23:40,211 - anomaly - ERROR - Anomaly prediction failed: No models trained yet
2025-09-14 15:23:40,211 - anomaly - ERROR - Anomaly prediction failed: No models trained yet
2025-09-14 15:23:40,212 - anomaly - ERROR - Anomaly prediction failed: No models trained yet
2025-09-14 15:23:42,213 - anomaly - ERROR - Anomaly prediction failed: No models trained yet
2025-09-14 15:23:42,214 - anomaly - ERROR - Anomaly prediction failed: No models trained yet
2025-09-14 15:23:42,214 - anomaly - ERROR - Anomaly prediction failed: No models trained yet
2025-09-14 15:23:42,215 - anomaly - ERROR - Anomaly prediction failed: No models trained yet
2025-09-14 15:23:44,216 - anomaly - ERROR - Anomaly prediction failed: No models trained yet
2025-09-14 15:23:44,217 - anomaly - ERROR - Anomaly prediction failed: No models trained yet
2025-09-14 15:23:44,217 - anomaly - ERROR - Anomaly prediction failed: No models trained yet
2025-09-14 15:23:44,218 - anomaly - ERROR - Anomaly prediction failed: No models trained yet
2025-09-14 15:23:46,219 - anomaly - ERROR - Anomaly prediction failed: No models trained yet
2025-09-14 15:23:46,220 - anomaly - ERROR - Anomaly prediction failed: No models trained yet
2025-09-14 15:23:46,220 - anomaly - ERROR - Anomaly prediction failed: No models trained yet
2025-09-14 15:23:46,221 - anomaly - ERROR - Anomaly prediction failed: No models trained yet
2025-09-14 15:23:48,222 - anomaly - ERROR - Anomaly prediction failed: No models trained yet
2025-09-14 15:23:48,223 - anomaly - ERROR - Anomaly prediction failed: No models trained yet
2025-09-14 15:23:48,223 - anomaly - ERROR - Anomaly prediction failed: No models trained yet
2025-09-14 15:23:48,224 - anomaly - ERROR - Anomaly prediction failed: No models trained yet
2025-09-14 15:23:50,225 - anomaly - ERROR - Anomaly prediction failed: No models trained yet
2025-09-14 15:23:50,225 - anomaly - ERROR - Anomaly prediction failed: No models trained yet
2025-09-14 15:23:50,226 - anomaly - ERROR - Anomaly prediction failed: No models trained yet
2025-09-14 15:23:50,226 - anomaly - ERROR - Anomaly prediction failed: No models trained yet
2025-09-14 15:23:52,227 - anomaly - ERROR - Anomaly prediction failed: No models trained yet
2025-09-14 15:23:52,227 - anomaly - ERROR - Anomaly prediction failed: No models trained yet
2025-09-14 15:23:52,228 - anomaly - ERROR - Anomaly prediction failed: No models trained yet
2025-09-14 15:23:52,228 - anomaly - ERROR - Anomaly prediction failed: No models trained yet
2025-09-14 15:23:54,229 - anomaly - ERROR - Anomaly prediction failed: No models trained yet
2025-09-14 15:23:54,230 - anomaly - ERROR - Anomaly prediction failed: No models trained yet
2025-09-14 15:23:54,230 - anomaly - ERROR - Anomaly prediction failed: No models trained yet
2025-09-14 15:23:54,231 - anomaly - ERROR - Anomaly prediction failed: No models trained yet
2025-09-14 15:23:56,232 - anomaly - ERROR - Anomaly prediction failed: No models trained yet
2025-09-14 15:23:56,233 - anomaly - ERROR - Anomaly prediction failed: No models trained yet
2025-09-14 15:23:56,233 - anomaly - ERROR - Anomaly prediction failed: No models trained yet
2025-09-14 15:23:56,233 - anomaly - ERROR - Anomaly prediction failed: No models trained yet
2025-09-14 15:23:58,235 - anomaly - ERROR - Anomaly prediction failed: No models trained yet
2025-09-14 15:23:58,236 - anomaly - ERROR - Anomaly prediction failed: No models trained yet
2025-09-14 15:23:58,236 - anomaly - ERROR - Anomaly prediction failed: No models trained yet
2025-09-14 15:23:58,237 - anomaly - ERROR - Anomaly prediction failed: No models trained yet
2025-09-14 15:24:00,238 - anomaly - ERROR - Anomaly prediction failed: No models trained yet
2025-09-14 15:24:00,238 - anomaly - ERROR - Anomaly prediction failed: No models trained yet
2025-09-14 15:24:00,239 - anomaly - ERROR - Anomaly prediction failed: No models trained yet
2025-09-14 15:24:00,239 - anomaly - ERROR - Anomaly prediction failed: No models trained yet
2025-09-14 15:24:02,241 - anomaly - ERROR - Anomaly prediction failed: No models trained yet
2025-09-14 15:24:02,241 - anomaly - ERROR - Anomaly prediction failed: No models trained yet
2025-09-14 15:24:02,242 - anomaly - ERROR - Anomaly prediction failed: No models trained yet
2025-09-14 15:24:02,242 - anomaly - ERROR - Anomaly prediction failed: No models trained yet
2025-09-14 15:24:04,243 - anomaly - ERROR - Anomaly prediction failed: No models trained yet
2025-09-14 15:24:04,244 - anomaly - ERROR - Anomaly prediction failed: No models trained yet
2025-09-14 15:24:04,244 - anomaly - ERROR - Anomaly prediction failed: No models trained yet
2025-09-14 15:24:04,245 - anomaly - ERROR - Anomaly prediction failed: No models trained yet
2025-09-14 15:24:06,246 - anomaly - ERROR - Anomaly prediction failed: No models trained yet
2025-09-14 15:24:06,246 - anomaly - ERROR - Anomaly prediction failed: No models trained yet
2025-09-14 15:24:06,247 - anomaly - ERROR - Anomaly prediction failed: No models trained yet
2025-09-14 15:24:06,247 - anomaly - ERROR - Anomaly prediction failed: No models trained yet
2025-09-14 15:24:08,248 - anomaly - ERROR - Anomaly prediction failed: No models trained yet
2025-09-14 15:24:08,249 - anomaly - ERROR - Anomaly prediction failed: No models trained yet
2025-09-14 15:24:08,249 - anomaly - ERROR - Anomaly prediction failed: No models trained yet
2025-09-14 15:24:08,250 - anomaly - ERROR - Anomaly prediction failed: No models trained yet
2025-09-14 15:24:10,251 - anomaly - ERROR - Anomaly prediction failed: No models trained yet
2025-09-14 15:24:10,252 - anomaly - ERROR - Anomaly prediction failed: No models trained yet
2025-09-14 15:24:10,252 - anomaly - ERROR - Anomaly prediction failed: No models trained yet
2025-09-14 15:24:10,253 - anomaly - ERROR - Anomaly prediction failed: No models trained yet
2025-09-14 15:24:12,254 - anomaly - ERROR - Anomaly prediction failed: No models trained yet
2025-09-14 15:24:12,255 - anomaly - ERROR - Anomaly prediction failed: No models trained yet
2025-09-14 15:24:12,255 - anomaly - ERROR - Anomaly prediction failed: No models trained yet
2025-09-14 15:24:12,255 - anomaly - ERROR - Anomaly prediction failed: No models trained yet
2025-09-14 15:24:14,256 - anomaly - ERROR - Anomaly prediction failed: No models trained yet
2025-09-14 15:24:14,257 - anomaly - ERROR - Anomaly prediction failed: No models trained yet
2025-09-14 15:24:14,257 - anomaly - ERROR - Anomaly prediction failed: No models trained yet
2025-09-14 15:24:14,258 - anomaly - ERROR - Anomaly prediction failed: No models trained yet
2025-09-14 15:24:16,259 - anomaly - ERROR - Anomaly prediction failed: No models trained yet
2025-09-14 15:24:16,259 - anomaly - ERROR - Anomaly prediction failed: No models trained yet
2025-09-14 15:24:16,260 - anomaly - ERROR - Anomaly prediction failed: No models trained yet
2025-09-14 15:24:16,260 - anomaly - ERROR - Anomaly prediction failed: No models trained yet
2025-09-14 15:24:18,261 - anomaly - ERROR - Anomaly prediction failed: No models trained yet
2025-09-14 15:24:18,261 - anomaly - ERROR - Anomaly prediction failed: No models trained yet
2025-09-14 15:24:18,262 - anomaly - ERROR - Anomaly prediction failed: No models trained yet
2025-09-14 15:24:18,262 - anomaly - ERROR - Anomaly prediction failed: No models trained yet
2025-09-14 15:24:20,263 - anomaly - ERROR - Anomaly prediction failed: No models trained yet
2025-09-14 15:24:20,264 - anomaly - ERROR - Anomaly prediction failed: No models trained yet
2025-09-14 15:24:20,265 - anomaly - ERROR - Anomaly prediction failed: No models trained yet
2025-09-14 15:24:20,265 - anomaly - ERROR - Anomaly prediction failed: No models trained yet
2025-09-14 15:24:22,266 - anomaly - ERROR - Anomaly prediction failed: No models trained yet
2025-09-14 15:24:22,266 - anomaly - ERROR - Anomaly prediction failed: No models trained yet
2025-09-14 15:24:22,267 - anomaly - ERROR - Anomaly prediction failed: No models trained yet
2025-09-14 15:24:22,267 - anomaly - ERROR - Anomaly prediction failed: No models trained yet
2025-09-14 15:24:24,268 - anomaly - ERROR - Anomaly prediction failed: No models trained yet
2025-09-14 15:24:24,268 - anomaly - ERROR - Anomaly prediction failed: No models trained yet
2025-09-14 15:24:24,269 - anomaly - ERROR - Anomaly prediction failed: No models trained yet
2025-09-14 15:24:24,269 - anomaly - ERROR - Anomaly prediction failed: No models trained yet
2025-09-14 15:24:26,270 - anomaly - ERROR - Anomaly prediction failed: No models trained yet
2025-09-14 15:24:26,270 - anomaly - ERROR - Anomaly prediction failed: No models trained yet
2025-09-14 15:24:26,271 - anomaly - ERROR - Anomaly prediction failed: No models trained yet
2025-09-14 15:24:26,271 - anomaly - ERROR - Anomaly prediction failed: No models trained yet
2025-09-14 15:24:28,272 - anomaly - ERROR - Anomaly prediction failed: No models trained yet
2025-09-14 15:24:28,273 - anomaly - ERROR - Anomaly prediction failed: No models trained yet
2025-09-14 15:24:28,273 - anomaly - ERROR - Anomaly prediction failed: No models trained yet
2025-09-14 15:24:28,274 - anomaly - ERROR - Anomaly prediction failed: No models trained yet
2025-09-14 15:24:30,275 - anomaly - ERROR - Anomaly prediction failed: No models trained yet
2025-09-14 15:24:30,276 - anomaly - ERROR - Anomaly prediction failed: No models trained yet
2025-09-14 15:24:30,276 - anomaly - ERROR - Anomaly prediction failed: No models trained yet
2025-09-14 15:24:30,277 - anomaly - ERROR - Anomaly prediction failed: No models trained yet
2025-09-14 15:24:32,278 - anomaly - ERROR - Anomaly prediction failed: No models trained yet
2025-09-14 15:24:32,278 - anomaly - ERROR - Anomaly prediction failed: No models trained yet
2025-09-14 15:24:32,279 - anomaly - ERROR - Anomaly prediction failed: No models trained yet
2025-09-14 15:24:32,279 - anomaly - ERROR - Anomaly prediction failed: No models trained yet
2025-09-14 15:24:34,281 - anomaly - ERROR - Anomaly prediction failed: No models trained yet
2025-09-14 15:24:34,282 - anomaly - ERROR - Anomaly prediction failed: No models trained yet
2025-09-14 15:24:34,282 - anomaly - ERROR - Anomaly prediction failed: No models trained yet
2025-09-14 15:24:34,283 - anomaly - ERROR - Anomaly prediction failed: No models trained yet
2025-09-14 15:24:36,284 - anomaly - ERROR - Anomaly prediction failed: No models trained yet
2025-09-14 15:24:36,285 - anomaly - ERROR - Anomaly prediction failed: No models trained yet
2025-09-14 15:24:36,285 - anomaly - ERROR - Anomaly prediction failed: No models trained yet
2025-09-14 15:24:36,286 - anomaly - ERROR - Anomaly prediction failed: No models trained yet
2025-09-14 15:24:38,287 - anomaly - ERROR - Anomaly prediction failed: No models trained yet
2025-09-14 15:24:38,287 - anomaly - ERROR - Anomaly prediction failed: No models trained yet
2025-09-14 15:24:38,288 - anomaly - ERROR - Anomaly prediction failed: No models trained yet
2025-09-14 15:24:38,288 - anomaly - ERROR - Anomaly prediction failed: No models trained yet
2025-09-14 15:24:40,289 - anomaly - ERROR - Anomaly prediction failed: No models trained yet
2025-09-14 15:24:40,289 - anomaly - ERROR - Anomaly prediction failed: No models trained yet
2025-09-14 15:24:40,290 - anomaly - ERROR - Anomaly prediction failed: No models trained yet
2025-09-14 15:24:40,290 - anomaly - ERROR - Anomaly prediction failed: No models trained yet
2025-09-14 15:24:42,291 - anomaly - ERROR - Anomaly prediction failed: No models trained yet
2025-09-14 15:24:42,292 - anomaly - ERROR - Anomaly prediction failed: No models trained yet
2025-09-14 15:24:42,292 - anomaly - ERROR - Anomaly prediction failed: No models trained yet
2025-09-14 15:24:42,293 - anomaly - ERROR - Anomaly prediction failed: No models trained yet
2025-09-14 15:24:44,294 - anomaly - ERROR - Anomaly prediction failed: No models trained yet
2025-09-14 15:24:44,295 - anomaly - ERROR - Anomaly prediction failed: No models trained yet
2025-09-14 15:24:44,295 - anomaly - ERROR - Anomaly prediction failed: No models trained yet
2025-09-14 15:24:44,295 - anomaly - ERROR - Anomaly prediction failed: No models trained yet
2025-09-14 15:24:46,296 - anomaly - ERROR - Anomaly prediction failed: No models trained yet
2025-09-14 15:24:46,297 - anomaly - ERROR - Anomaly prediction failed: No models trained yet
2025-09-14 15:24:46,297 - anomaly - ERROR - Anomaly prediction failed: No models trained yet
2025-09-14 15:24:46,298 - anomaly - ERROR - Anomaly prediction failed: No models trained yet
2025-09-14 15:24:48,298 - anomaly - ERROR - Anomaly prediction failed: No models trained yet
2025-09-14 15:24:48,299 - anomaly - ERROR - Anomaly prediction failed: No models trained yet
2025-09-14 15:24:48,299 - anomaly - ERROR - Anomaly prediction failed: No models trained yet
2025-09-14 15:24:48,300 - anomaly - ERROR - Anomaly prediction failed: No models trained yet
2025-09-14 15:24:50,300 - anomaly - ERROR - Anomaly prediction failed: No models trained yet
2025-09-14 15:24:50,301 - anomaly - ERROR - Anomaly prediction failed: No models trained yet
2025-09-14 15:24:50,302 - anomaly - ERROR - Anomaly prediction failed: No models trained yet
2025-09-14 15:24:50,302 - anomaly - ERROR - Anomaly prediction failed: No models trained yet
2025-09-14 15:24:52,303 - anomaly - ERROR - Anomaly prediction failed: No models trained yet
2025-09-14 15:24:52,304 - anomaly - ERROR - Anomaly prediction failed: No models trained yet
2025-09-14 15:24:52,304 - anomaly - ERROR - Anomaly prediction failed: No models trained yet
2025-09-14 15:24:52,305 - anomaly - ERROR - Anomaly prediction failed: No models trained yet
2025-09-14 15:24:54,305 - anomaly - ERROR - Anomaly prediction failed: No models trained yet
2025-09-14 15:24:54,306 - anomaly - ERROR - Anomaly prediction failed: No models trained yet
2025-09-14 15:24:54,306 - anomaly - ERROR - Anomaly prediction failed: No models trained yet
2025-09-14 15:24:54,306 - anomaly - ERROR - Anomaly prediction failed: No models trained yet
2025-09-14 15:24:56,307 - anomaly - ERROR - Anomaly prediction failed: No models trained yet
2025-09-14 15:24:56,308 - anomaly - ERROR - Anomaly prediction failed: No models trained yet
2025-09-14 15:24:56,308 - anomaly - ERROR - Anomaly prediction failed: No models trained yet
2025-09-14 15:24:56,309 - anomaly - ERROR - Anomaly prediction failed: No models trained yet
2025-09-14 15:24:58,310 - anomaly - ERROR - Anomaly prediction failed: No models trained yet
2025-09-14 15:24:58,310 - anomaly - ERROR - Anomaly prediction failed: No models trained yet
2025-09-14 15:24:58,311 - anomaly - ERROR - Anomaly prediction failed: No models trained yet
2025-09-14 15:24:58,311 - anomaly - ERROR - Anomaly prediction failed: No models trained yet
2025-09-14 15:25:00,312 - anomaly - ERROR - Anomaly prediction failed: No models trained yet
2025-09-14 15:25:00,313 - anomaly - ERROR - Anomaly prediction failed: No models trained yet
2025-09-14 15:25:00,313 - anomaly - ERROR - Anomaly prediction failed: No models trained yet
2025-09-14 15:25:00,314 - anomaly - ERROR - Anomaly prediction failed: No models trained yet
2025-09-14 15:25:02,315 - anomaly - ERROR - Anomaly prediction failed: No models trained yet
2025-09-14 15:25:02,315 - anomaly - ERROR - Anomaly prediction failed: No models trained yet
2025-09-14 15:25:02,315 - anomaly - ERROR - Anomaly prediction failed: No models trained yet
2025-09-14 15:25:02,316 - anomaly - ERROR - Anomaly prediction failed: No models trained yet
2025-09-14 15:25:04,316 - anomaly - ERROR - Anomaly prediction failed: No models trained yet
2025-09-14 15:25:04,317 - anomaly - ERROR - Anomaly prediction failed: No models trained yet
2025-09-14 15:25:04,318 - anomaly - ERROR - Anomaly prediction failed: No models trained yet
2025-09-14 15:25:04,318 - anomaly - ERROR - Anomaly prediction failed: No models trained yet
2025-09-14 15:25:06,319 - anomaly - ERROR - Anomaly prediction failed: No models trained yet
2025-09-14 15:25:06,319 - anomaly - ERROR - Anomaly prediction failed: No models trained yet
2025-09-14 15:25:06,320 - anomaly - ERROR - Anomaly prediction failed: No models trained yet
2025-09-14 15:25:06,320 - anomaly - ERROR - Anomaly prediction failed: No models trained yet
2025-09-14 15:25:08,322 - anomaly - ERROR - Anomaly prediction failed: No models trained yet
2025-09-14 15:25:08,323 - anomaly - ERROR - Anomaly prediction failed: No models trained yet
2025-09-14 15:25:08,323 - anomaly - ERROR - Anomaly prediction failed: No models trained yet
2025-09-14 15:25:08,324 - anomaly - ERROR - Anomaly prediction failed: No models trained yet
2025-09-14 15:25:10,325 - anomaly - ERROR - Anomaly prediction failed: No models trained yet
2025-09-14 15:25:10,326 - anomaly - ERROR - Anomaly prediction failed: No models trained yet
2025-09-14 15:25:10,326 - anomaly - ERROR - Anomaly prediction failed: No models trained yet
2025-09-14 15:25:10,326 - anomaly - ERROR - Anomaly prediction failed: No models trained yet
2025-09-14 15:25:12,327 - anomaly - ERROR - Anomaly prediction failed: No models trained yet
2025-09-14 15:25:12,328 - anomaly - ERROR - Anomaly prediction failed: No models trained yet
2025-09-14 15:25:12,328 - anomaly - ERROR - Anomaly prediction failed: No models trained yet
2025-09-14 15:25:12,329 - anomaly - ERROR - Anomaly prediction failed: No models trained yet
2025-09-14 15:25:14,330 - anomaly - ERROR - Anomaly prediction failed: No models trained yet
2025-09-14 15:25:14,331 - anomaly - ERROR - Anomaly prediction failed: No models trained yet
2025-09-14 15:25:14,331 - anomaly - ERROR - Anomaly prediction failed: No models trained yet
2025-09-14 15:25:14,332 - anomaly - ERROR - Anomaly prediction failed: No models trained yet
2025-09-14 15:25:16,333 - anomaly - ERROR - Anomaly prediction failed: No models trained yet
2025-09-14 15:25:16,334 - anomaly - ERROR - Anomaly prediction failed: No models trained yet
2025-09-14 15:25:16,335 - anomaly - ERROR - Anomaly prediction failed: No models trained yet
2025-09-14 15:25:16,335 - anomaly - ERROR - Anomaly prediction failed: No models trained yet
2025-09-14 15:25:18,336 - anomaly - ERROR - Anomaly prediction failed: No models trained yet
2025-09-14 15:25:18,336 - anomaly - ERROR - Anomaly prediction failed: No models trained yet
2025-09-14 15:25:18,337 - anomaly - ERROR - Anomaly prediction failed: No models trained yet
2025-09-14 15:25:18,337 - anomaly - ERROR - Anomaly prediction failed: No models trained yet
2025-09-14 15:25:20,338 - anomaly - ERROR - Anomaly prediction failed: No models trained yet
2025-09-14 15:25:20,339 - anomaly - ERROR - Anomaly prediction failed: No models trained yet
2025-09-14 15:25:20,339 - anomaly - ERROR - Anomaly prediction failed: No models trained yet
2025-09-14 15:25:20,340 - anomaly - ERROR - Anomaly prediction failed: No models trained yet
2025-09-14 15:25:22,341 - anomaly - ERROR - Anomaly prediction failed: No models trained yet
2025-09-14 15:25:22,342 - anomaly - ERROR - Anomaly prediction failed: No models trained yet
2025-09-14 15:25:22,342 - anomaly - ERROR - Anomaly prediction failed: No models trained yet
2025-09-14 15:25:22,342 - anomaly - ERROR - Anomaly prediction failed: No models trained yet
2025-09-14 15:25:24,344 - anomaly - ERROR - Anomaly prediction failed: No models trained yet
2025-09-14 15:25:24,344 - anomaly - ERROR - Anomaly prediction failed: No models trained yet
2025-09-14 15:25:24,345 - anomaly - ERROR - Anomaly prediction failed: No models trained yet
2025-09-14 15:25:24,345 - anomaly - ERROR - Anomaly prediction failed: No models trained yet
2025-09-14 15:25:26,346 - anomaly - ERROR - Anomaly prediction failed: No models trained yet
2025-09-14 15:25:26,347 - anomaly - ERROR - Anomaly prediction failed: No models trained yet
2025-09-14 15:25:26,348 - anomaly - ERROR - Anomaly prediction failed: No models trained yet
2025-09-14 15:25:26,348 - anomaly - ERROR - Anomaly prediction failed: No models trained yet
2025-09-14 15:25:28,350 - anomaly - ERROR - Anomaly prediction failed: No models trained yet
2025-09-14 15:25:28,350 - anomaly - ERROR - Anomaly prediction failed: No models trained yet
2025-09-14 15:25:28,351 - anomaly - ERROR - Anomaly prediction failed: No models trained yet
2025-09-14 15:25:28,351 - anomaly - ERROR - Anomaly prediction failed: No models trained yet
2025-09-14 15:25:30,353 - anomaly - ERROR - Anomaly prediction failed: No models trained yet
2025-09-14 15:25:30,354 - anomaly - ERROR - Anomaly prediction failed: No models trained yet
2025-09-14 15:25:30,354 - anomaly - ERROR - Anomaly prediction failed: No models trained yet
2025-09-14 15:25:30,354 - anomaly - ERROR - Anomaly prediction failed: No models trained yet
2025-09-14 15:25:32,355 - anomaly - ERROR - Anomaly prediction failed: No models trained yet
2025-09-14 15:25:32,356 - anomaly - ERROR - Anomaly prediction failed: No models trained yet
2025-09-14 15:25:32,357 - anomaly - ERROR - Anomaly prediction failed: No models trained yet
2025-09-14 15:25:32,357 - anomaly - ERROR - Anomaly prediction failed: No models trained yet
2025-09-14 15:25:34,358 - anomaly - ERROR - Anomaly prediction failed: No models trained yet
2025-09-14 15:25:34,358 - anomaly - ERROR - Anomaly prediction failed: No models trained yet
2025-09-14 15:25:34,358 - anomaly - ERROR - Anomaly prediction failed: No models trained yet
2025-09-14 15:25:34,359 - anomaly - ERROR - Anomaly prediction failed: No models trained yet
2025-09-14 15:25:36,360 - anomaly - ERROR - Anomaly prediction failed: No models trained yet
2025-09-14 15:25:36,361 - anomaly - ERROR - Anomaly prediction failed: No models trained yet
2025-09-14 15:25:36,361 - anomaly - ERROR - Anomaly prediction failed: No models trained yet
2025-09-14 15:25:36,361 - anomaly - ERROR - Anomaly prediction failed: No models trained yet
2025-09-14 15:25:38,363 - anomaly - ERROR - Anomaly prediction failed: No models trained yet
2025-09-14 15:25:38,363 - anomaly - ERROR - Anomaly prediction failed: No models trained yet
2025-09-14 15:25:38,364 - anomaly - ERROR - Anomaly prediction failed: No models trained yet
2025-09-14 15:25:38,364 - anomaly - ERROR - Anomaly prediction failed: No models trained yet
2025-09-14 15:25:40,366 - anomaly - ERROR - Anomaly prediction failed: No models trained yet
2025-09-14 15:25:40,367 - anomaly - ERROR - Anomaly prediction failed: No models trained yet
2025-09-14 15:25:40,367 - anomaly - ERROR - Anomaly prediction failed: No models trained yet
2025-09-14 15:25:40,368 - anomaly - ERROR - Anomaly prediction failed: No models trained yet
2025-09-14 15:25:42,369 - anomaly - ERROR - Anomaly prediction failed: No models trained yet
2025-09-14 15:25:42,370 - anomaly - ERROR - Anomaly prediction failed: No models trained yet
2025-09-14 15:25:42,370 - anomaly - ERROR - Anomaly prediction failed: No models trained yet
2025-09-14 15:25:42,370 - anomaly - ERROR - Anomaly prediction failed: No models trained yet
2025-09-14 15:25:44,371 - anomaly - ERROR - Anomaly prediction failed: No models trained yet
2025-09-14 15:25:44,372 - anomaly - ERROR - Anomaly prediction failed: No models trained yet
2025-09-14 15:25:44,372 - anomaly - ERROR - Anomaly prediction failed: No models trained yet
2025-09-14 15:25:44,373 - anomaly - ERROR - Anomaly prediction failed: No models trained yet
2025-09-14 15:25:46,374 - anomaly - ERROR - Anomaly prediction failed: No models trained yet
2025-09-14 15:25:46,374 - anomaly - ERROR - Anomaly prediction failed: No models trained yet
2025-09-14 15:25:46,375 - anomaly - ERROR - Anomaly prediction failed: No models trained yet
2025-09-14 15:25:46,375 - anomaly - ERROR - Anomaly prediction failed: No models trained yet
2025-09-14 15:25:48,376 - anomaly - ERROR - Anomaly prediction failed: No models trained yet
2025-09-14 15:25:48,377 - anomaly - ERROR - Anomaly prediction failed: No models trained yet
2025-09-14 15:25:48,378 - anomaly - ERROR - Anomaly prediction failed: No models trained yet
2025-09-14 15:25:48,378 - anomaly - ERROR - Anomaly prediction failed: No models trained yet
2025-09-14 15:25:48,803 - __main__ - INFO - Closing Telemetry Monitor Application
2025-09-14 15:25:50,380 - ingestion - INFO - Telemetry simulation loop ended
2025-09-14 15:25:50,414 - storage - INFO - Background storage loop ended
2025-09-14 15:25:50,417 - storage - INFO - Background storage service stopped
2025-09-14 15:25:50,417 - ingestion - INFO - Database storage service stopped
2025-09-14 15:25:50,417 - ingestion - INFO - Telemetry simulator stopped
